2014-01-27 15:24:56,376: DEBUG: 
2014-01-27 15:24:56,377: DEBUG: vtools init ceu --parent '../' --variants CEU --samples 'RACE=1'
2014-01-27 15:24:56,377: DEBUG: Using temporary directory /tmp/tmpv5XS4q
2014-01-27 15:24:56,377: INFO: variant tools 2.2.0 : Copyright (c) 2011 - 2012 Bo Peng
2014-01-27 15:24:56,378: INFO: San Lucas FA, Wang G, Scheet P, Peng B (2012) Bioinformatics 28(3):421-422
2014-01-27 15:24:56,379: INFO: Please visit http://varianttools.sourceforge.net for more information.
2014-01-27 15:24:56,379: INFO: Creating a new project ceu
2014-01-27 15:24:56,380: DEBUG: Creating core tables
2014-01-27 15:24:58,897: DEBUG: Download resource annoDB/CosmicCodingMuts-v67_20131024.ann
2014-01-27 15:24:59,140: DEBUG: Download resource annoDB/CosmicCodingMuts.ann
2014-01-27 15:24:59,362: DEBUG: Download resource annoDB/CosmicMutantExport-v61_260912.ann
2014-01-27 15:24:59,588: DEBUG: Download resource annoDB/CosmicMutantExport-v67_241013.ann
2014-01-27 15:24:59,816: DEBUG: Download resource annoDB/CosmicMutantExport.ann
2014-01-27 15:25:00,055: DEBUG: Failed to check update: object of type 'NoneType' has no len()
2014-01-27 15:25:02,253: DEBUG: Removing 112 unselected samples
2014-01-27 15:25:28,613: INFO: 3488 variants and 90 samples are copied
2014-01-27 15:26:35,574: DEBUG: 
2014-01-27 15:26:35,574: DEBUG: vtools select variant 'CEU_afGD10>=0.05 AND CEU_afGD10<=0.99' -t 'common_ceu'
2014-01-27 15:26:35,574: DEBUG: Using temporary directory /tmp/tmplyF1M3
2014-01-27 15:26:35,575: DEBUG: Opening project ceu.proj
2014-01-27 15:26:36,497: DEBUG: Running query INSERT INTO common_ceu SELECT DISTINCT variant.variant_id FROM variant   WHERE ((variant.CEU_afGD10 >=0.05 AND variant.CEU_afGD10 <=0.99 ));
2014-01-27 15:26:36,643: INFO: 1474 variants selected.
2014-01-27 15:27:01,995: DEBUG: 
2014-01-27 15:27:01,995: DEBUG: vtools select variant 'CEU_afGD10>=0.01 AND CEU_afGD10<=0.99' -t 'semi_common_ceu'
2014-01-27 15:27:01,996: DEBUG: Using temporary directory /tmp/tmpf_K1WH
2014-01-27 15:27:01,996: DEBUG: Opening project ceu.proj
2014-01-27 15:27:02,617: DEBUG: Running query INSERT INTO semi_common_ceu SELECT DISTINCT variant.variant_id FROM variant   WHERE ((variant.CEU_afGD10 >=0.01 AND variant.CEU_afGD10 <=0.99 ));
2014-01-27 15:27:02,753: INFO: 2399 variants selected.
2014-01-27 15:28:02,938: DEBUG: 
2014-01-27 15:28:02,939: DEBUG: vtools select 'v_funct' 'CEU_afGD10<0.01 OR CEU_afGD10>0.99' -t 'rare_ceu'
2014-01-27 15:28:02,939: DEBUG: Using temporary directory /tmp/tmpPawIU2
2014-01-27 15:28:02,939: DEBUG: Opening project ceu.proj
2014-01-27 15:28:03,584: DEBUG: Running query INSERT INTO rare_ceu SELECT DISTINCT v_funct.variant_id FROM v_funct  LEFT OUTER JOIN variant ON v_funct.variant_id = variant.variant_id  WHERE ((variant.CEU_afGD10 <0.01 OR variant.CEU_afGD10 >0.99 ));
2014-01-27 15:28:03,730: INFO: 660 variants selected.
2014-01-27 15:28:48,014: DEBUG: 
2014-01-27 15:28:48,014: DEBUG: vtools liftover hg19
2014-01-27 15:28:48,015: DEBUG: Using temporary directory /tmp/tmpLcj8yP
2014-01-27 15:28:48,015: DEBUG: Opening project ceu.proj
2014-01-27 15:28:48,308: INFO: Downloading liftOver chain file from UCSC
2014-01-27 15:28:48,795: INFO: Exporting variants in BED format
2014-01-27 15:28:48,855: INFO: Running UCSC liftOver tool
2014-01-27 15:28:55,768: DEBUG: 
2014-01-27 15:28:55,768: DEBUG: vtools use refGene
2014-01-27 15:28:55,769: DEBUG: Using temporary directory /tmp/tmpBMoEkq
2014-01-27 15:28:55,769: DEBUG: Opening project ceu.proj
2014-01-27 15:28:55,774: DEBUG: Loading annotation database refGene.DB
2014-01-27 15:28:57,736: INFO: Using annotation DB refGene as refGene in project ceu.
2014-01-27 15:28:57,738: INFO: refseq Genes
2014-01-27 15:29:09,581: DEBUG: 
2014-01-27 15:29:09,581: DEBUG: vtools show annotation refGene
2014-01-27 15:29:09,582: DEBUG: Using temporary directory /tmp/tmpy7i2YU
2014-01-27 15:29:09,582: DEBUG: Opening project ceu.proj
2014-01-27 15:29:09,585: DEBUG: Loading annotation database refGene.DB as refGene
2014-01-27 15:29:55,710: DEBUG: 
2014-01-27 15:29:55,711: DEBUG: vtools show test
2014-01-27 15:29:55,711: DEBUG: Using temporary directory /tmp/tmpV2fxEP
2014-01-27 15:29:55,711: DEBUG: Opening project ceu.proj
2014-01-27 15:29:55,715: DEBUG: Loading annotation database refGene.DB as refGene
2014-01-27 15:29:55,719: ERROR: Please specify the name of a test
2014-01-27 15:29:57,344: DEBUG: 
2014-01-27 15:29:57,346: DEBUG: vtools show tests
2014-01-27 15:29:57,347: DEBUG: Using temporary directory /tmp/tmpNVkulG
2014-01-27 15:29:57,347: DEBUG: Opening project ceu.proj
2014-01-27 15:29:57,351: DEBUG: Loading annotation database refGene.DB as refGene
2014-01-27 15:30:42,457: DEBUG: 
2014-01-27 15:30:42,457: DEBUG: vtools show test LinRegBurden
2014-01-27 15:30:42,458: DEBUG: Using temporary directory /tmp/tmpVLJaaH
2014-01-27 15:30:42,458: DEBUG: Opening project ceu.proj
2014-01-27 15:30:42,462: DEBUG: Loading annotation database refGene.DB as refGene
2014-01-27 15:31:47,807: DEBUG: 
2014-01-27 15:31:47,807: DEBUG: vtools associate 'common_ceu' BMI --covariate SEX -m 'LinRegBurden --alternative 2' -j8 --to_db 'EA_CV'
2014-01-27 15:31:47,808: DEBUG: Using temporary directory /tmp/tmpixfDe6
2014-01-27 15:31:47,808: DEBUG: Opening project ceu.proj
2014-01-27 15:31:47,812: DEBUG: Loading annotation database refGene.DB as refGene
2014-01-27 15:31:47,835: DEBUG: Select phenotype and covariates using query SELECT sample_id, sample_name, BMI, SEX FROM sample LEFT OUTER JOIN filename ON sample.file_id = filename.file_id WHERE BMI IS NOT NULL AND SEX IS NOT NULL
2014-01-27 15:31:47,836: INFO: 90 samples are found
2014-01-27 15:31:47,971: DEBUG: Running query INSERT INTO __asso_tmp SELECT DISTINCT common_ceu.variant_id, 0, variant.chr ,variant.pos  FROM common_ceu, variant WHERE (common_ceu.variant_id = variant.variant_id);
2014-01-27 15:31:48,282: INFO: 1474 groups are found
2014-01-27 15:31:48,284: DEBUG: Creating EA_CV_field table
2014-01-27 15:31:48,551: DEBUG: Creating EA_CV_info table
2014-01-27 15:31:48,819: DEBUG: Creating table EA_CV
2014-01-27 15:31:48,820: DEBUG: Creating annotation table EA_CV using query
CREATE TABLE IF NOT EXISTS EA_CV (variant_chr VARCHAR(20) NULL,
variant_pos INTEGER NULL,
sample_size_LinRegBurden INT,
num_variants_LinRegBurden INT,
total_mac_LinRegBurden INT,
beta_x_LinRegBurden FLOAT,
pvalue_LinRegBurden FLOAT,
wald_x_LinRegBurden FLOAT,
beta_2_LinRegBurden FLOAT,
beta_2_pvalue_LinRegBurden FLOAT,
wald_2_LinRegBurden FLOAT);
2014-01-27 15:31:49,008: DEBUG: Loader 0 is ready
2014-01-27 15:31:50,043: DEBUG: Loader 1 is ready
2014-01-27 15:31:50,890: DEBUG: Loader 2 is ready
2014-01-27 15:31:51,802: DEBUG: Loader 3 is ready
2014-01-27 15:31:52,011: DEBUG: Loader 4 is ready
2014-01-27 15:31:52,218: DEBUG: Loader 5 is ready
2014-01-27 15:31:53,112: DEBUG: Loader 6 is ready
2014-01-27 15:31:54,009: INFO: Starting 8 processes to load genotypes
2014-01-27 15:31:54,636: DEBUG: Loader 7 is ready
2014-01-27 15:31:59,996: DEBUG: Creating indexes for 90 genotype tables
2014-01-27 15:32:05,027: ERROR: database is locked
2014-01-27 15:36:24,684: DEBUG: 
2014-01-27 15:36:24,684: DEBUG: vtools associate 'common_ceu' BMI --covariate SEX -m 'LinRegBurden --alternative 2' -j8 --to_db 'EA_CV'
2014-01-27 15:36:24,685: DEBUG: Using temporary directory /tmp/tmpVeMqDr
2014-01-27 15:36:24,685: DEBUG: Opening project ceu.proj
2014-01-27 15:36:24,689: DEBUG: Loading annotation database refGene.DB as refGene
2014-01-27 15:36:24,829: DEBUG: Select phenotype and covariates using query SELECT sample_id, sample_name, BMI, SEX FROM sample LEFT OUTER JOIN filename ON sample.file_id = filename.file_id WHERE BMI IS NOT NULL AND SEX IS NOT NULL
2014-01-27 15:36:24,832: INFO: 90 samples are found
2014-01-27 15:36:25,116: DEBUG: Running query INSERT INTO __asso_tmp SELECT DISTINCT common_ceu.variant_id, 0, variant.chr ,variant.pos  FROM common_ceu, variant WHERE (common_ceu.variant_id = variant.variant_id);
2014-01-27 15:36:25,496: INFO: 1474 groups are found
2014-01-27 15:36:25,565: DEBUG: Loader 0 is ready
2014-01-27 15:36:26,555: DEBUG: Loader 1 is ready
2014-01-27 15:36:27,477: DEBUG: Loader 2 is ready
2014-01-27 15:36:29,145: DEBUG: Loader 3 is ready
2014-01-27 15:36:29,947: DEBUG: Loader 4 is ready
2014-01-27 15:36:30,570: INFO: Starting 8 processes to load genotypes
2014-01-27 15:36:30,950: DEBUG: Loader 5 is ready
2014-01-27 15:36:31,658: DEBUG: Loader 6 is ready
2014-01-27 15:36:32,635: DEBUG: Loader 7 is ready
2014-01-27 15:36:42,000: DEBUG: In '19:12117912', 2 out of 90 samples will be removed due to having more than 100.0% missing genotypes
2014-01-27 15:36:42,007: DEBUG: In '15:83184644', 38 out of 90 samples will be removed due to having more than 100.0% missing genotypes
2014-01-27 15:36:42,082: DEBUG: In '19:51135726', 71 out of 90 samples will be removed due to having more than 100.0% missing genotypes
2014-01-27 15:36:42,091: DEBUG: In '12:131933735', 10 out of 90 samples will be removed due to having more than 100.0% missing genotypes
2014-01-27 15:36:42,121: DEBUG: In '6:90453853', 6 out of 90 samples will be removed due to having more than 100.0% missing genotypes
2014-01-27 15:36:42,140: DEBUG: In '2:237923553', 16 out of 90 samples will be removed due to having more than 100.0% missing genotypes
2014-01-27 15:36:42,166: DEBUG: In '10:49090072', 3 out of 90 samples will be removed due to having more than 100.0% missing genotypes
2014-01-27 15:36:42,176: DEBUG: In '22:29194610', 8 out of 90 samples will be removed due to having more than 100.0% missing genotypes
2014-01-27 15:36:42,190: DEBUG: In '17:9733597', 18 out of 90 samples will be removed due to having more than 100.0% missing genotypes
2014-01-27 15:36:42,212: DEBUG: In '17:30293761', 19 out of 90 samples will be removed due to having more than 100.0% missing genotypes
2014-01-27 15:36:42,221: DEBUG: In '4:6026439', 42 out of 90 samples will be removed due to having more than 100.0% missing genotypes
2014-01-27 15:36:42,236: DEBUG: In '10:46507377', 2 out of 90 samples will be removed due to having more than 100.0% missing genotypes
2014-01-27 15:36:42,253: DEBUG: In '14:20619654', 78 out of 90 samples will be removed due to having more than 100.0% missing genotypes
2014-01-27 15:36:42,277: DEBUG: In '1:200359203', 3 out of 90 samples will be removed due to having more than 100.0% missing genotypes
2014-01-27 15:36:42,284: DEBUG: In '16:56293401', 19 out of 90 samples will be removed due to having more than 100.0% missing genotypes
2014-01-27 15:36:42,300: DEBUG: In '14:95940857', 8 out of 90 samples will be removed due to having more than 100.0% missing genotypes
2014-01-27 15:36:42,325: DEBUG: In '11:100368564', 10 out of 90 samples will be removed due to having more than 100.0% missing genotypes
2014-01-27 15:36:42,332: DEBUG: In '20:61663889', 54 out of 90 samples will be removed due to having more than 100.0% missing genotypes
2014-01-27 15:36:42,356: DEBUG: In '14:21030809', 29 out of 90 samples will be removed due to having more than 100.0% missing genotypes
2014-01-27 15:36:42,396: DEBUG: In '1:207865876', 36 out of 90 samples will be removed due to having more than 100.0% missing genotypes
2014-01-27 15:36:42,428: DEBUG: In '3:143986295', 7 out of 90 samples will be removed due to having more than 100.0% missing genotypes
2014-01-27 15:36:42,445: DEBUG: In '7:150378870', 61 out of 90 samples will be removed due to having more than 100.0% missing genotypes
2014-01-27 15:36:42,452: DEBUG: In '19:5163380', 28 out of 90 samples will be removed due to having more than 100.0% missing genotypes
2014-01-27 15:36:42,459: DEBUG: In '20:20092772', 2 out of 90 samples will be removed due to having more than 100.0% missing genotypes
2014-01-27 15:36:42,484: DEBUG: In '5:149341414', 2 out of 90 samples will be removed due to having more than 100.0% missing genotypes
2014-01-27 15:36:42,501: DEBUG: In '20:61665664', 71 out of 90 samples will be removed due to having more than 100.0% missing genotypes
2014-01-27 15:36:42,509: DEBUG: In '9:125259935', 26 out of 90 samples will be removed due to having more than 100.0% missing genotypes
2014-01-27 15:36:42,524: DEBUG: In '17:77949476', 52 out of 90 samples will be removed due to having more than 100.0% missing genotypes
2014-01-27 15:36:42,541: DEBUG: In '10:97164259', 28 out of 90 samples will be removed due to having more than 100.0% missing genotypes
2014-01-27 15:36:42,565: DEBUG: In '19:15713872', 10 out of 90 samples will be removed due to having more than 100.0% missing genotypes
2014-01-27 15:36:42,576: DEBUG: In '2:234266930', 3 out of 90 samples will be removed due to having more than 100.0% missing genotypes
2014-01-27 15:36:42,585: DEBUG: In '10:50351039', 11 out of 90 samples will be removed due to having more than 100.0% missing genotypes
2014-01-27 15:36:42,608: DEBUG: In '20:61665157', 74 out of 90 samples will be removed due to having more than 100.0% missing genotypes
2014-01-27 15:36:42,633: DEBUG: In '17:59254929', 25 out of 90 samples will be removed due to having more than 100.0% missing genotypes
2014-01-27 15:36:42,641: DEBUG: In '9:702060', 3 out of 90 samples will be removed due to having more than 100.0% missing genotypes
2014-01-27 15:36:42,649: DEBUG: In '11:85113378', 2 out of 90 samples will be removed due to having more than 100.0% missing genotypes
2014-01-27 15:36:42,657: DEBUG: In '22:18349075', 53 out of 90 samples will be removed due to having more than 100.0% missing genotypes
2014-01-27 15:36:42,696: DEBUG: In '20:61666116', 64 out of 90 samples will be removed due to having more than 100.0% missing genotypes
2014-01-27 15:36:42,699: DEBUG: In '20:61662002', 55 out of 90 samples will be removed due to having more than 100.0% missing genotypes
2014-01-27 15:36:42,709: DEBUG: In '14:101638049', 1 out of 90 samples will be removed due to having more than 100.0% missing genotypes
2014-01-27 15:36:42,724: DEBUG: In '12:131722655', 9 out of 90 samples will be removed due to having more than 100.0% missing genotypes
2014-01-27 15:36:42,749: DEBUG: In '11:11305245', 13 out of 90 samples will be removed due to having more than 100.0% missing genotypes
2014-01-27 15:36:42,765: DEBUG: In '1:149003844', 3 out of 90 samples will be removed due to having more than 100.0% missing genotypes
2014-01-27 15:36:42,788: DEBUG: In '2:230745860', 19 out of 90 samples will be removed due to having more than 100.0% missing genotypes
2014-01-27 15:36:42,798: DEBUG: In '15:83277445', 12 out of 90 samples will be removed due to having more than 100.0% missing genotypes
2014-01-27 15:36:42,805: DEBUG: In '15:59989774', 25 out of 90 samples will be removed due to having more than 100.0% missing genotypes
2014-01-27 15:36:42,829: DEBUG: In '11:6899271', 1 out of 90 samples will be removed due to having more than 100.0% missing genotypes
2014-01-27 15:36:42,837: DEBUG: In '1:71285231', 45 out of 90 samples will be removed due to having more than 100.0% missing genotypes
2014-01-27 15:36:42,853: DEBUG: In '14:34401039', 1 out of 90 samples will be removed due to having more than 100.0% missing genotypes
2014-01-27 15:36:42,881: DEBUG: In '17:36190185', 2 out of 90 samples will be removed due to having more than 100.0% missing genotypes
2014-01-27 15:36:42,905: DEBUG: In '15:48013605', 9 out of 90 samples will be removed due to having more than 100.0% missing genotypes
2014-01-27 15:36:42,921: DEBUG: In '4:104301798', 25 out of 90 samples will be removed due to having more than 100.0% missing genotypes
2014-01-27 15:36:42,930: DEBUG: In '12:74186855', 6 out of 90 samples will be removed due to having more than 100.0% missing genotypes
2014-01-27 15:36:42,977: DEBUG: In '3:106921716', 4 out of 90 samples will be removed due to having more than 100.0% missing genotypes
2014-01-27 15:36:42,989: DEBUG: In '5:171414211', 46 out of 90 samples will be removed due to having more than 100.0% missing genotypes
2014-01-27 15:36:43,001: DEBUG: In '11:55814773', 2 out of 90 samples will be removed due to having more than 100.0% missing genotypes
2014-01-27 15:36:43,023: DEBUG: In '2:230745104', 11 out of 90 samples will be removed due to having more than 100.0% missing genotypes
2014-01-27 15:36:43,052: DEBUG: In '12:131933768', 12 out of 90 samples will be removed due to having more than 100.0% missing genotypes
2014-01-27 15:36:43,061: DEBUG: In '12:131719052', 4 out of 90 samples will be removed due to having more than 100.0% missing genotypes
2014-01-27 15:36:43,107: DEBUG: In '20:20027360', 3 out of 90 samples will be removed due to having more than 100.0% missing genotypes
2014-01-27 15:36:43,109: DEBUG: In '14:54579863', 2 out of 90 samples will be removed due to having more than 100.0% missing genotypes
2014-01-27 15:36:43,086: DEBUG: In '14:67263484', 5 out of 90 samples will be removed due to having more than 100.0% missing genotypes
2014-01-27 15:36:43,133: DEBUG: In '4:89991324', 4 out of 90 samples will be removed due to having more than 100.0% missing genotypes
2014-01-27 15:36:43,149: DEBUG: In '10:46506984', 1 out of 90 samples will be removed due to having more than 100.0% missing genotypes
2014-01-27 15:36:43,164: DEBUG: In '11:6459356', 30 out of 90 samples will be removed due to having more than 100.0% missing genotypes
2014-01-27 15:36:43,184: DEBUG: In '1:76042048', 14 out of 90 samples will be removed due to having more than 100.0% missing genotypes
2014-01-27 15:36:43,198: DEBUG: In '8:121285172', 4 out of 90 samples will be removed due to having more than 100.0% missing genotypes
2014-01-27 15:36:43,264: DEBUG: In '17:35175785', 2 out of 90 samples will be removed due to having more than 100.0% missing genotypes
2014-01-27 15:36:43,273: DEBUG: In '18:32652912', 5 out of 90 samples will be removed due to having more than 100.0% missing genotypes
2014-01-27 15:36:43,234: DEBUG: In '19:18358137', 25 out of 90 samples will be removed due to having more than 100.0% missing genotypes
2014-01-27 15:36:43,303: DEBUG: In '1:153293566', 23 out of 90 samples will be removed due to having more than 100.0% missing genotypes
2014-01-27 15:36:43,304: DEBUG: In '17:36191842', 4 out of 90 samples will be removed due to having more than 100.0% missing genotypes
2014-01-27 15:36:43,338: DEBUG: In '6:7176842', 44 out of 90 samples will be removed due to having more than 100.0% missing genotypes
2014-01-27 15:36:43,360: DEBUG: In '1:159434628', 39 out of 90 samples will be removed due to having more than 100.0% missing genotypes
2014-01-27 15:36:43,401: DEBUG: In '10:117065165', 7 out of 90 samples will be removed due to having more than 100.0% missing genotypes
2014-01-27 15:36:43,408: DEBUG: In '13:97627218', 53 out of 90 samples will be removed due to having more than 100.0% missing genotypes
2014-01-27 15:36:43,416: DEBUG: In '19:963120', 62 out of 90 samples will be removed due to having more than 100.0% missing genotypes
2014-01-27 15:36:43,406: DEBUG: In '17:55510846', 52 out of 90 samples will be removed due to having more than 100.0% missing genotypes
2014-01-27 15:36:43,439: DEBUG: In '4:130252293', 19 out of 90 samples will be removed due to having more than 100.0% missing genotypes
2014-01-27 15:36:43,452: DEBUG: In '4:178511688', 8 out of 90 samples will be removed due to having more than 100.0% missing genotypes
2014-01-27 15:36:43,460: DEBUG: In '6:36088099', 4 out of 90 samples will be removed due to having more than 100.0% missing genotypes
2014-01-27 15:36:43,462: DEBUG: In '19:18360238', 71 out of 90 samples will be removed due to having more than 100.0% missing genotypes
2014-01-27 15:36:43,469: DEBUG: In '4:87134872', 3 out of 90 samples will be removed due to having more than 100.0% missing genotypes
2014-01-27 15:36:43,473: DEBUG: In '5:76744743', 2 out of 90 samples will be removed due to having more than 100.0% missing genotypes
2014-01-27 15:36:43,477: DEBUG: In '4:1378429', 60 out of 90 samples will be removed due to having more than 100.0% missing genotypes
2014-01-27 15:36:43,493: DEBUG: In '3:122918311', 18 out of 90 samples will be removed due to having more than 100.0% missing genotypes
2014-01-27 15:36:43,465: DEBUG: In '15:84085346', 43 out of 90 samples will be removed due to having more than 100.0% missing genotypes
2014-01-27 15:36:43,513: DEBUG: In '21:39113301', 8 out of 90 samples will be removed due to having more than 100.0% missing genotypes
2014-01-27 15:36:43,517: DEBUG: In '1:3537996', 46 out of 90 samples will be removed due to having more than 100.0% missing genotypes
2014-01-27 15:36:43,520: DEBUG: In '20:20180356', 10 out of 90 samples will be removed due to having more than 100.0% missing genotypes
2014-01-27 15:36:43,529: DEBUG: In '22:29283295', 45 out of 90 samples will be removed due to having more than 100.0% missing genotypes
2014-01-27 15:36:43,533: DEBUG: In '17:27558083', 9 out of 90 samples will be removed due to having more than 100.0% missing genotypes
2014-01-27 15:36:43,537: DEBUG: In '6:31947310', 30 out of 90 samples will be removed due to having more than 100.0% missing genotypes
2014-01-27 15:36:43,540: DEBUG: In '2:220110924', 55 out of 90 samples will be removed due to having more than 100.0% missing genotypes
2014-01-27 15:36:43,557: DEBUG: In '17:17350285', 51 out of 90 samples will be removed due to having more than 100.0% missing genotypes
2014-01-27 15:36:43,576: DEBUG: In '6:30018381', 80 out of 90 samples will be removed due to having more than 100.0% missing genotypes
2014-01-27 15:36:43,580: DEBUG: In '13:44461464', 39 out of 90 samples will be removed due to having more than 100.0% missing genotypes
2014-01-27 15:36:43,584: DEBUG: In '2:237908203', 9 out of 90 samples will be removed due to having more than 100.0% missing genotypes
2014-01-27 15:36:43,589: DEBUG: In '1:202855724', 39 out of 90 samples will be removed due to having more than 100.0% missing genotypes
2014-01-27 15:36:43,605: DEBUG: In '15:88597562', 9 out of 90 samples will be removed due to having more than 100.0% missing genotypes
2014-01-27 15:36:43,608: DEBUG: In '6:31950577', 12 out of 90 samples will be removed due to having more than 100.0% missing genotypes
2014-01-27 15:36:43,633: DEBUG: In '8:130844079', 20 out of 90 samples will be removed due to having more than 100.0% missing genotypes
2014-01-27 15:36:43,635: DEBUG: In '14:20619733', 69 out of 90 samples will be removed due to having more than 100.0% missing genotypes
2014-01-27 15:36:43,639: DEBUG: In '16:2080011', 50 out of 90 samples will be removed due to having more than 100.0% missing genotypes
2014-01-27 15:36:43,645: DEBUG: In '5:133915679', 8 out of 90 samples will be removed due to having more than 100.0% missing genotypes
2014-01-27 15:36:43,652: DEBUG: In '6:30019065', 66 out of 90 samples will be removed due to having more than 100.0% missing genotypes
2014-01-27 15:36:43,660: DEBUG: In '20:61664572', 59 out of 90 samples will be removed due to having more than 100.0% missing genotypes
2014-01-27 15:36:43,672: DEBUG: In '11:107888886', 2 out of 90 samples will be removed due to having more than 100.0% missing genotypes
2014-01-27 15:36:43,686: DEBUG: In '12:95569612', 11 out of 90 samples will be removed due to having more than 100.0% missing genotypes
2014-01-27 15:36:43,689: DEBUG: In '22:29821332', 13 out of 90 samples will be removed due to having more than 100.0% missing genotypes
2014-01-27 15:36:43,697: DEBUG: In '10:69336604', 8 out of 90 samples will be removed due to having more than 100.0% missing genotypes
2014-01-27 15:36:43,699: DEBUG: In '6:30018517', 83 out of 90 samples will be removed due to having more than 100.0% missing genotypes
2014-01-27 15:36:43,709: DEBUG: In '19:41014110', 12 out of 90 samples will be removed due to having more than 100.0% missing genotypes
2014-01-27 15:36:43,712: DEBUG: In '6:90554310', 6 out of 90 samples will be removed due to having more than 100.0% missing genotypes
2014-01-27 15:36:43,717: DEBUG: In '3:185503236', 9 out of 90 samples will be removed due to having more than 100.0% missing genotypes
2014-01-27 15:36:43,732: DEBUG: In '2:37433441', 3 out of 90 samples will be removed due to having more than 100.0% missing genotypes
2014-01-27 15:36:43,741: DEBUG: In '15:60041083', 5 out of 90 samples will be removed due to having more than 100.0% missing genotypes
2014-01-27 15:36:43,752: DEBUG: In '4:40472903', 15 out of 90 samples will be removed due to having more than 100.0% missing genotypes
2014-01-27 15:36:43,756: DEBUG: In '18:9877433', 80 out of 90 samples will be removed due to having more than 100.0% missing genotypes
2014-01-27 15:36:43,758: DEBUG: In '1:208035307', 3 out of 90 samples will be removed due to having more than 100.0% missing genotypes
2014-01-27 15:36:43,769: DEBUG: In '19:61627339', 25 out of 90 samples will be removed due to having more than 100.0% missing genotypes
2014-01-27 15:36:43,781: DEBUG: In '2:233369090', 4 out of 90 samples will be removed due to having more than 100.0% missing genotypes
2014-01-27 15:36:43,788: DEBUG: In '19:48994906', 52 out of 90 samples will be removed due to having more than 100.0% missing genotypes
2014-01-27 15:36:43,793: DEBUG: In '13:38320624', 4 out of 90 samples will be removed due to having more than 100.0% missing genotypes
2014-01-27 15:36:43,797: DEBUG: In '9:106400647', 19 out of 90 samples will be removed due to having more than 100.0% missing genotypes
2014-01-27 15:36:43,805: DEBUG: In '5:141290008', 5 out of 90 samples will be removed due to having more than 100.0% missing genotypes
2014-01-27 15:36:43,812: DEBUG: In '6:30020365', 54 out of 90 samples will be removed due to having more than 100.0% missing genotypes
2014-01-27 15:36:43,817: DEBUG: In '8:33535731', 3 out of 90 samples will be removed due to having more than 100.0% missing genotypes
2014-01-27 15:36:43,833: DEBUG: In '7:94878952', 18 out of 90 samples will be removed due to having more than 100.0% missing genotypes
2014-01-27 15:36:43,845: DEBUG: In '11:5522627', 4 out of 90 samples will be removed due to having more than 100.0% missing genotypes
2014-01-27 15:36:43,853: DEBUG: In '19:59356021', 12 out of 90 samples will be removed due to having more than 100.0% missing genotypes
2014-01-27 15:36:43,856: DEBUG: In '7:72486435', 69 out of 90 samples will be removed due to having more than 100.0% missing genotypes
2014-01-27 15:36:43,860: DEBUG: In '12:93067637', 55 out of 90 samples will be removed due to having more than 100.0% missing genotypes
2014-01-27 15:36:43,868: DEBUG: In '20:61664474', 53 out of 90 samples will be removed due to having more than 100.0% missing genotypes
2014-01-27 15:36:43,877: DEBUG: In '3:144007548', 7 out of 90 samples will be removed due to having more than 100.0% missing genotypes
2014-01-27 15:36:43,880: DEBUG: In '11:418385', 41 out of 90 samples will be removed due to having more than 100.0% missing genotypes
2014-01-27 15:36:43,896: DEBUG: In '20:61666464', 52 out of 90 samples will be removed due to having more than 100.0% missing genotypes
2014-01-27 15:36:43,909: DEBUG: In '4:95725865', 10 out of 90 samples will be removed due to having more than 100.0% missing genotypes
2014-01-27 15:36:43,917: DEBUG: In '10:51672986', 1 out of 90 samples will be removed due to having more than 100.0% missing genotypes
2014-01-27 15:36:43,921: DEBUG: In '12:100632432', 13 out of 90 samples will be removed due to having more than 100.0% missing genotypes
2014-01-27 15:36:43,894: DEBUG: In '6:131562348', 7 out of 90 samples will be removed due to having more than 100.0% missing genotypes
2014-01-27 15:36:43,933: DEBUG: In '3:38325483', 5 out of 90 samples will be removed due to having more than 100.0% missing genotypes
2014-01-27 15:36:43,937: DEBUG: In '5:149341070', 1 out of 90 samples will be removed due to having more than 100.0% missing genotypes
2014-01-27 15:36:43,957: DEBUG: In '7:149848181', 1 out of 90 samples will be removed due to having more than 100.0% missing genotypes
2014-01-27 15:36:43,961: DEBUG: In '11:280891', 46 out of 90 samples will be removed due to having more than 100.0% missing genotypes
2014-01-27 15:36:43,976: DEBUG: In '7:129809277', 6 out of 90 samples will be removed due to having more than 100.0% missing genotypes
2014-01-27 15:36:43,982: DEBUG: In '6:30051014', 33 out of 90 samples will be removed due to having more than 100.0% missing genotypes
2014-01-27 15:36:43,989: DEBUG: In '5:175704814', 6 out of 90 samples will be removed due to having more than 100.0% missing genotypes
2014-01-27 15:36:44,001: DEBUG: In '16:56289513', 15 out of 90 samples will be removed due to having more than 100.0% missing genotypes
2014-01-27 15:36:44,017: DEBUG: In '7:156454985', 5 out of 90 samples will be removed due to having more than 100.0% missing genotypes
2014-01-27 15:36:44,022: DEBUG: In '9:98037631', 7 out of 90 samples will be removed due to having more than 100.0% missing genotypes
2014-01-27 15:36:44,029: DEBUG: In '5:216266', 50 out of 90 samples will be removed due to having more than 100.0% missing genotypes
2014-01-27 15:36:44,040: DEBUG: In '19:21398269', 71 out of 90 samples will be removed due to having more than 100.0% missing genotypes
2014-01-27 15:36:44,044: DEBUG: In '22:38747766', 53 out of 90 samples will be removed due to having more than 100.0% missing genotypes
2014-01-27 15:36:44,057: DEBUG: In '18:26976037', 12 out of 90 samples will be removed due to having more than 100.0% missing genotypes
2014-01-27 15:36:44,068: DEBUG: In '1:113044571', 18 out of 90 samples will be removed due to having more than 100.0% missing genotypes
2014-01-27 15:36:44,072: DEBUG: In '7:2257048', 18 out of 90 samples will be removed due to having more than 100.0% missing genotypes
2014-01-27 15:36:44,082: DEBUG: In '8:64101318', 5 out of 90 samples will be removed due to having more than 100.0% missing genotypes
2014-01-27 15:36:44,085: DEBUG: In '6:31711989', 14 out of 90 samples will be removed due to having more than 100.0% missing genotypes
2014-01-27 15:36:44,093: DEBUG: In '2:160451286', 27 out of 90 samples will be removed due to having more than 100.0% missing genotypes
2014-01-27 15:36:44,101: DEBUG: In '10:133997162', 8 out of 90 samples will be removed due to having more than 100.0% missing genotypes
2014-01-27 15:36:44,108: DEBUG: In '15:83926308', 23 out of 90 samples will be removed due to having more than 100.0% missing genotypes
2014-01-27 15:36:44,117: DEBUG: In '18:9877857', 1 out of 90 samples will be removed due to having more than 100.0% missing genotypes
2014-01-27 15:36:44,125: DEBUG: In '5:140690889', 2 out of 90 samples will be removed due to having more than 100.0% missing genotypes
2014-01-27 15:36:44,132: DEBUG: In '22:43691009', 68 out of 90 samples will be removed due to having more than 100.0% missing genotypes
2014-01-27 15:36:44,136: DEBUG: In '4:6017702', 4 out of 90 samples will be removed due to having more than 100.0% missing genotypes
2014-01-27 15:36:44,145: DEBUG: In '3:33149160', 15 out of 90 samples will be removed due to having more than 100.0% missing genotypes
2014-01-27 15:36:44,164: DEBUG: In '7:5993301', 50 out of 90 samples will be removed due to having more than 100.0% missing genotypes
2014-01-27 15:36:44,175: DEBUG: In '19:18360151', 60 out of 90 samples will be removed due to having more than 100.0% missing genotypes
2014-01-27 15:36:44,184: DEBUG: In '14:38970908', 77 out of 90 samples will be removed due to having more than 100.0% missing genotypes
2014-01-27 15:36:44,187: DEBUG: In '15:73719184', 41 out of 90 samples will be removed due to having more than 100.0% missing genotypes
2014-01-27 15:36:44,196: DEBUG: In '18:9211883', 5 out of 90 samples will be removed due to having more than 100.0% missing genotypes
2014-01-27 15:36:44,205: DEBUG: In '14:20620909', 8 out of 90 samples will be removed due to having more than 100.0% missing genotypes
2014-01-27 15:36:44,207: DEBUG: In '11:113898862', 10 out of 90 samples will be removed due to having more than 100.0% missing genotypes
2014-01-27 15:36:44,213: DEBUG: In '11:107914994', 4 out of 90 samples will be removed due to having more than 100.0% missing genotypes
2014-01-27 15:36:44,233: DEBUG: In '14:23685275', 4 out of 90 samples will be removed due to having more than 100.0% missing genotypes
2014-01-27 15:36:44,234: DEBUG: In '1:203539606', 24 out of 90 samples will be removed due to having more than 100.0% missing genotypes
2014-01-27 15:36:44,245: DEBUG: In '1:114317240', 18 out of 90 samples will be removed due to having more than 100.0% missing genotypes
2014-01-27 15:36:44,253: DEBUG: In '17:8157193', 32 out of 90 samples will be removed due to having more than 100.0% missing genotypes
2014-01-27 15:36:44,256: DEBUG: In '4:178511744', 6 out of 90 samples will be removed due to having more than 100.0% missing genotypes
2014-01-27 15:36:44,259: DEBUG: In '5:175950245', 15 out of 90 samples will be removed due to having more than 100.0% missing genotypes
2014-01-27 15:36:44,269: DEBUG: In '1:151015715', 58 out of 90 samples will be removed due to having more than 100.0% missing genotypes
2014-01-27 15:36:44,272: DEBUG: In '6:30021021', 56 out of 90 samples will be removed due to having more than 100.0% missing genotypes
2014-01-27 15:36:44,281: DEBUG: In '17:77966741', 40 out of 90 samples will be removed due to having more than 100.0% missing genotypes
2014-01-27 15:36:44,286: DEBUG: In '15:83925972', 11 out of 90 samples will be removed due to having more than 100.0% missing genotypes
2014-01-27 15:36:44,304: DEBUG: In '10:82024834', 38 out of 90 samples will be removed due to having more than 100.0% missing genotypes
2014-01-27 15:36:44,308: DEBUG: In '12:56296430', 11 out of 90 samples will be removed due to having more than 100.0% missing genotypes
2014-01-27 15:36:44,321: DEBUG: In '6:31702607', 7 out of 90 samples will be removed due to having more than 100.0% missing genotypes
2014-01-27 15:36:44,325: DEBUG: In '2:240714953', 4 out of 90 samples will be removed due to having more than 100.0% missing genotypes
2014-01-27 15:36:44,333: DEBUG: In '8:71755979', 11 out of 90 samples will be removed due to having more than 100.0% missing genotypes
2014-01-27 15:36:44,337: DEBUG: In '12:51290870', 47 out of 90 samples will be removed due to having more than 100.0% missing genotypes
2014-01-27 15:36:44,345: DEBUG: In '10:70366719', 28 out of 90 samples will be removed due to having more than 100.0% missing genotypes
2014-01-27 15:36:44,348: DEBUG: In '4:7831482', 15 out of 90 samples will be removed due to having more than 100.0% missing genotypes
2014-01-27 15:36:44,361: DEBUG: In '15:83924928', 3 out of 90 samples will be removed due to having more than 100.0% missing genotypes
2014-01-27 15:36:44,372: DEBUG: In '4:130250094', 14 out of 90 samples will be removed due to having more than 100.0% missing genotypes
2014-01-27 15:36:44,384: DEBUG: In '11:17365645', 23 out of 90 samples will be removed due to having more than 100.0% missing genotypes
2014-01-27 15:36:44,388: DEBUG: In '4:104285910', 24 out of 90 samples will be removed due to having more than 100.0% missing genotypes
2014-01-27 15:36:44,396: DEBUG: In '5:140561694', 48 out of 90 samples will be removed due to having more than 100.0% missing genotypes
2014-01-27 15:36:44,404: DEBUG: In '5:102548299', 7 out of 90 samples will be removed due to having more than 100.0% missing genotypes
2014-01-27 15:36:44,412: DEBUG: In '1:40510176', 19 out of 90 samples will be removed due to having more than 100.0% missing genotypes
2014-01-27 15:36:44,424: DEBUG: In '20:3076578', 1 out of 90 samples will be removed due to having more than 100.0% missing genotypes
2014-01-27 15:36:44,437: DEBUG: In '3:57503543', 11 out of 90 samples will be removed due to having more than 100.0% missing genotypes
2014-01-27 15:36:44,445: DEBUG: In '15:56043419', 3 out of 90 samples will be removed due to having more than 100.0% missing genotypes
2014-01-27 15:36:44,446: DEBUG: In '1:25442668', 9 out of 90 samples will be removed due to having more than 100.0% missing genotypes
2014-01-27 15:36:44,456: DEBUG: In '9:135328401', 51 out of 90 samples will be removed due to having more than 100.0% missing genotypes
2014-01-27 15:36:44,461: DEBUG: In '5:175950061', 26 out of 90 samples will be removed due to having more than 100.0% missing genotypes
2014-01-27 15:36:44,471: DEBUG: In '12:131945789', 13 out of 90 samples will be removed due to having more than 100.0% missing genotypes
2014-01-27 15:36:44,481: DEBUG: In '2:102797836', 13 out of 90 samples will be removed due to having more than 100.0% missing genotypes
2014-01-27 15:36:44,485: DEBUG: In '18:43820274', 41 out of 90 samples will be removed due to having more than 100.0% missing genotypes
2014-01-27 15:36:44,491: DEBUG: In '1:203539549', 26 out of 90 samples will be removed due to having more than 100.0% missing genotypes
2014-01-27 15:36:44,497: DEBUG: In '17:36981576', 36 out of 90 samples will be removed due to having more than 100.0% missing genotypes
2014-01-27 15:36:44,501: DEBUG: In '3:24159999', 2 out of 90 samples will be removed due to having more than 100.0% missing genotypes
2014-01-27 15:36:44,508: DEBUG: In '8:98857437', 55 out of 90 samples will be removed due to having more than 100.0% missing genotypes
2014-01-27 15:36:44,525: DEBUG: In '3:128861960', 13 out of 90 samples will be removed due to having more than 100.0% missing genotypes
2014-01-27 15:36:44,537: DEBUG: In '1:52845042', 10 out of 90 samples will be removed due to having more than 100.0% missing genotypes
2014-01-27 15:36:44,545: DEBUG: In '12:132098053', 9 out of 90 samples will be removed due to having more than 100.0% missing genotypes
2014-01-27 15:36:44,549: DEBUG: In '1:170814088', 10 out of 90 samples will be removed due to having more than 100.0% missing genotypes
2014-01-27 15:36:44,522: DEBUG: In '1:34435795', 4 out of 90 samples will be removed due to having more than 100.0% missing genotypes
2014-01-27 15:36:44,561: DEBUG: In '18:46054177', 21 out of 90 samples will be removed due to having more than 100.0% missing genotypes
2014-01-27 15:36:44,565: DEBUG: In '10:129580827', 9 out of 90 samples will be removed due to having more than 100.0% missing genotypes
2014-01-27 15:36:44,572: DEBUG: In '22:20648671', 39 out of 90 samples will be removed due to having more than 100.0% missing genotypes
2014-01-27 15:36:44,584: DEBUG: In '7:100593168', 73 out of 90 samples will be removed due to having more than 100.0% missing genotypes
2014-01-27 15:36:44,589: DEBUG: In '15:83249879', 11 out of 90 samples will be removed due to having more than 100.0% missing genotypes
2014-01-27 15:36:44,605: DEBUG: In '19:15713544', 6 out of 90 samples will be removed due to having more than 100.0% missing genotypes
2014-01-27 15:36:44,616: DEBUG: In '16:68302646', 6 out of 90 samples will be removed due to having more than 100.0% missing genotypes
2014-01-27 15:36:44,625: DEBUG: In '13:23141204', 4 out of 90 samples will be removed due to having more than 100.0% missing genotypes
2014-01-27 15:36:44,631: DEBUG: In '8:130830032', 5 out of 90 samples will be removed due to having more than 100.0% missing genotypes
2014-01-27 15:36:44,635: DEBUG: In '18:8774612', 44 out of 90 samples will be removed due to having more than 100.0% missing genotypes
2014-01-27 15:36:44,641: DEBUG: In '6:84855778', 1 out of 90 samples will be removed due to having more than 100.0% missing genotypes
2014-01-27 15:36:44,650: DEBUG: In '8:42350943', 3 out of 90 samples will be removed due to having more than 100.0% missing genotypes
2014-01-27 15:36:44,661: DEBUG: In '12:124002972', 46 out of 90 samples will be removed due to having more than 100.0% missing genotypes
2014-01-27 15:36:44,665: DEBUG: In '15:41889302', 8 out of 90 samples will be removed due to having more than 100.0% missing genotypes
2014-01-27 15:36:44,676: DEBUG: In '12:91672038', 4 out of 90 samples will be removed due to having more than 100.0% missing genotypes
2014-01-27 15:36:44,681: DEBUG: In '15:59952869', 7 out of 90 samples will be removed due to having more than 100.0% missing genotypes
2014-01-27 15:36:44,688: DEBUG: In '15:84088871', 21 out of 90 samples will be removed due to having more than 100.0% missing genotypes
2014-01-27 15:36:44,692: DEBUG: In '9:72102734', 4 out of 90 samples will be removed due to having more than 100.0% missing genotypes
2014-01-27 15:36:44,700: DEBUG: In '20:61666697', 49 out of 90 samples will be removed due to having more than 100.0% missing genotypes
2014-01-27 15:36:44,708: DEBUG: In '15:23477297', 11 out of 90 samples will be removed due to having more than 100.0% missing genotypes
2014-01-27 15:36:44,721: DEBUG: In '15:83923783', 4 out of 90 samples will be removed due to having more than 100.0% missing genotypes
2014-01-27 15:36:44,733: DEBUG: In '3:188436502', 13 out of 90 samples will be removed due to having more than 100.0% missing genotypes
2014-01-27 15:36:44,740: DEBUG: In '9:72087260', 19 out of 90 samples will be removed due to having more than 100.0% missing genotypes
2014-01-27 15:36:44,744: DEBUG: In '7:156435557', 78 out of 90 samples will be removed due to having more than 100.0% missing genotypes
2014-01-27 15:36:44,748: DEBUG: In '9:204804', 65 out of 90 samples will be removed due to having more than 100.0% missing genotypes
2014-01-27 15:36:44,752: DEBUG: In '10:50494625', 17 out of 90 samples will be removed due to having more than 100.0% missing genotypes
2014-01-27 15:36:44,764: DEBUG: In '5:127497758', 13 out of 90 samples will be removed due to having more than 100.0% missing genotypes
2014-01-27 15:36:44,771: DEBUG: In '4:165338246', 28 out of 90 samples will be removed due to having more than 100.0% missing genotypes
2014-01-27 15:36:44,796: DEBUG: In '13:38164484', 2 out of 90 samples will be removed due to having more than 100.0% missing genotypes
2014-01-27 15:36:44,800: DEBUG: In '2:237908031', 9 out of 90 samples will be removed due to having more than 100.0% missing genotypes
2014-01-27 15:36:44,805: DEBUG: In '3:56738659', 11 out of 90 samples will be removed due to having more than 100.0% missing genotypes
2014-01-27 15:36:44,806: DEBUG: In '15:43332770', 7 out of 90 samples will be removed due to having more than 100.0% missing genotypes
2014-01-27 15:36:44,811: DEBUG: In '22:16049306', 30 out of 90 samples will be removed due to having more than 100.0% missing genotypes
2014-01-27 15:36:44,817: DEBUG: In '1:76865768', 4 out of 90 samples will be removed due to having more than 100.0% missing genotypes
2014-01-27 15:36:44,839: DEBUG: In '10:50337111', 3 out of 90 samples will be removed due to having more than 100.0% missing genotypes
2014-01-27 15:36:44,846: DEBUG: In '6:90459203', 8 out of 90 samples will be removed due to having more than 100.0% missing genotypes
2014-01-27 15:36:44,852: DEBUG: In '1:224107027', 9 out of 90 samples will be removed due to having more than 100.0% missing genotypes
2014-01-27 15:36:44,857: DEBUG: In '17:36192083', 10 out of 90 samples will be removed due to having more than 100.0% missing genotypes
2014-01-27 15:36:44,865: DEBUG: In '2:190031775', 12 out of 90 samples will be removed due to having more than 100.0% missing genotypes
2014-01-27 15:36:44,868: DEBUG: In '17:41424761', 18 out of 90 samples will be removed due to having more than 100.0% missing genotypes
2014-01-27 15:36:44,874: DEBUG: In '19:4231207', 43 out of 90 samples will be removed due to having more than 100.0% missing genotypes
2014-01-27 15:36:44,880: DEBUG: In '1:46294146', 9 out of 90 samples will be removed due to having more than 100.0% missing genotypes
2014-01-27 15:36:44,892: DEBUG: In '19:41034052', 43 out of 90 samples will be removed due to having more than 100.0% missing genotypes
2014-01-27 15:36:44,903: DEBUG: In '11:123259147', 2 out of 90 samples will be removed due to having more than 100.0% missing genotypes
2014-01-27 15:36:44,908: DEBUG: In '8:98857170', 80 out of 90 samples will be removed due to having more than 100.0% missing genotypes
2014-01-27 15:36:44,921: DEBUG: In '12:93197408', 4 out of 90 samples will be removed due to having more than 100.0% missing genotypes
2014-01-27 15:36:44,928: DEBUG: In '8:65690223', 2 out of 90 samples will be removed due to having more than 100.0% missing genotypes
2014-01-27 15:36:44,932: DEBUG: In '14:101620556', 44 out of 90 samples will be removed due to having more than 100.0% missing genotypes
2014-01-27 15:36:44,940: DEBUG: In '1:202663453', 19 out of 90 samples will be removed due to having more than 100.0% missing genotypes
2014-01-27 15:36:44,945: DEBUG: In '2:191869084', 18 out of 90 samples will be removed due to having more than 100.0% missing genotypes
2014-01-27 15:36:44,959: DEBUG: In '13:38322253', 6 out of 90 samples will be removed due to having more than 100.0% missing genotypes
2014-01-27 15:36:44,962: DEBUG: In '18:8815192', 44 out of 90 samples will be removed due to having more than 100.0% missing genotypes
2014-01-27 15:36:44,977: DEBUG: In '11:85114042', 2 out of 90 samples will be removed due to having more than 100.0% missing genotypes
2014-01-27 15:36:44,985: DEBUG: In '12:120175479', 8 out of 90 samples will be removed due to having more than 100.0% missing genotypes
2014-01-27 15:36:44,988: DEBUG: In '15:83926035', 9 out of 90 samples will be removed due to having more than 100.0% missing genotypes
2014-01-27 15:36:44,992: DEBUG: In '14:20630546', 67 out of 90 samples will be removed due to having more than 100.0% missing genotypes
2014-01-27 15:36:45,001: DEBUG: In '19:15153437', 53 out of 90 samples will be removed due to having more than 100.0% missing genotypes
2014-01-27 15:36:45,005: DEBUG: In '12:6893384', 24 out of 90 samples will be removed due to having more than 100.0% missing genotypes
2014-01-27 15:36:45,013: DEBUG: In '7:128633564', 9 out of 90 samples will be removed due to having more than 100.0% missing genotypes
2014-01-27 15:36:45,015: DEBUG: In '20:3588823', 55 out of 90 samples will be removed due to having more than 100.0% missing genotypes
2014-01-27 15:36:45,037: DEBUG: In '10:104839458', 18 out of 90 samples will be removed due to having more than 100.0% missing genotypes
2014-01-27 15:36:45,045: DEBUG: In '2:60541463', 30 out of 90 samples will be removed due to having more than 100.0% missing genotypes
2014-01-27 15:36:45,053: DEBUG: In '1:202705266', 3 out of 90 samples will be removed due to having more than 100.0% missing genotypes
2014-01-27 15:36:45,060: DEBUG: In '6:30019186', 80 out of 90 samples will be removed due to having more than 100.0% missing genotypes
2014-01-27 15:36:45,062: DEBUG: In '17:50431798', 20 out of 90 samples will be removed due to having more than 100.0% missing genotypes
2014-01-27 15:36:45,076: DEBUG: In '6:30019043', 84 out of 90 samples will be removed due to having more than 100.0% missing genotypes
2014-01-27 15:36:45,083: DEBUG: In '3:144006039', 6 out of 90 samples will be removed due to having more than 100.0% missing genotypes
2014-01-27 15:36:45,087: DEBUG: In '8:130829956', 9 out of 90 samples will be removed due to having more than 100.0% missing genotypes
2014-01-27 15:36:45,098: DEBUG: In '4:7895967', 18 out of 90 samples will be removed due to having more than 100.0% missing genotypes
2014-01-27 15:36:45,105: DEBUG: In '9:106400950', 27 out of 90 samples will be removed due to having more than 100.0% missing genotypes
2014-01-27 15:36:45,112: DEBUG: In '5:171466234', 40 out of 90 samples will be removed due to having more than 100.0% missing genotypes
2014-01-27 15:36:45,133: DEBUG: In '10:123986960', 6 out of 90 samples will be removed due to having more than 100.0% missing genotypes
2014-01-27 15:36:45,119: DEBUG: In '19:46501835', 29 out of 90 samples will be removed due to having more than 100.0% missing genotypes
2014-01-27 15:36:45,147: DEBUG: In '1:50433998', 11 out of 90 samples will be removed due to having more than 100.0% missing genotypes
2014-01-27 15:36:45,122: DEBUG: In '11:5522606', 3 out of 90 samples will be removed due to having more than 100.0% missing genotypes
2014-01-27 15:36:45,123: DEBUG: In '1:17786709', 26 out of 90 samples will be removed due to having more than 100.0% missing genotypes
2014-01-27 15:36:45,160: DEBUG: In '14:22898733', 63 out of 90 samples will be removed due to having more than 100.0% missing genotypes
2014-01-27 15:36:45,164: DEBUG: In '12:124000669', 45 out of 90 samples will be removed due to having more than 100.0% missing genotypes
2014-01-27 15:36:45,169: DEBUG: In '8:19862716', 5 out of 90 samples will be removed due to having more than 100.0% missing genotypes
2014-01-27 15:36:45,176: DEBUG: In '11:34334957', 41 out of 90 samples will be removed due to having more than 100.0% missing genotypes
2014-01-27 15:36:45,191: DEBUG: In '12:11066354', 30 out of 90 samples will be removed due to having more than 100.0% missing genotypes
2014-01-27 15:36:45,200: DEBUG: In '1:113056979', 18 out of 90 samples will be removed due to having more than 100.0% missing genotypes
2014-01-27 15:36:45,204: DEBUG: In '1:89618740', 10 out of 90 samples will be removed due to having more than 100.0% missing genotypes
2014-01-27 15:36:45,207: DEBUG: In '2:220108195', 36 out of 90 samples will be removed due to having more than 100.0% missing genotypes
2014-01-27 15:36:45,217: DEBUG: In '3:101837214', 15 out of 90 samples will be removed due to having more than 100.0% missing genotypes
2014-01-27 15:36:45,221: DEBUG: In '1:109625773', 10 out of 90 samples will be removed due to having more than 100.0% missing genotypes
2014-01-27 15:36:45,237: DEBUG: In '12:6445305', 14 out of 90 samples will be removed due to having more than 100.0% missing genotypes
2014-01-27 15:36:45,245: DEBUG: In '8:25420248', 5 out of 90 samples will be removed due to having more than 100.0% missing genotypes
2014-01-27 15:36:45,257: DEBUG: In '17:9733493', 14 out of 90 samples will be removed due to having more than 100.0% missing genotypes
2014-01-27 15:36:45,261: DEBUG: In '15:83202263', 51 out of 90 samples will be removed due to having more than 100.0% missing genotypes
2014-01-27 15:36:45,230: DEBUG: In '15:60147206', 53 out of 90 samples will be removed due to having more than 100.0% missing genotypes
2014-01-27 15:36:45,265: DEBUG: In '11:5279313', 2 out of 90 samples will be removed due to having more than 100.0% missing genotypes
2014-01-27 15:36:45,280: DEBUG: In '19:17698512', 80 out of 90 samples will be removed due to having more than 100.0% missing genotypes
2014-01-27 15:36:45,296: DEBUG: In '1:20903629', 26 out of 90 samples will be removed due to having more than 100.0% missing genotypes
2014-01-27 15:36:45,301: DEBUG: In '15:41318703', 6 out of 90 samples will be removed due to having more than 100.0% missing genotypes
2014-01-27 15:36:45,305: DEBUG: In '11:69334566', 48 out of 90 samples will be removed due to having more than 100.0% missing genotypes
2014-01-27 15:36:45,311: DEBUG: In '18:20274541', 7 out of 90 samples will be removed due to having more than 100.0% missing genotypes
2014-01-27 15:36:45,316: DEBUG: In '1:113066453', 53 out of 90 samples will be removed due to having more than 100.0% missing genotypes
2014-01-27 15:36:45,321: DEBUG: In '13:37255384', 5 out of 90 samples will be removed due to having more than 100.0% missing genotypes
2014-01-27 15:36:45,324: DEBUG: In '1:207889977', 20 out of 90 samples will be removed due to having more than 100.0% missing genotypes
2014-01-27 15:36:45,345: DEBUG: In '1:89619999', 17 out of 90 samples will be removed due to having more than 100.0% missing genotypes
2014-01-27 15:36:45,361: DEBUG: In '19:59356564', 22 out of 90 samples will be removed due to having more than 100.0% missing genotypes
2014-01-27 15:36:45,363: DEBUG: In '19:62658945', 3 out of 90 samples will be removed due to having more than 100.0% missing genotypes
2014-01-27 15:36:45,369: DEBUG: In '18:21029183', 14 out of 90 samples will be removed due to having more than 100.0% missing genotypes
2014-01-27 15:36:45,374: DEBUG: In '20:61665531', 49 out of 90 samples will be removed due to having more than 100.0% missing genotypes
2014-01-27 15:36:45,385: DEBUG: In '1:224122218', 1 out of 90 samples will be removed due to having more than 100.0% missing genotypes
2014-01-27 15:36:45,392: DEBUG: In '1:26230243', 29 out of 90 samples will be removed due to having more than 100.0% missing genotypes
2014-01-27 15:36:45,405: DEBUG: In '17:30792447', 41 out of 90 samples will be removed due to having more than 100.0% missing genotypes
2014-01-27 15:36:45,406: DEBUG: In '10:118353632', 9 out of 90 samples will be removed due to having more than 100.0% missing genotypes
2014-01-27 15:36:45,421: DEBUG: In '4:7816395', 19 out of 90 samples will be removed due to having more than 100.0% missing genotypes
2014-01-27 15:36:45,424: DEBUG: In '20:61664547', 67 out of 90 samples will be removed due to having more than 100.0% missing genotypes
2014-01-27 15:36:45,433: DEBUG: In '22:32000584', 2 out of 90 samples will be removed due to having more than 100.0% missing genotypes
2014-01-27 15:36:45,437: DEBUG: In '11:418489', 44 out of 90 samples will be removed due to having more than 100.0% missing genotypes
2014-01-27 15:36:45,440: DEBUG: In '6:90504813', 5 out of 90 samples will be removed due to having more than 100.0% missing genotypes
2014-01-27 15:36:45,445: DEBUG: In '11:611634', 34 out of 90 samples will be removed due to having more than 100.0% missing genotypes
2014-01-27 15:36:45,452: DEBUG: In '2:160381765', 13 out of 90 samples will be removed due to having more than 100.0% missing genotypes
2014-01-27 15:36:45,464: DEBUG: In '1:203539765', 22 out of 90 samples will be removed due to having more than 100.0% missing genotypes
2014-01-27 15:36:45,481: DEBUG: In '15:88595106', 15 out of 90 samples will be removed due to having more than 100.0% missing genotypes
2014-01-27 15:36:45,488: DEBUG: In '6:126319923', 47 out of 90 samples will be removed due to having more than 100.0% missing genotypes
2014-01-27 15:36:45,495: DEBUG: In '18:570623', 2 out of 90 samples will be removed due to having more than 100.0% missing genotypes
2014-01-27 15:36:45,501: DEBUG: In '2:233417050', 12 out of 90 samples will be removed due to having more than 100.0% missing genotypes
2014-01-27 15:36:45,509: DEBUG: In '2:191958971', 7 out of 90 samples will be removed due to having more than 100.0% missing genotypes
2014-01-27 15:36:45,511: DEBUG: In '11:59028213', 6 out of 90 samples will be removed due to having more than 100.0% missing genotypes
2014-01-27 15:36:45,516: DEBUG: In '1:157676508', 1 out of 90 samples will be removed due to having more than 100.0% missing genotypes
2014-01-27 15:36:45,524: DEBUG: In '1:202855689', 43 out of 90 samples will be removed due to having more than 100.0% missing genotypes
2014-01-27 15:36:45,537: DEBUG: In '6:7174618', 25 out of 90 samples will be removed due to having more than 100.0% missing genotypes
2014-01-27 15:36:45,541: DEBUG: In '14:20320052', 1 out of 90 samples will be removed due to having more than 100.0% missing genotypes
2014-01-27 15:36:45,556: DEBUG: In '2:158098714', 11 out of 90 samples will be removed due to having more than 100.0% missing genotypes
2014-01-27 15:36:45,560: DEBUG: In '17:37942981', 30 out of 90 samples will be removed due to having more than 100.0% missing genotypes
2014-01-27 15:36:45,573: DEBUG: In '5:234730', 14 out of 90 samples will be removed due to having more than 100.0% missing genotypes
2014-01-27 15:36:45,576: DEBUG: In '19:5161762', 28 out of 90 samples will be removed due to having more than 100.0% missing genotypes
2014-01-27 15:36:45,588: DEBUG: In '17:30796663', 1 out of 90 samples will be removed due to having more than 100.0% missing genotypes
2014-01-27 15:36:45,601: DEBUG: In '6:119280603', 2 out of 90 samples will be removed due to having more than 100.0% missing genotypes
2014-01-27 15:36:45,612: DEBUG: In '5:7938959', 14 out of 90 samples will be removed due to having more than 100.0% missing genotypes
2014-01-27 15:36:45,620: DEBUG: In '14:22896662', 34 out of 90 samples will be removed due to having more than 100.0% missing genotypes
2014-01-27 15:36:45,628: DEBUG: In '15:48066954', 14 out of 90 samples will be removed due to having more than 100.0% missing genotypes
2014-01-27 15:36:45,635: DEBUG: In '21:25887019', 18 out of 90 samples will be removed due to having more than 100.0% missing genotypes
2014-01-27 15:36:45,644: DEBUG: In '15:83268279', 18 out of 90 samples will be removed due to having more than 100.0% missing genotypes
2014-01-27 15:36:45,647: DEBUG: In '15:60030489', 33 out of 90 samples will be removed due to having more than 100.0% missing genotypes
2014-01-27 15:36:45,655: DEBUG: In '20:44749176', 3 out of 90 samples will be removed due to having more than 100.0% missing genotypes
2014-01-27 15:36:45,661: DEBUG: In '18:2875118', 6 out of 90 samples will be removed due to having more than 100.0% missing genotypes
2014-01-27 15:36:45,673: DEBUG: In '6:7338451', 16 out of 90 samples will be removed due to having more than 100.0% missing genotypes
2014-01-27 15:36:45,676: DEBUG: In '11:100368306', 5 out of 90 samples will be removed due to having more than 100.0% missing genotypes
2014-01-27 15:36:45,685: DEBUG: In '17:30792312', 14 out of 90 samples will be removed due to having more than 100.0% missing genotypes
2014-01-27 15:36:45,689: DEBUG: In '14:20616194', 27 out of 90 samples will be removed due to having more than 100.0% missing genotypes
2014-01-27 15:36:45,696: DEBUG: In '6:90474983', 10 out of 90 samples will be removed due to having more than 100.0% missing genotypes
2014-01-27 15:36:45,705: DEBUG: In '17:43829117', 9 out of 90 samples will be removed due to having more than 100.0% missing genotypes
2014-01-27 15:36:45,713: DEBUG: In '8:134053240', 10 out of 90 samples will be removed due to having more than 100.0% missing genotypes
2014-01-27 15:36:45,728: DEBUG: In '17:8156259', 52 out of 90 samples will be removed due to having more than 100.0% missing genotypes
2014-01-27 15:36:45,736: DEBUG: In '12:124000533', 42 out of 90 samples will be removed due to having more than 100.0% missing genotypes
2014-01-27 15:36:45,745: DEBUG: In '19:15713223', 2 out of 90 samples will be removed due to having more than 100.0% missing genotypes
2014-01-27 15:36:45,749: DEBUG: In '11:95220574', 4 out of 90 samples will be removed due to having more than 100.0% missing genotypes
2014-01-27 15:36:45,751: DEBUG: In '6:155603488', 8 out of 90 samples will be removed due to having more than 100.0% missing genotypes
2014-01-27 15:36:45,761: DEBUG: In '8:134050928', 14 out of 90 samples will be removed due to having more than 100.0% missing genotypes
2014-01-27 15:36:45,764: DEBUG: In '9:125259527', 13 out of 90 samples will be removed due to having more than 100.0% missing genotypes
2014-01-27 15:36:45,773: DEBUG: In '9:33456219', 34 out of 90 samples will be removed due to having more than 100.0% missing genotypes
2014-01-27 15:36:45,788: DEBUG: In '18:9877546', 41 out of 90 samples will be removed due to having more than 100.0% missing genotypes
2014-01-27 15:36:45,801: DEBUG: In '10:46507507', 5 out of 90 samples will be removed due to having more than 100.0% missing genotypes
2014-01-27 15:36:45,809: DEBUG: In '12:107448080', 8 out of 90 samples will be removed due to having more than 100.0% missing genotypes
2014-01-27 15:36:45,813: DEBUG: In '13:19323948', 14 out of 90 samples will be removed due to having more than 100.0% missing genotypes
2014-01-27 15:36:45,814: DEBUG: In '4:169670019', 2 out of 90 samples will be removed due to having more than 100.0% missing genotypes
2014-01-27 15:36:45,825: DEBUG: In '6:145093287', 22 out of 90 samples will be removed due to having more than 100.0% missing genotypes
2014-01-27 15:36:45,828: DEBUG: In '3:184336364', 4 out of 90 samples will be removed due to having more than 100.0% missing genotypes
2014-01-27 15:36:45,844: DEBUG: In '19:15713363', 1 out of 90 samples will be removed due to having more than 100.0% missing genotypes
2014-01-27 15:36:45,848: DEBUG: In '15:76876166', 43 out of 90 samples will be removed due to having more than 100.0% missing genotypes
2014-01-27 15:36:45,853: DEBUG: In '8:121367337', 21 out of 90 samples will be removed due to having more than 100.0% missing genotypes
2014-01-27 15:36:45,864: DEBUG: In '19:63766465', 46 out of 90 samples will be removed due to having more than 100.0% missing genotypes
2014-01-27 15:36:45,873: DEBUG: In '2:160419291', 6 out of 90 samples will be removed due to having more than 100.0% missing genotypes
2014-01-27 15:36:45,889: DEBUG: In '20:43851971', 3 out of 90 samples will be removed due to having more than 100.0% missing genotypes
2014-01-27 15:36:45,892: DEBUG: In '7:94872711', 5 out of 90 samples will be removed due to having more than 100.0% missing genotypes
2014-01-27 15:36:45,900: DEBUG: In '15:23477291', 16 out of 90 samples will be removed due to having more than 100.0% missing genotypes
2014-01-27 15:36:45,905: DEBUG: In '1:37098064', 28 out of 90 samples will be removed due to having more than 100.0% missing genotypes
2014-01-27 15:36:45,920: DEBUG: In '7:156435510', 78 out of 90 samples will be removed due to having more than 100.0% missing genotypes
2014-01-27 15:36:45,932: DEBUG: In '1:66603958', 6 out of 90 samples will be removed due to having more than 100.0% missing genotypes
2014-01-27 15:36:45,937: DEBUG: In '19:15156134', 26 out of 90 samples will be removed due to having more than 100.0% missing genotypes
2014-01-27 15:36:45,960: DEBUG: In '6:143866797', 3 out of 90 samples will be removed due to having more than 100.0% missing genotypes
2014-01-27 15:36:45,964: DEBUG: In '6:30018710', 82 out of 90 samples will be removed due to having more than 100.0% missing genotypes
2014-01-27 15:36:45,967: DEBUG: In '6:31947288', 20 out of 90 samples will be removed due to having more than 100.0% missing genotypes
2014-01-27 15:36:45,969: DEBUG: In '16:16186370', 41 out of 90 samples will be removed due to having more than 100.0% missing genotypes
2014-01-27 15:36:45,973: DEBUG: In '1:158066534', 34 out of 90 samples will be removed due to having more than 100.0% missing genotypes
2014-01-27 15:36:45,993: DEBUG: In '3:57469178', 16 out of 90 samples will be removed due to having more than 100.0% missing genotypes
2014-01-27 15:36:46,000: DEBUG: In '6:31700043', 24 out of 90 samples will be removed due to having more than 100.0% missing genotypes
2014-01-27 15:36:46,008: DEBUG: In '15:83279414', 22 out of 90 samples will be removed due to having more than 100.0% missing genotypes
2014-01-27 15:36:46,013: DEBUG: In '6:90475052', 10 out of 90 samples will be removed due to having more than 100.0% missing genotypes
2014-01-27 15:36:46,016: DEBUG: In '17:31288975', 13 out of 90 samples will be removed due to having more than 100.0% missing genotypes
2014-01-27 15:36:46,025: DEBUG: In '11:125030405', 3 out of 90 samples will be removed due to having more than 100.0% missing genotypes
2014-01-27 15:36:46,034: DEBUG: In '1:3541652', 15 out of 90 samples will be removed due to having more than 100.0% missing genotypes
2014-01-27 15:36:46,040: DEBUG: In '7:44521931', 30 out of 90 samples will be removed due to having more than 100.0% missing genotypes
2014-01-27 15:36:46,049: DEBUG: In '8:27735900', 8 out of 90 samples will be removed due to having more than 100.0% missing genotypes
2014-01-27 15:36:46,064: DEBUG: In '6:7175679', 67 out of 90 samples will be removed due to having more than 100.0% missing genotypes
2014-01-27 15:36:46,074: DEBUG: In '2:237948344', 21 out of 90 samples will be removed due to having more than 100.0% missing genotypes
2014-01-27 15:36:46,076: DEBUG: In '15:83161105', 50 out of 90 samples will be removed due to having more than 100.0% missing genotypes
2014-01-27 15:36:46,088: DEBUG: In '9:110657471', 35 out of 90 samples will be removed due to having more than 100.0% missing genotypes
2014-01-27 15:36:46,091: DEBUG: In '16:54420221', 70 out of 90 samples will be removed due to having more than 100.0% missing genotypes
2014-01-27 15:36:46,097: DEBUG: In '7:128150523', 5 out of 90 samples will be removed due to having more than 100.0% missing genotypes
2014-01-27 15:36:46,100: DEBUG: In '11:87548096', 40 out of 90 samples will be removed due to having more than 100.0% missing genotypes
2014-01-27 15:36:46,121: DEBUG: In '2:192419687', 7 out of 90 samples will be removed due to having more than 100.0% missing genotypes
2014-01-27 15:36:46,125: DEBUG: In '16:24109959', 1 out of 90 samples will be removed due to having more than 100.0% missing genotypes
2014-01-27 15:36:46,137: DEBUG: In '1:207878509', 3 out of 90 samples will be removed due to having more than 100.0% missing genotypes
2014-01-27 15:36:46,140: DEBUG: In '15:83202684', 52 out of 90 samples will be removed due to having more than 100.0% missing genotypes
2014-01-27 15:36:46,118: DEBUG: In '15:83202423', 47 out of 90 samples will be removed due to having more than 100.0% missing genotypes
2014-01-27 15:36:46,155: DEBUG: In '5:7923973', 3 out of 90 samples will be removed due to having more than 100.0% missing genotypes
2014-01-27 15:36:46,161: DEBUG: In '1:17786644', 22 out of 90 samples will be removed due to having more than 100.0% missing genotypes
2014-01-27 15:36:46,175: DEBUG: In '2:144616029', 8 out of 90 samples will be removed due to having more than 100.0% missing genotypes
2014-01-27 15:36:46,189: DEBUG: In '3:141889637', 7 out of 90 samples will be removed due to having more than 100.0% missing genotypes
2014-01-27 15:36:46,195: DEBUG: In '2:234266941', 3 out of 90 samples will be removed due to having more than 100.0% missing genotypes
2014-01-27 15:36:46,204: DEBUG: In '22:22910807', 36 out of 90 samples will be removed due to having more than 100.0% missing genotypes
2014-01-27 15:36:46,206: DEBUG: In '4:130250102', 9 out of 90 samples will be removed due to having more than 100.0% missing genotypes
2014-01-27 15:36:46,209: DEBUG: In '20:43172533', 23 out of 90 samples will be removed due to having more than 100.0% missing genotypes
2014-01-27 15:36:46,219: DEBUG: In '19:965398', 58 out of 90 samples will be removed due to having more than 100.0% missing genotypes
2014-01-27 15:36:46,224: DEBUG: In '8:32733525', 4 out of 90 samples will be removed due to having more than 100.0% missing genotypes
2014-01-27 15:36:46,228: DEBUG: In '10:101705889', 1 out of 90 samples will be removed due to having more than 100.0% missing genotypes
2014-01-27 15:36:46,241: DEBUG: In '17:45138662', 11 out of 90 samples will be removed due to having more than 100.0% missing genotypes
2014-01-27 15:36:46,244: DEBUG: In '9:204908', 56 out of 90 samples will be removed due to having more than 100.0% missing genotypes
2014-01-27 15:36:46,249: DEBUG: In '12:91672032', 3 out of 90 samples will be removed due to having more than 100.0% missing genotypes
2014-01-27 15:36:46,257: DEBUG: In '8:134177635', 8 out of 90 samples will be removed due to having more than 100.0% missing genotypes
2014-01-27 15:36:46,265: DEBUG: In '10:50348375', 2 out of 90 samples will be removed due to having more than 100.0% missing genotypes
2014-01-27 15:36:46,269: DEBUG: In '15:83923658', 7 out of 90 samples will be removed due to having more than 100.0% missing genotypes
2014-01-27 15:36:46,285: DEBUG: In '22:32330460', 4 out of 90 samples will be removed due to having more than 100.0% missing genotypes
2014-01-27 15:36:46,288: DEBUG: In '6:7192247', 52 out of 90 samples will be removed due to having more than 100.0% missing genotypes
2014-01-27 15:36:46,304: DEBUG: In '9:72087254', 17 out of 90 samples will be removed due to having more than 100.0% missing genotypes
2014-01-27 15:36:46,308: DEBUG: In '11:55815050', 17 out of 90 samples will be removed due to having more than 100.0% missing genotypes
2014-01-27 15:36:46,320: DEBUG: In '17:39581073', 1 out of 90 samples will be removed due to having more than 100.0% missing genotypes
2014-01-27 15:36:46,324: DEBUG: In '11:5980157', 3 out of 90 samples will be removed due to having more than 100.0% missing genotypes
2014-01-27 15:36:46,328: DEBUG: In '17:34180293', 15 out of 90 samples will be removed due to having more than 100.0% missing genotypes
2014-01-27 15:36:46,340: DEBUG: In '17:36977516', 39 out of 90 samples will be removed due to having more than 100.0% missing genotypes
2014-01-27 15:36:46,359: DEBUG: In '1:6447088', 28 out of 90 samples will be removed due to having more than 100.0% missing genotypes
2014-01-27 15:36:46,365: DEBUG: In '1:109972419', 13 out of 90 samples will be removed due to having more than 100.0% missing genotypes
2014-01-27 15:36:46,368: DEBUG: In '13:38162690', 3 out of 90 samples will be removed due to having more than 100.0% missing genotypes
2014-01-27 15:36:46,389: DEBUG: In '10:82024822', 36 out of 90 samples will be removed due to having more than 100.0% missing genotypes
2014-01-27 15:36:46,391: DEBUG: In '1:202853863', 23 out of 90 samples will be removed due to having more than 100.0% missing genotypes
2014-01-27 15:36:46,405: DEBUG: In '3:110206673', 13 out of 90 samples will be removed due to having more than 100.0% missing genotypes
2014-01-27 15:36:46,406: DEBUG: In '1:207855326', 20 out of 90 samples will be removed due to having more than 100.0% missing genotypes
2014-01-27 15:36:46,419: DEBUG: In '15:83925559', 1 out of 90 samples will be removed due to having more than 100.0% missing genotypes
2014-01-27 15:36:46,425: DEBUG: In '11:105347950', 19 out of 90 samples will be removed due to having more than 100.0% missing genotypes
2014-01-27 15:36:46,410: DEBUG: In '16:2080322', 50 out of 90 samples will be removed due to having more than 100.0% missing genotypes
2014-01-27 15:36:46,439: DEBUG: In '22:29993842', 8 out of 90 samples will be removed due to having more than 100.0% missing genotypes
2014-01-27 15:36:46,444: DEBUG: In '4:1379037', 76 out of 90 samples will be removed due to having more than 100.0% missing genotypes
2014-01-27 15:36:46,456: DEBUG: In '1:61642371', 5 out of 90 samples will be removed due to having more than 100.0% missing genotypes
2014-01-27 15:36:46,465: DEBUG: In '6:31691910', 21 out of 90 samples will be removed due to having more than 100.0% missing genotypes
2014-01-27 15:36:46,468: DEBUG: In '7:103079460', 7 out of 90 samples will be removed due to having more than 100.0% missing genotypes
2014-01-27 15:36:46,471: DEBUG: In '7:34840563', 6 out of 90 samples will be removed due to having more than 100.0% missing genotypes
2014-01-27 15:36:46,483: DEBUG: In '14:20612606', 59 out of 90 samples will be removed due to having more than 100.0% missing genotypes
2014-01-27 15:36:46,496: DEBUG: In '20:61662381', 39 out of 90 samples will be removed due to having more than 100.0% missing genotypes
2014-01-27 15:36:46,504: DEBUG: In '20:61667814', 47 out of 90 samples will be removed due to having more than 100.0% missing genotypes
2014-01-27 15:36:46,507: DEBUG: In '1:59617059', 4 out of 90 samples will be removed due to having more than 100.0% missing genotypes
2014-01-27 15:36:46,513: DEBUG: In '5:141289449', 31 out of 90 samples will be removed due to having more than 100.0% missing genotypes
2014-01-27 15:36:46,520: DEBUG: In '1:20883933', 45 out of 90 samples will be removed due to having more than 100.0% missing genotypes
2014-01-27 15:36:46,527: DEBUG: In '19:61013329', 2 out of 90 samples will be removed due to having more than 100.0% missing genotypes
2014-01-27 15:36:46,533: DEBUG: In '6:90427923', 5 out of 90 samples will be removed due to having more than 100.0% missing genotypes
2014-01-27 15:36:46,536: DEBUG: In '3:56810801', 45 out of 90 samples will be removed due to having more than 100.0% missing genotypes
2014-01-27 15:36:46,556: DEBUG: In '9:106401133', 66 out of 90 samples will be removed due to having more than 100.0% missing genotypes
2014-01-27 15:36:46,560: DEBUG: In '10:82023574', 14 out of 90 samples will be removed due to having more than 100.0% missing genotypes
2014-01-27 15:36:46,573: DEBUG: In '5:169468100', 14 out of 90 samples will be removed due to having more than 100.0% missing genotypes
2014-01-27 15:36:46,581: DEBUG: In '18:2881847', 1 out of 90 samples will be removed due to having more than 100.0% missing genotypes
2014-01-27 15:36:46,584: DEBUG: In '6:30020347', 70 out of 90 samples will be removed due to having more than 100.0% missing genotypes
2014-01-27 15:36:46,586: DEBUG: In '6:144893894', 7 out of 90 samples will be removed due to having more than 100.0% missing genotypes
2014-01-27 15:36:46,596: DEBUG: In '14:101461330', 40 out of 90 samples will be removed due to having more than 100.0% missing genotypes
2014-01-27 15:36:46,610: DEBUG: In '5:7950191', 5 out of 90 samples will be removed due to having more than 100.0% missing genotypes
2014-01-27 15:36:46,621: DEBUG: In '12:131746073', 9 out of 90 samples will be removed due to having more than 100.0% missing genotypes
2014-01-27 15:36:46,625: DEBUG: In '16:54420384', 23 out of 90 samples will be removed due to having more than 100.0% missing genotypes
2014-01-27 15:36:46,633: DEBUG: In '18:9878069', 7 out of 90 samples will be removed due to having more than 100.0% missing genotypes
2014-01-27 15:36:46,641: DEBUG: In '15:98859419', 8 out of 90 samples will be removed due to having more than 100.0% missing genotypes
2014-01-27 15:36:46,645: DEBUG: In '2:233420492', 51 out of 90 samples will be removed due to having more than 100.0% missing genotypes
2014-01-27 15:36:46,650: DEBUG: In '2:160384673', 22 out of 90 samples will be removed due to having more than 100.0% missing genotypes
2014-01-27 15:36:46,661: DEBUG: In '6:155617299', 4 out of 90 samples will be removed due to having more than 100.0% missing genotypes
2014-01-27 15:36:46,668: DEBUG: In '18:43809827', 67 out of 90 samples will be removed due to having more than 100.0% missing genotypes
2014-01-27 15:36:46,685: DEBUG: In '6:31712023', 12 out of 90 samples will be removed due to having more than 100.0% missing genotypes
2014-01-27 15:36:46,689: DEBUG: In '11:6899052', 4 out of 90 samples will be removed due to having more than 100.0% missing genotypes
2014-01-27 15:36:46,701: DEBUG: In '11:56902801', 5 out of 90 samples will be removed due to having more than 100.0% missing genotypes
2014-01-27 15:36:46,705: DEBUG: In '4:89872280', 5 out of 90 samples will be removed due to having more than 100.0% missing genotypes
2014-01-27 15:36:46,708: DEBUG: In '1:89619960', 11 out of 90 samples will be removed due to having more than 100.0% missing genotypes
2014-01-27 15:36:46,717: DEBUG: In '20:61668680', 49 out of 90 samples will be removed due to having more than 100.0% missing genotypes
2014-01-27 15:36:46,721: DEBUG: In '3:122918314', 20 out of 90 samples will be removed due to having more than 100.0% missing genotypes
2014-01-27 15:36:46,729: DEBUG: In '12:78539038', 10 out of 90 samples will be removed due to having more than 100.0% missing genotypes
2014-01-27 15:36:46,745: DEBUG: In '14:95992505', 10 out of 90 samples will be removed due to having more than 100.0% missing genotypes
2014-01-27 15:36:46,756: DEBUG: In '6:31712334', 9 out of 90 samples will be removed due to having more than 100.0% missing genotypes
2014-01-27 15:36:46,765: DEBUG: In '15:75028597', 14 out of 90 samples will be removed due to having more than 100.0% missing genotypes
2014-01-27 15:36:46,768: DEBUG: In '19:42748603', 16 out of 90 samples will be removed due to having more than 100.0% missing genotypes
2014-01-27 15:36:46,772: DEBUG: In '14:22619625', 15 out of 90 samples will be removed due to having more than 100.0% missing genotypes
2014-01-27 15:36:46,776: DEBUG: In '21:25887076', 36 out of 90 samples will be removed due to having more than 100.0% missing genotypes
2014-01-27 15:36:46,781: DEBUG: In '22:32352284', 3 out of 90 samples will be removed due to having more than 100.0% missing genotypes
2014-01-27 15:36:46,792: DEBUG: In '10:115479142', 5 out of 90 samples will be removed due to having more than 100.0% missing genotypes
2014-01-27 15:36:46,812: DEBUG: In '6:30020831', 69 out of 90 samples will be removed due to having more than 100.0% missing genotypes
2014-01-27 15:36:46,819: DEBUG: In '19:17698981', 78 out of 90 samples will be removed due to having more than 100.0% missing genotypes
2014-01-27 15:36:46,825: DEBUG: In '1:171783494', 8 out of 90 samples will be removed due to having more than 100.0% missing genotypes
2014-01-27 15:36:46,828: DEBUG: In '8:95488874', 13 out of 90 samples will be removed due to having more than 100.0% missing genotypes
2014-01-27 15:36:46,833: DEBUG: In '1:3538692', 12 out of 90 samples will be removed due to having more than 100.0% missing genotypes
2014-01-27 15:36:46,837: DEBUG: In '4:178499778', 10 out of 90 samples will be removed due to having more than 100.0% missing genotypes
2014-01-27 15:36:46,851: DEBUG: In '20:61666170', 68 out of 90 samples will be removed due to having more than 100.0% missing genotypes
2014-01-27 15:36:46,873: DEBUG: In '2:237909520', 18 out of 90 samples will be removed due to having more than 100.0% missing genotypes
2014-01-27 15:36:46,880: DEBUG: In '19:10603170', 12 out of 90 samples will be removed due to having more than 100.0% missing genotypes
2014-01-27 15:36:46,881: DEBUG: In '14:34942677', 25 out of 90 samples will be removed due to having more than 100.0% missing genotypes
2014-01-27 15:36:46,888: DEBUG: In '11:62409355', 2 out of 90 samples will be removed due to having more than 100.0% missing genotypes
2014-01-27 15:36:46,892: DEBUG: In '1:46749304', 36 out of 90 samples will be removed due to having more than 100.0% missing genotypes
2014-01-27 15:36:46,900: DEBUG: In '16:2084177', 43 out of 90 samples will be removed due to having more than 100.0% missing genotypes
2014-01-27 15:36:46,903: DEBUG: In '16:23755076', 51 out of 90 samples will be removed due to having more than 100.0% missing genotypes
2014-01-27 15:36:46,908: DEBUG: In '1:44063117', 10 out of 90 samples will be removed due to having more than 100.0% missing genotypes
2014-01-27 15:36:46,920: DEBUG: In '12:100641720', 25 out of 90 samples will be removed due to having more than 100.0% missing genotypes
2014-01-27 15:36:46,940: DEBUG: In '3:166973974', 24 out of 90 samples will be removed due to having more than 100.0% missing genotypes
2014-01-27 15:36:46,945: DEBUG: In '20:45798978', 20 out of 90 samples will be removed due to having more than 100.0% missing genotypes
2014-01-27 15:36:46,957: DEBUG: In '15:98859566', 5 out of 90 samples will be removed due to having more than 100.0% missing genotypes
2014-01-27 15:36:46,960: DEBUG: In '16:23005923', 12 out of 90 samples will be removed due to having more than 100.0% missing genotypes
2014-01-27 15:36:46,969: DEBUG: In '15:83206999', 8 out of 90 samples will be removed due to having more than 100.0% missing genotypes
2014-01-27 15:36:46,971: DEBUG: In '6:30020835', 65 out of 90 samples will be removed due to having more than 100.0% missing genotypes
2014-01-27 15:36:46,983: DEBUG: In '20:60481944', 48 out of 90 samples will be removed due to having more than 100.0% missing genotypes
2014-01-27 15:36:46,988: DEBUG: In '6:3022140', 19 out of 90 samples will be removed due to having more than 100.0% missing genotypes
2014-01-27 15:36:47,012: DEBUG: In '6:90465463', 12 out of 90 samples will be removed due to having more than 100.0% missing genotypes
2014-01-27 15:36:46,982: DEBUG: In '11:11249276', 26 out of 90 samples will be removed due to having more than 100.0% missing genotypes
2014-01-27 15:36:47,024: DEBUG: In '9:204864', 51 out of 90 samples will be removed due to having more than 100.0% missing genotypes
2014-01-27 15:36:47,028: DEBUG: In '6:90429295', 5 out of 90 samples will be removed due to having more than 100.0% missing genotypes
2014-01-27 15:36:47,031: DEBUG: In '17:70605759', 44 out of 90 samples will be removed due to having more than 100.0% missing genotypes
2014-01-27 15:36:47,042: DEBUG: In '16:56296311', 38 out of 90 samples will be removed due to having more than 100.0% missing genotypes
2014-01-27 15:36:47,057: DEBUG: In '2:160445867', 9 out of 90 samples will be removed due to having more than 100.0% missing genotypes
2014-01-27 15:36:47,060: DEBUG: In '5:102565184', 44 out of 90 samples will be removed due to having more than 100.0% missing genotypes
2014-01-27 15:36:47,062: DEBUG: In '3:103058865', 3 out of 90 samples will be removed due to having more than 100.0% missing genotypes
2014-01-27 15:36:47,085: DEBUG: In '13:23140165', 20 out of 90 samples will be removed due to having more than 100.0% missing genotypes
2014-01-27 15:36:47,092: DEBUG: In '10:5194928', 7 out of 90 samples will be removed due to having more than 100.0% missing genotypes
2014-01-27 15:36:47,095: DEBUG: In '14:93982649', 6 out of 90 samples will be removed due to having more than 100.0% missing genotypes
2014-01-27 15:36:47,102: DEBUG: In '2:230785920', 21 out of 90 samples will be removed due to having more than 100.0% missing genotypes
2014-01-27 15:36:47,109: DEBUG: In '16:24073631', 6 out of 90 samples will be removed due to having more than 100.0% missing genotypes
2014-01-27 15:36:47,111: DEBUG: In '17:44942999', 21 out of 90 samples will be removed due to having more than 100.0% missing genotypes
2014-01-27 15:36:47,120: DEBUG: In '1:20865406', 20 out of 90 samples will be removed due to having more than 100.0% missing genotypes
2014-01-27 15:36:47,130: DEBUG: In '19:48994464', 39 out of 90 samples will be removed due to having more than 100.0% missing genotypes
2014-01-27 15:36:47,154: DEBUG: In '2:160437251', 10 out of 90 samples will be removed due to having more than 100.0% missing genotypes
2014-01-27 15:36:47,138: DEBUG: In '11:63342380', 21 out of 90 samples will be removed due to having more than 100.0% missing genotypes
2014-01-27 15:36:47,138: DEBUG: In '22:29821295', 25 out of 90 samples will be removed due to having more than 100.0% missing genotypes
2014-01-27 15:36:47,144: DEBUG: In '2:170202109', 31 out of 90 samples will be removed due to having more than 100.0% missing genotypes
2014-01-27 15:36:47,177: DEBUG: In '17:35282160', 17 out of 90 samples will be removed due to having more than 100.0% missing genotypes
2014-01-27 15:36:47,153: DEBUG: In '19:59368575', 34 out of 90 samples will be removed due to having more than 100.0% missing genotypes
2014-01-27 15:36:47,193: DEBUG: In '15:83184843', 48 out of 90 samples will be removed due to having more than 100.0% missing genotypes
2014-01-27 15:36:47,197: DEBUG: In '19:15713242', 2 out of 90 samples will be removed due to having more than 100.0% missing genotypes
2014-01-27 15:36:47,200: DEBUG: In '4:1378350', 62 out of 90 samples will be removed due to having more than 100.0% missing genotypes
2014-01-27 15:36:47,184: DEBUG: In '2:191869120', 17 out of 90 samples will be removed due to having more than 100.0% missing genotypes
2014-01-27 15:36:47,185: DEBUG: In '10:72301632', 5 out of 90 samples will be removed due to having more than 100.0% missing genotypes
2014-01-27 15:36:47,212: DEBUG: In '1:227839555', 1 out of 90 samples will be removed due to having more than 100.0% missing genotypes
2014-01-27 15:36:47,217: DEBUG: In '18:26865059', 17 out of 90 samples will be removed due to having more than 100.0% missing genotypes
2014-01-27 15:36:47,240: DEBUG: In '16:54420325', 47 out of 90 samples will be removed due to having more than 100.0% missing genotypes
2014-01-27 15:36:47,255: DEBUG: In '14:101392846', 12 out of 90 samples will be removed due to having more than 100.0% missing genotypes
2014-01-27 15:36:47,257: DEBUG: In '14:22619220', 10 out of 90 samples will be removed due to having more than 100.0% missing genotypes
2014-01-27 15:36:47,261: DEBUG: In '9:113399445', 16 out of 90 samples will be removed due to having more than 100.0% missing genotypes
2014-01-27 15:36:47,264: DEBUG: In '2:220110909', 50 out of 90 samples will be removed due to having more than 100.0% missing genotypes
2014-01-27 15:36:47,274: DEBUG: In '8:134093460', 3 out of 90 samples will be removed due to having more than 100.0% missing genotypes
2014-01-27 15:36:47,281: DEBUG: In '18:9877877', 1 out of 90 samples will be removed due to having more than 100.0% missing genotypes
2014-01-27 15:36:47,305: DEBUG: In '2:237917804', 3 out of 90 samples will be removed due to having more than 100.0% missing genotypes
2014-01-27 15:36:47,312: DEBUG: In '13:38331606', 2 out of 90 samples will be removed due to having more than 100.0% missing genotypes
2014-01-27 15:36:47,315: DEBUG: In '4:40472919', 17 out of 90 samples will be removed due to having more than 100.0% missing genotypes
2014-01-27 15:36:47,320: DEBUG: In '17:3368827', 4 out of 90 samples will be removed due to having more than 100.0% missing genotypes
2014-01-27 15:36:47,329: DEBUG: In '6:90511805', 3 out of 90 samples will be removed due to having more than 100.0% missing genotypes
2014-01-27 15:36:47,342: DEBUG: In '3:33149172', 17 out of 90 samples will be removed due to having more than 100.0% missing genotypes
2014-01-27 15:36:47,351: DEBUG: In '11:6434407', 48 out of 90 samples will be removed due to having more than 100.0% missing genotypes
2014-01-27 15:36:47,353: DEBUG: In '12:107442276', 4 out of 90 samples will be removed due to having more than 100.0% missing genotypes
2014-01-27 15:36:47,377: DEBUG: In '17:30793147', 55 out of 90 samples will be removed due to having more than 100.0% missing genotypes
2014-01-27 15:36:47,381: DEBUG: In '16:28525015', 68 out of 90 samples will be removed due to having more than 100.0% missing genotypes
2014-01-27 15:36:47,383: DEBUG: In '12:107478953', 28 out of 90 samples will be removed due to having more than 100.0% missing genotypes
2014-01-27 15:36:47,384: DEBUG: In '8:42164122', 38 out of 90 samples will be removed due to having more than 100.0% missing genotypes
2014-01-27 15:36:47,389: DEBUG: In '12:93169386', 6 out of 90 samples will be removed due to having more than 100.0% missing genotypes
2014-01-27 15:36:47,401: DEBUG: In '15:43341559', 7 out of 90 samples will be removed due to having more than 100.0% missing genotypes
2014-01-27 15:36:47,404: DEBUG: In '20:61669106', 64 out of 90 samples will be removed due to having more than 100.0% missing genotypes
2014-01-27 15:36:47,415: DEBUG: In '18:9877394', 56 out of 90 samples will be removed due to having more than 100.0% missing genotypes
2014-01-27 15:36:47,424: DEBUG: In '6:30050984', 36 out of 90 samples will be removed due to having more than 100.0% missing genotypes
2014-01-27 15:36:47,436: DEBUG: In '8:121297860', 8 out of 90 samples will be removed due to having more than 100.0% missing genotypes
2014-01-27 15:36:47,441: DEBUG: In '7:34884265', 49 out of 90 samples will be removed due to having more than 100.0% missing genotypes
2014-01-27 15:36:47,443: DEBUG: In '10:15016733', 30 out of 90 samples will be removed due to having more than 100.0% missing genotypes
2014-01-27 15:36:47,453: DEBUG: In '1:109140384', 24 out of 90 samples will be removed due to having more than 100.0% missing genotypes
2014-01-27 15:36:47,461: DEBUG: In '12:51298222', 24 out of 90 samples will be removed due to having more than 100.0% missing genotypes
2014-01-27 15:36:47,467: DEBUG: In '1:113038204', 12 out of 90 samples will be removed due to having more than 100.0% missing genotypes
2014-01-27 15:36:47,479: DEBUG: In '2:239701896', 62 out of 90 samples will be removed due to having more than 100.0% missing genotypes
2014-01-27 15:36:47,489: DEBUG: In '8:11651984', 43 out of 90 samples will be removed due to having more than 100.0% missing genotypes
2014-01-27 15:36:47,492: DEBUG: In '6:143864805', 6 out of 90 samples will be removed due to having more than 100.0% missing genotypes
2014-01-27 15:36:47,501: DEBUG: In '14:62244369', 5 out of 90 samples will be removed due to having more than 100.0% missing genotypes
2014-01-27 15:36:47,509: DEBUG: In '6:53624994', 49 out of 90 samples will be removed due to having more than 100.0% missing genotypes
2014-01-27 15:36:47,512: DEBUG: In '3:88281988', 34 out of 90 samples will be removed due to having more than 100.0% missing genotypes
2014-01-27 15:36:47,524: DEBUG: In '6:7174345', 24 out of 90 samples will be removed due to having more than 100.0% missing genotypes
2014-01-27 15:36:47,528: DEBUG: In '20:61667328', 56 out of 90 samples will be removed due to having more than 100.0% missing genotypes
2014-01-27 15:36:47,546: DEBUG: In '14:20620898', 13 out of 90 samples will be removed due to having more than 100.0% missing genotypes
2014-01-27 15:36:47,552: DEBUG: In '14:36205504', 60 out of 90 samples will be removed due to having more than 100.0% missing genotypes
2014-01-27 15:36:47,560: DEBUG: In '8:121279250', 16 out of 90 samples will be removed due to having more than 100.0% missing genotypes
2014-01-27 15:36:47,565: DEBUG: In '15:83925950', 11 out of 90 samples will be removed due to having more than 100.0% missing genotypes
2014-01-27 15:36:47,570: DEBUG: In '19:15869388', 56 out of 90 samples will be removed due to having more than 100.0% missing genotypes
2014-01-27 15:36:47,570: DEBUG: In '19:59077632', 46 out of 90 samples will be removed due to having more than 100.0% missing genotypes
2014-01-27 15:36:47,576: DEBUG: In '17:59361230', 5 out of 90 samples will be removed due to having more than 100.0% missing genotypes
2014-01-27 15:36:47,581: DEBUG: In '16:16178910', 24 out of 90 samples will be removed due to having more than 100.0% missing genotypes
2014-01-27 15:36:47,585: DEBUG: In '10:123999114', 45 out of 90 samples will be removed due to having more than 100.0% missing genotypes
2014-01-27 15:36:47,621: DEBUG: In '15:23476187', 15 out of 90 samples will be removed due to having more than 100.0% missing genotypes
2014-01-27 15:36:47,624: DEBUG: In '19:8227937', 12 out of 90 samples will be removed due to having more than 100.0% missing genotypes
2014-01-27 15:36:47,601: DEBUG: In '19:51135579', 67 out of 90 samples will be removed due to having more than 100.0% missing genotypes
2014-01-27 15:36:47,636: DEBUG: In '4:44377222', 23 out of 90 samples will be removed due to having more than 100.0% missing genotypes
2014-01-27 15:36:47,641: DEBUG: In '13:27781061', 5 out of 90 samples will be removed due to having more than 100.0% missing genotypes
2014-01-27 15:36:47,645: DEBUG: In '10:119124048', 29 out of 90 samples will be removed due to having more than 100.0% missing genotypes
2014-01-27 15:36:47,649: DEBUG: In '17:31288972', 13 out of 90 samples will be removed due to having more than 100.0% missing genotypes
2014-01-27 15:36:47,652: DEBUG: In '6:84855904', 5 out of 90 samples will be removed due to having more than 100.0% missing genotypes
2014-01-27 15:36:47,661: DEBUG: In '6:90465310', 12 out of 90 samples will be removed due to having more than 100.0% missing genotypes
2014-01-27 15:36:47,673: DEBUG: In '1:17833932', 45 out of 90 samples will be removed due to having more than 100.0% missing genotypes
2014-01-27 15:36:47,688: DEBUG: In '19:2803744', 1 out of 90 samples will be removed due to having more than 100.0% missing genotypes
2014-01-27 15:36:47,693: DEBUG: In '8:25420877', 3 out of 90 samples will be removed due to having more than 100.0% missing genotypes
2014-01-27 15:36:47,705: DEBUG: In '2:182251700', 3 out of 90 samples will be removed due to having more than 100.0% missing genotypes
2014-01-27 15:36:47,708: DEBUG: In '16:1337816', 60 out of 90 samples will be removed due to having more than 100.0% missing genotypes
2014-01-27 15:36:47,712: DEBUG: In '1:113042575', 18 out of 90 samples will be removed due to having more than 100.0% missing genotypes
2014-01-27 15:36:47,720: DEBUG: In '2:241685470', 2 out of 90 samples will be removed due to having more than 100.0% missing genotypes
2014-01-27 15:36:47,725: DEBUG: In '6:133094309', 6 out of 90 samples will be removed due to having more than 100.0% missing genotypes
2014-01-27 15:36:47,733: DEBUG: In '14:96014631', 2 out of 90 samples will be removed due to having more than 100.0% missing genotypes
2014-01-27 15:36:47,752: DEBUG: In '17:36981342', 5 out of 90 samples will be removed due to having more than 100.0% missing genotypes
2014-01-27 15:36:47,765: DEBUG: In '1:46294104', 10 out of 90 samples will be removed due to having more than 100.0% missing genotypes
2014-01-27 15:36:47,768: DEBUG: In '19:5224571', 12 out of 90 samples will be removed due to having more than 100.0% missing genotypes
2014-01-27 15:36:47,771: DEBUG: In '22:43690908', 46 out of 90 samples will be removed due to having more than 100.0% missing genotypes
2014-01-27 15:36:47,781: DEBUG: In '1:35998535', 3 out of 90 samples will be removed due to having more than 100.0% missing genotypes
2014-01-27 15:36:47,787: DEBUG: In '13:72267643', 21 out of 90 samples will be removed due to having more than 100.0% missing genotypes
2014-01-27 15:36:47,796: DEBUG: In '9:35782423', 58 out of 90 samples will be removed due to having more than 100.0% missing genotypes
2014-01-27 15:36:47,808: DEBUG: In '22:18348971', 68 out of 90 samples will be removed due to having more than 100.0% missing genotypes
2014-01-27 15:36:47,815: DEBUG: In '12:122372172', 3 out of 90 samples will be removed due to having more than 100.0% missing genotypes
2014-01-27 15:36:47,825: DEBUG: In '16:88150906', 23 out of 90 samples will be removed due to having more than 100.0% missing genotypes
2014-01-27 15:36:47,837: DEBUG: In '17:32420754', 3 out of 90 samples will be removed due to having more than 100.0% missing genotypes
2014-01-27 15:36:47,840: DEBUG: In '3:106871843', 18 out of 90 samples will be removed due to having more than 100.0% missing genotypes
2014-01-27 15:36:47,842: DEBUG: In '1:112900057', 14 out of 90 samples will be removed due to having more than 100.0% missing genotypes
2014-01-27 15:36:47,848: DEBUG: In '1:150648744', 3 out of 90 samples will be removed due to having more than 100.0% missing genotypes
2014-01-27 15:36:47,852: DEBUG: In '6:31703861', 23 out of 90 samples will be removed due to having more than 100.0% missing genotypes
2014-01-27 15:36:47,860: DEBUG: In '6:30019098', 72 out of 90 samples will be removed due to having more than 100.0% missing genotypes
2014-01-27 15:36:47,880: DEBUG: In '7:102928587', 4 out of 90 samples will be removed due to having more than 100.0% missing genotypes
2014-01-27 15:36:47,893: DEBUG: In '3:106921647', 2 out of 90 samples will be removed due to having more than 100.0% missing genotypes
2014-01-27 15:36:47,901: DEBUG: In '12:54106388', 6 out of 90 samples will be removed due to having more than 100.0% missing genotypes
2014-01-27 15:36:47,904: DEBUG: In '16:54420213', 5 out of 90 samples will be removed due to having more than 100.0% missing genotypes
2014-01-27 15:36:47,874: DEBUG: In '22:37770095', 31 out of 90 samples will be removed due to having more than 100.0% missing genotypes
2014-01-27 15:36:47,912: DEBUG: In '6:144911478', 5 out of 90 samples will be removed due to having more than 100.0% missing genotypes
2014-01-27 15:36:47,921: DEBUG: In '7:103038397', 7 out of 90 samples will be removed due to having more than 100.0% missing genotypes
2014-01-27 15:36:47,928: DEBUG: In '12:9724895', 18 out of 90 samples will be removed due to having more than 100.0% missing genotypes
2014-01-27 15:36:47,938: DEBUG: In '5:7931192', 3 out of 90 samples will be removed due to having more than 100.0% missing genotypes
2014-01-27 15:36:47,943: DEBUG: In '4:178511559', 8 out of 90 samples will be removed due to having more than 100.0% missing genotypes
2014-01-27 15:36:47,949: DEBUG: In '9:125559889', 4 out of 90 samples will be removed due to having more than 100.0% missing genotypes
2014-01-27 15:36:47,956: DEBUG: In '1:35975172', 2 out of 90 samples will be removed due to having more than 100.0% missing genotypes
2014-01-27 15:36:47,964: DEBUG: In '6:30019298', 79 out of 90 samples will be removed due to having more than 100.0% missing genotypes
2014-01-27 15:36:47,969: DEBUG: In '7:44519763', 31 out of 90 samples will be removed due to having more than 100.0% missing genotypes
2014-01-27 15:36:47,981: DEBUG: In '12:100632476', 20 out of 90 samples will be removed due to having more than 100.0% missing genotypes
2014-01-27 15:36:47,996: DEBUG: In '20:56677802', 58 out of 90 samples will be removed due to having more than 100.0% missing genotypes
2014-01-27 15:36:48,001: DEBUG: In '10:97133816', 2 out of 90 samples will be removed due to having more than 100.0% missing genotypes
2014-01-27 15:36:48,013: DEBUG: In '6:7156817', 6 out of 90 samples will be removed due to having more than 100.0% missing genotypes
2014-01-27 15:36:48,025: DEBUG: In '17:54031367', 1 out of 90 samples will be removed due to having more than 100.0% missing genotypes
2014-01-27 15:36:48,028: DEBUG: In '12:9724791', 13 out of 90 samples will be removed due to having more than 100.0% missing genotypes
2014-01-27 15:36:48,036: DEBUG: In '16:54420263', 53 out of 90 samples will be removed due to having more than 100.0% missing genotypes
2014-01-27 15:36:48,041: DEBUG: In '15:83925487', 1 out of 90 samples will be removed due to having more than 100.0% missing genotypes
2014-01-27 15:36:48,046: DEBUG: In '3:110236950', 30 out of 90 samples will be removed due to having more than 100.0% missing genotypes
2014-01-27 15:36:48,052: DEBUG: In '1:76117299', 19 out of 90 samples will be removed due to having more than 100.0% missing genotypes
2014-01-27 15:36:48,087: DEBUG: In '1:89620032', 23 out of 90 samples will be removed due to having more than 100.0% missing genotypes
2014-01-27 15:36:48,090: DEBUG: In '5:234660', 25 out of 90 samples will be removed due to having more than 100.0% missing genotypes
2014-01-27 15:36:48,091: DEBUG: In '19:17698425', 85 out of 90 samples will be removed due to having more than 100.0% missing genotypes
2014-01-27 15:36:48,102: DEBUG: In '16:88147829', 48 out of 90 samples will be removed due to having more than 100.0% missing genotypes
2014-01-27 15:36:48,110: DEBUG: In '16:22988135', 2 out of 90 samples will be removed due to having more than 100.0% missing genotypes
2014-01-27 15:36:48,116: DEBUG: In '2:216721146', 15 out of 90 samples will be removed due to having more than 100.0% missing genotypes
2014-01-27 15:36:48,118: DEBUG: In '12:74071367', 24 out of 90 samples will be removed due to having more than 100.0% missing genotypes
2014-01-27 15:36:48,121: DEBUG: In '2:237908024', 9 out of 90 samples will be removed due to having more than 100.0% missing genotypes
2014-01-27 15:36:48,129: DEBUG: In '10:12249758', 6 out of 90 samples will be removed due to having more than 100.0% missing genotypes
2014-01-27 15:36:48,137: DEBUG: In '7:16789620', 22 out of 90 samples will be removed due to having more than 100.0% missing genotypes
2014-01-27 15:36:48,140: DEBUG: In '4:7825510', 34 out of 90 samples will be removed due to having more than 100.0% missing genotypes
2014-01-27 15:36:48,157: DEBUG: In '10:97131513', 3 out of 90 samples will be removed due to having more than 100.0% missing genotypes
2014-01-27 15:36:48,166: DEBUG: In '22:29190830', 9 out of 90 samples will be removed due to having more than 100.0% missing genotypes
2014-01-27 15:36:48,173: DEBUG: In '21:32981223', 33 out of 90 samples will be removed due to having more than 100.0% missing genotypes
2014-01-27 15:36:48,180: DEBUG: In '3:38332965', 36 out of 90 samples will be removed due to having more than 100.0% missing genotypes
2014-01-27 15:36:48,188: DEBUG: In '10:117476753', 11 out of 90 samples will be removed due to having more than 100.0% missing genotypes
2014-01-27 15:36:48,197: DEBUG: In '16:22987002', 1 out of 90 samples will be removed due to having more than 100.0% missing genotypes
2014-01-27 15:36:48,200: DEBUG: In '15:83923920', 1 out of 90 samples will be removed due to having more than 100.0% missing genotypes
2014-01-27 15:36:48,208: DEBUG: In '4:1379156', 80 out of 90 samples will be removed due to having more than 100.0% missing genotypes
2014-01-27 15:36:48,217: DEBUG: In '6:7192343', 41 out of 90 samples will be removed due to having more than 100.0% missing genotypes
2014-01-27 15:36:48,194: DEBUG: In '13:27791642', 6 out of 90 samples will be removed due to having more than 100.0% missing genotypes
2014-01-27 15:36:48,240: DEBUG: In '17:50513491', 6 out of 90 samples will be removed due to having more than 100.0% missing genotypes
2014-01-27 15:36:48,245: DEBUG: In '10:119033544', 2 out of 90 samples will be removed due to having more than 100.0% missing genotypes
2014-01-27 15:36:48,252: DEBUG: In '1:89622330', 3 out of 90 samples will be removed due to having more than 100.0% missing genotypes
2014-01-27 15:36:48,257: DEBUG: In '16:54420192', 35 out of 90 samples will be removed due to having more than 100.0% missing genotypes
2014-01-27 15:36:48,261: DEBUG: In '6:44340898', 51 out of 90 samples will be removed due to having more than 100.0% missing genotypes
2014-01-27 15:36:48,268: DEBUG: In '20:17880210', 34 out of 90 samples will be removed due to having more than 100.0% missing genotypes
2014-01-27 15:36:48,271: DEBUG: In '6:30019169', 73 out of 90 samples will be removed due to having more than 100.0% missing genotypes
2014-01-27 15:36:48,281: DEBUG: In '3:38322855', 4 out of 90 samples will be removed due to having more than 100.0% missing genotypes
2014-01-27 15:36:48,297: DEBUG: In '3:141889950', 4 out of 90 samples will be removed due to having more than 100.0% missing genotypes
2014-01-27 15:36:48,309: DEBUG: In '1:153293495', 11 out of 90 samples will be removed due to having more than 100.0% missing genotypes
2014-01-27 15:36:48,317: DEBUG: In '7:34833707', 7 out of 90 samples will be removed due to having more than 100.0% missing genotypes
2014-01-27 15:36:48,318: DEBUG: In '6:31709323', 33 out of 90 samples will be removed due to having more than 100.0% missing genotypes
2014-01-27 15:36:48,325: DEBUG: In '12:74186649', 25 out of 90 samples will be removed due to having more than 100.0% missing genotypes
2014-01-27 15:36:48,333: DEBUG: In '12:47463139', 54 out of 90 samples will be removed due to having more than 100.0% missing genotypes
2014-01-27 15:36:48,345: DEBUG: In '9:106400743', 7 out of 90 samples will be removed due to having more than 100.0% missing genotypes
2014-01-27 15:36:48,322: DEBUG: In '2:38390130', 22 out of 90 samples will be removed due to having more than 100.0% missing genotypes
2014-01-27 15:36:48,360: DEBUG: In '7:6003506', 19 out of 90 samples will be removed due to having more than 100.0% missing genotypes
2014-01-27 15:36:48,368: DEBUG: In '19:51515591', 39 out of 90 samples will be removed due to having more than 100.0% missing genotypes
2014-01-27 15:36:48,372: DEBUG: In '6:32919623', 39 out of 90 samples will be removed due to having more than 100.0% missing genotypes
2014-01-27 15:36:48,380: DEBUG: In '17:41429855', 63 out of 90 samples will be removed due to having more than 100.0% missing genotypes
2014-01-27 15:36:48,385: DEBUG: In '14:90751641', 11 out of 90 samples will be removed due to having more than 100.0% missing genotypes
2014-01-27 15:36:48,393: DEBUG: In '9:131624879', 3 out of 90 samples will be removed due to having more than 100.0% missing genotypes
2014-01-27 15:36:48,400: DEBUG: In '2:220110915', 53 out of 90 samples will be removed due to having more than 100.0% missing genotypes
2014-01-27 15:36:48,412: DEBUG: In '6:31712570', 9 out of 90 samples will be removed due to having more than 100.0% missing genotypes
2014-01-27 15:36:48,420: DEBUG: In '5:196197', 21 out of 90 samples will be removed due to having more than 100.0% missing genotypes
2014-01-27 15:36:48,437: DEBUG: In '2:201758922', 7 out of 90 samples will be removed due to having more than 100.0% missing genotypes
2014-01-27 15:36:48,447: DEBUG: In '19:59665092', 39 out of 90 samples will be removed due to having more than 100.0% missing genotypes
2014-01-27 15:36:48,459: DEBUG: In '22:38747517', 60 out of 90 samples will be removed due to having more than 100.0% missing genotypes
2014-01-27 15:36:48,467: DEBUG: In '3:110160511', 32 out of 90 samples will be removed due to having more than 100.0% missing genotypes
2014-01-27 15:36:48,472: DEBUG: In '15:23475632', 14 out of 90 samples will be removed due to having more than 100.0% missing genotypes
2014-01-27 15:36:48,474: DEBUG: In '4:154416684', 9 out of 90 samples will be removed due to having more than 100.0% missing genotypes
2014-01-27 15:36:48,481: DEBUG: In '14:77098556', 3 out of 90 samples will be removed due to having more than 100.0% missing genotypes
2014-01-27 15:36:48,497: DEBUG: In '1:203539723', 18 out of 90 samples will be removed due to having more than 100.0% missing genotypes
2014-01-27 15:36:48,500: DEBUG: In '6:99481121', 2 out of 90 samples will be removed due to having more than 100.0% missing genotypes
2014-01-27 15:36:48,509: DEBUG: In '6:30051046', 37 out of 90 samples will be removed due to having more than 100.0% missing genotypes
2014-01-27 15:36:48,513: DEBUG: In '1:20903633', 25 out of 90 samples will be removed due to having more than 100.0% missing genotypes
2014-01-27 15:36:48,521: DEBUG: In '1:18022097', 17 out of 90 samples will be removed due to having more than 100.0% missing genotypes
2014-01-27 15:36:48,490: DEBUG: In '6:30018619', 77 out of 90 samples will be removed due to having more than 100.0% missing genotypes
2014-01-27 15:36:48,536: DEBUG: In '11:423867', 63 out of 90 samples will be removed due to having more than 100.0% missing genotypes
2014-01-27 15:36:48,548: DEBUG: In '22:18349106', 53 out of 90 samples will be removed due to having more than 100.0% missing genotypes
2014-01-27 15:36:48,557: DEBUG: In '6:53627816', 4 out of 90 samples will be removed due to having more than 100.0% missing genotypes
2014-01-27 15:36:48,560: DEBUG: In '1:224120956', 18 out of 90 samples will be removed due to having more than 100.0% missing genotypes
2014-01-27 15:36:48,568: DEBUG: In '1:163799370', 15 out of 90 samples will be removed due to having more than 100.0% missing genotypes
2014-01-27 15:36:48,573: DEBUG: In '2:240714998', 8 out of 90 samples will be removed due to having more than 100.0% missing genotypes
2014-01-27 15:36:48,576: DEBUG: In '3:110236904', 26 out of 90 samples will be removed due to having more than 100.0% missing genotypes
2014-01-27 15:36:48,581: DEBUG: In '11:6899302', 1 out of 90 samples will be removed due to having more than 100.0% missing genotypes
2014-01-27 15:36:48,593: DEBUG: In '5:1496199', 28 out of 90 samples will be removed due to having more than 100.0% missing genotypes
2014-01-27 15:36:48,613: DEBUG: In '12:95657868', 24 out of 90 samples will be removed due to having more than 100.0% missing genotypes
2014-01-27 15:36:48,625: DEBUG: In '17:77966666', 32 out of 90 samples will be removed due to having more than 100.0% missing genotypes
2014-01-27 15:36:48,627: DEBUG: In '10:134011623', 9 out of 90 samples will be removed due to having more than 100.0% missing genotypes
2014-01-27 15:36:48,633: DEBUG: In '16:87171506', 15 out of 90 samples will be removed due to having more than 100.0% missing genotypes
2014-01-27 15:36:48,641: DEBUG: In '1:227839316', 1 out of 90 samples will be removed due to having more than 100.0% missing genotypes
2014-01-27 15:36:48,642: DEBUG: In '3:56738565', 1 out of 90 samples will be removed due to having more than 100.0% missing genotypes
2014-01-27 15:36:48,652: DEBUG: In '2:160419168', 14 out of 90 samples will be removed due to having more than 100.0% missing genotypes
2014-01-27 15:36:48,660: DEBUG: In '1:159397325', 37 out of 90 samples will be removed due to having more than 100.0% missing genotypes
2014-01-27 15:36:48,668: DEBUG: In '20:20098027', 17 out of 90 samples will be removed due to having more than 100.0% missing genotypes
2014-01-27 15:36:48,677: DEBUG: In '5:121516405', 3 out of 90 samples will be removed due to having more than 100.0% missing genotypes
2014-01-27 15:36:48,685: DEBUG: In '6:85530477', 80 out of 90 samples will be removed due to having more than 100.0% missing genotypes
2014-01-27 15:36:48,692: DEBUG: In '11:113906457', 37 out of 90 samples will be removed due to having more than 100.0% missing genotypes
2014-01-27 15:36:48,701: DEBUG: In '8:133989700', 12 out of 90 samples will be removed due to having more than 100.0% missing genotypes
2014-01-27 15:36:48,703: DEBUG: In '19:41031087', 18 out of 90 samples will be removed due to having more than 100.0% missing genotypes
2014-01-27 15:36:48,712: DEBUG: In '22:22912041', 42 out of 90 samples will be removed due to having more than 100.0% missing genotypes
2014-01-27 15:36:48,723: DEBUG: In '19:59357782', 46 out of 90 samples will be removed due to having more than 100.0% missing genotypes
2014-01-27 15:36:48,729: DEBUG: In '15:23504535', 12 out of 90 samples will be removed due to having more than 100.0% missing genotypes
2014-01-27 15:36:48,740: DEBUG: In '19:59666130', 73 out of 90 samples will be removed due to having more than 100.0% missing genotypes
2014-01-27 15:36:48,749: DEBUG: In '15:23513151', 7 out of 90 samples will be removed due to having more than 100.0% missing genotypes
2014-01-27 15:36:48,754: DEBUG: In '1:17853771', 22 out of 90 samples will be removed due to having more than 100.0% missing genotypes
2014-01-27 15:36:48,756: DEBUG: In '1:26230254', 30 out of 90 samples will be removed due to having more than 100.0% missing genotypes
2014-01-27 15:36:48,765: DEBUG: In '19:5161782', 31 out of 90 samples will be removed due to having more than 100.0% missing genotypes
2014-01-27 15:36:48,768: DEBUG: In '1:36008042', 42 out of 90 samples will be removed due to having more than 100.0% missing genotypes
2014-01-27 15:36:48,784: DEBUG: In '19:18360422', 80 out of 90 samples will be removed due to having more than 100.0% missing genotypes
2014-01-27 15:36:48,809: DEBUG: In '17:3368782', 1 out of 90 samples will be removed due to having more than 100.0% missing genotypes
2014-01-27 15:36:48,813: DEBUG: In '11:123259168', 3 out of 90 samples will be removed due to having more than 100.0% missing genotypes
2014-01-27 15:36:48,815: DEBUG: In '10:15014911', 32 out of 90 samples will be removed due to having more than 100.0% missing genotypes
2014-01-27 15:36:48,790: DEBUG: In '9:135331999', 49 out of 90 samples will be removed due to having more than 100.0% missing genotypes
2014-01-27 15:36:48,825: DEBUG: In '7:156435726', 27 out of 90 samples will be removed due to having more than 100.0% missing genotypes
2014-01-27 15:36:48,829: DEBUG: In '8:42164111', 39 out of 90 samples will be removed due to having more than 100.0% missing genotypes
2014-01-27 15:36:48,836: DEBUG: In '2:100283541', 6 out of 90 samples will be removed due to having more than 100.0% missing genotypes
2014-01-27 15:36:48,846: DEBUG: In '5:175934750', 35 out of 90 samples will be removed due to having more than 100.0% missing genotypes
2014-01-27 15:36:48,860: DEBUG: In '7:129810775', 11 out of 90 samples will be removed due to having more than 100.0% missing genotypes
2014-01-27 15:36:48,864: DEBUG: In '1:151928964', 48 out of 90 samples will be removed due to having more than 100.0% missing genotypes
2014-01-27 15:36:48,872: DEBUG: In '12:131938315', 52 out of 90 samples will be removed due to having more than 100.0% missing genotypes
2014-01-27 15:36:48,877: DEBUG: In '10:118358596', 6 out of 90 samples will be removed due to having more than 100.0% missing genotypes
2014-01-27 15:36:48,880: DEBUG: In '4:8444994', 16 out of 90 samples will be removed due to having more than 100.0% missing genotypes
2014-01-27 15:36:48,889: DEBUG: In '17:30796771', 13 out of 90 samples will be removed due to having more than 100.0% missing genotypes
2014-01-27 15:36:48,892: DEBUG: In '12:95660349', 8 out of 90 samples will be removed due to having more than 100.0% missing genotypes
2014-01-27 15:36:48,908: DEBUG: In '7:99809770', 50 out of 90 samples will be removed due to having more than 100.0% missing genotypes
2014-01-27 15:36:48,913: DEBUG: In '11:107886457', 1 out of 90 samples will be removed due to having more than 100.0% missing genotypes
2014-01-27 15:36:48,933: DEBUG: In '7:44545705', 25 out of 90 samples will be removed due to having more than 100.0% missing genotypes
2014-01-27 15:36:48,935: DEBUG: In '19:59086777', 5 out of 90 samples will be removed due to having more than 100.0% missing genotypes
2014-01-27 15:36:48,943: DEBUG: In '22:29153196', 34 out of 90 samples will be removed due to having more than 100.0% missing genotypes
2014-01-27 15:36:48,949: DEBUG: In '4:169669902', 26 out of 90 samples will be removed due to having more than 100.0% missing genotypes
2014-01-27 15:36:48,953: DEBUG: In '10:101629786', 1 out of 90 samples will be removed due to having more than 100.0% missing genotypes
2014-01-27 15:36:48,957: DEBUG: In '11:5522688', 1 out of 90 samples will be removed due to having more than 100.0% missing genotypes
2014-01-27 15:36:48,960: DEBUG: In '9:730901', 5 out of 90 samples will be removed due to having more than 100.0% missing genotypes
2014-01-27 15:36:48,976: DEBUG: In '19:15869257', 36 out of 90 samples will be removed due to having more than 100.0% missing genotypes
2014-01-27 15:36:48,997: DEBUG: In '20:61763716', 15 out of 90 samples will be removed due to having more than 100.0% missing genotypes
2014-01-27 15:36:49,000: DEBUG: In '6:28378026', 12 out of 90 samples will be removed due to having more than 100.0% missing genotypes
2014-01-27 15:36:49,001: DEBUG: In '10:46507836', 2 out of 90 samples will be removed due to having more than 100.0% missing genotypes
2014-01-27 15:36:49,009: DEBUG: In '2:160381772', 15 out of 90 samples will be removed due to having more than 100.0% missing genotypes
2014-01-27 15:36:49,016: DEBUG: In '10:123960559', 19 out of 90 samples will be removed due to having more than 100.0% missing genotypes
2014-01-27 15:36:49,021: DEBUG: In '7:128146369', 17 out of 90 samples will be removed due to having more than 100.0% missing genotypes
2014-01-27 15:36:49,024: DEBUG: In '18:10461732', 15 out of 90 samples will be removed due to having more than 100.0% missing genotypes
2014-01-27 15:36:49,036: DEBUG: In '6:30019128', 59 out of 90 samples will be removed due to having more than 100.0% missing genotypes
2014-01-27 15:36:49,048: DEBUG: In '6:31946692', 35 out of 90 samples will be removed due to having more than 100.0% missing genotypes
2014-01-27 15:36:49,073: DEBUG: In '8:134213295', 14 out of 90 samples will be removed due to having more than 100.0% missing genotypes
2014-01-27 15:36:49,074: DEBUG: In '6:90459561', 21 out of 90 samples will be removed due to having more than 100.0% missing genotypes
2014-01-27 15:36:49,078: DEBUG: In '21:37366751', 31 out of 90 samples will be removed due to having more than 100.0% missing genotypes
2014-01-27 15:36:49,084: DEBUG: In '5:234762', 22 out of 90 samples will be removed due to having more than 100.0% missing genotypes
2014-01-27 15:36:49,089: DEBUG: In '17:30792496', 61 out of 90 samples will be removed due to having more than 100.0% missing genotypes
2014-01-27 15:36:49,095: DEBUG: In '6:144920030', 3 out of 90 samples will be removed due to having more than 100.0% missing genotypes
2014-01-27 15:36:49,101: DEBUG: In '1:202854763', 19 out of 90 samples will be removed due to having more than 100.0% missing genotypes
2014-01-27 15:36:49,119: DEBUG: In '12:62806073', 2 out of 90 samples will be removed due to having more than 100.0% missing genotypes
2014-01-27 15:36:49,127: DEBUG: In '1:11633148', 52 out of 90 samples will be removed due to having more than 100.0% missing genotypes
2014-01-27 15:36:49,137: DEBUG: In '10:46507686', 1 out of 90 samples will be removed due to having more than 100.0% missing genotypes
2014-01-27 15:36:49,141: DEBUG: In '18:9878027', 1 out of 90 samples will be removed due to having more than 100.0% missing genotypes
2014-01-27 15:36:49,144: DEBUG: In '6:90447164', 14 out of 90 samples will be removed due to having more than 100.0% missing genotypes
2014-01-27 15:36:49,114: DEBUG: In '12:88553032', 4 out of 90 samples will be removed due to having more than 100.0% missing genotypes
2014-01-27 15:36:49,160: DEBUG: In '21:32933283', 22 out of 90 samples will be removed due to having more than 100.0% missing genotypes
2014-01-27 15:36:49,178: DEBUG: In '12:27362133', 17 out of 90 samples will be removed due to having more than 100.0% missing genotypes
2014-01-27 15:36:49,180: DEBUG: In '9:110658030', 41 out of 90 samples will be removed due to having more than 100.0% missing genotypes
2014-01-27 15:36:49,185: DEBUG: In '19:10599639', 15 out of 90 samples will be removed due to having more than 100.0% missing genotypes
2014-01-27 15:36:49,187: DEBUG: In '14:22310168', 1 out of 90 samples will be removed due to having more than 100.0% missing genotypes
2014-01-27 15:36:49,200: DEBUG: In '7:99809249', 58 out of 90 samples will be removed due to having more than 100.0% missing genotypes
2014-01-27 15:36:49,205: DEBUG: In '14:22618623', 20 out of 90 samples will be removed due to having more than 100.0% missing genotypes
2014-01-27 15:36:49,212: DEBUG: In '20:61666110', 58 out of 90 samples will be removed due to having more than 100.0% missing genotypes
2014-01-27 15:36:49,225: DEBUG: In '16:1334508', 23 out of 90 samples will be removed due to having more than 100.0% missing genotypes
2014-01-27 15:36:49,230: DEBUG: In '19:3604525', 37 out of 90 samples will be removed due to having more than 100.0% missing genotypes
2014-01-27 15:36:49,241: DEBUG: In '15:83924466', 1 out of 90 samples will be removed due to having more than 100.0% missing genotypes
2014-01-27 15:36:49,247: DEBUG: In '5:140559542', 2 out of 90 samples will be removed due to having more than 100.0% missing genotypes
2014-01-27 15:36:49,257: DEBUG: In '4:128909386', 21 out of 90 samples will be removed due to having more than 100.0% missing genotypes
2014-01-27 15:36:49,262: DEBUG: In '5:175748480', 34 out of 90 samples will be removed due to having more than 100.0% missing genotypes
2014-01-27 15:36:49,280: DEBUG: In '9:110657162', 30 out of 90 samples will be removed due to having more than 100.0% missing genotypes
2014-01-27 15:36:49,282: DEBUG: In '6:144800492', 2 out of 90 samples will be removed due to having more than 100.0% missing genotypes
2014-01-27 15:36:49,282: DEBUG: In '4:7853127', 4 out of 90 samples will be removed due to having more than 100.0% missing genotypes
2014-01-27 15:36:49,296: DEBUG: In '14:101638120', 4 out of 90 samples will be removed due to having more than 100.0% missing genotypes
2014-01-27 15:36:49,300: DEBUG: In '20:61666377', 55 out of 90 samples will be removed due to having more than 100.0% missing genotypes
2014-01-27 15:36:49,309: DEBUG: In '2:219318677', 24 out of 90 samples will be removed due to having more than 100.0% missing genotypes
2014-01-27 15:36:49,312: DEBUG: In '6:25957599', 8 out of 90 samples will be removed due to having more than 100.0% missing genotypes
2014-01-27 15:36:49,317: DEBUG: In '2:136126044', 32 out of 90 samples will be removed due to having more than 100.0% missing genotypes
2014-01-27 15:36:49,325: DEBUG: In '14:34943521', 46 out of 90 samples will be removed due to having more than 100.0% missing genotypes
2014-01-27 15:36:49,329: DEBUG: In '10:46507084', 3 out of 90 samples will be removed due to having more than 100.0% missing genotypes
2014-01-27 15:36:49,337: DEBUG: In '22:29187373', 17 out of 90 samples will be removed due to having more than 100.0% missing genotypes
2014-01-27 15:36:49,353: DEBUG: In '4:24863093', 5 out of 90 samples will be removed due to having more than 100.0% missing genotypes
2014-01-27 15:36:49,361: DEBUG: In '18:12264104', 11 out of 90 samples will be removed due to having more than 100.0% missing genotypes
2014-01-27 15:36:49,373: DEBUG: In '4:104281442', 14 out of 90 samples will be removed due to having more than 100.0% missing genotypes
2014-01-27 15:36:49,377: DEBUG: In '3:188437018', 10 out of 90 samples will be removed due to having more than 100.0% missing genotypes
2014-01-27 15:36:49,380: DEBUG: In '10:15016420', 48 out of 90 samples will be removed due to having more than 100.0% missing genotypes
2014-01-27 15:36:49,393: DEBUG: In '12:9713654', 3 out of 90 samples will be removed due to having more than 100.0% missing genotypes
2014-01-27 15:36:49,397: DEBUG: In '12:56295639', 2 out of 90 samples will be removed due to having more than 100.0% missing genotypes
2014-01-27 15:36:49,410: DEBUG: In '16:28525053', 62 out of 90 samples will be removed due to having more than 100.0% missing genotypes
2014-01-27 15:36:49,420: DEBUG: In '17:34180257', 14 out of 90 samples will be removed due to having more than 100.0% missing genotypes
2014-01-27 15:36:49,433: DEBUG: In '1:34435998', 10 out of 90 samples will be removed due to having more than 100.0% missing genotypes
2014-01-27 15:36:49,442: DEBUG: In '19:8232866', 33 out of 90 samples will be removed due to having more than 100.0% missing genotypes
2014-01-27 15:36:49,444: DEBUG: In '1:52840681', 72 out of 90 samples will be removed due to having more than 100.0% missing genotypes
2014-01-27 15:36:49,450: DEBUG: In '21:25900821', 10 out of 90 samples will be removed due to having more than 100.0% missing genotypes
2014-01-27 15:36:49,461: DEBUG: In '1:34435767', 4 out of 90 samples will be removed due to having more than 100.0% missing genotypes
2014-01-27 15:36:49,465: DEBUG: In '8:134177728', 3 out of 90 samples will be removed due to having more than 100.0% missing genotypes
2014-01-27 15:36:49,485: DEBUG: In '8:32572900', 17 out of 90 samples will be removed due to having more than 100.0% missing genotypes
2014-01-27 15:36:49,488: DEBUG: In '12:111064454', 5 out of 90 samples will be removed due to having more than 100.0% missing genotypes
2014-01-27 15:36:49,493: DEBUG: In '7:128146127', 2 out of 90 samples will be removed due to having more than 100.0% missing genotypes
2014-01-27 15:36:49,501: DEBUG: In '9:702137', 2 out of 90 samples will be removed due to having more than 100.0% missing genotypes
2014-01-27 15:36:49,482: DEBUG: In '12:120196460', 57 out of 90 samples will be removed due to having more than 100.0% missing genotypes
2014-01-27 15:36:49,525: DEBUG: In '19:15714080', 21 out of 90 samples will be removed due to having more than 100.0% missing genotypes
2014-01-27 15:36:49,535: DEBUG: In '1:202854192', 36 out of 90 samples will be removed due to having more than 100.0% missing genotypes
2014-01-27 15:36:49,541: DEBUG: In '15:67439505', 6 out of 90 samples will be removed due to having more than 100.0% missing genotypes
2014-01-27 15:36:49,545: DEBUG: In '12:122365927', 7 out of 90 samples will be removed due to having more than 100.0% missing genotypes
2014-01-27 15:36:49,553: DEBUG: In '9:137121948', 26 out of 90 samples will be removed due to having more than 100.0% missing genotypes
2014-01-27 15:36:49,564: DEBUG: In '19:17698090', 61 out of 90 samples will be removed due to having more than 100.0% missing genotypes
2014-01-27 15:36:49,568: DEBUG: In '5:227106', 12 out of 90 samples will be removed due to having more than 100.0% missing genotypes
2014-01-27 15:36:49,583: DEBUG: In '14:93982552', 4 out of 90 samples will be removed due to having more than 100.0% missing genotypes
2014-01-27 15:36:49,589: DEBUG: In '19:4239332', 22 out of 90 samples will be removed due to having more than 100.0% missing genotypes
2014-01-27 15:36:49,599: DEBUG: In '17:36189402', 36 out of 90 samples will be removed due to having more than 100.0% missing genotypes
2014-01-27 15:36:49,605: DEBUG: In '9:123143344', 1 out of 90 samples will be removed due to having more than 100.0% missing genotypes
2014-01-27 15:36:49,609: DEBUG: In '8:19864004', 4 out of 90 samples will be removed due to having more than 100.0% missing genotypes
2014-01-27 15:36:49,612: DEBUG: In '2:237942312', 7 out of 90 samples will be removed due to having more than 100.0% missing genotypes
2014-01-27 15:36:49,624: DEBUG: In '21:39113508', 14 out of 90 samples will be removed due to having more than 100.0% missing genotypes
2014-01-27 15:36:49,629: DEBUG: In '16:68309874', 4 out of 90 samples will be removed due to having more than 100.0% missing genotypes
2014-01-27 15:36:49,649: DEBUG: In '4:164612567', 1 out of 90 samples will be removed due to having more than 100.0% missing genotypes
2014-01-27 15:36:49,655: DEBUG: In '18:61681120', 4 out of 90 samples will be removed due to having more than 100.0% missing genotypes
2014-01-27 15:36:49,659: DEBUG: In '17:55476235', 3 out of 90 samples will be removed due to having more than 100.0% missing genotypes
2014-01-27 15:36:49,673: DEBUG: In '16:56319902', 26 out of 90 samples will be removed due to having more than 100.0% missing genotypes
2014-01-27 15:36:49,677: DEBUG: In '19:18358024', 36 out of 90 samples will be removed due to having more than 100.0% missing genotypes
2014-01-27 15:36:49,679: DEBUG: In '18:9265542', 10 out of 90 samples will be removed due to having more than 100.0% missing genotypes
2014-01-27 15:36:49,691: DEBUG: In '7:16782525', 10 out of 90 samples will be removed due to having more than 100.0% missing genotypes
2014-01-27 15:36:49,694: DEBUG: An ERROR has occurred in process 3 while processing '6:30018721': Sample size too small (2) to be analyzed for '6:30018721'.
2014-01-27 15:36:49,707: DEBUG: In '6:31240935', 43 out of 90 samples will be removed due to having more than 100.0% missing genotypes
2014-01-27 15:36:49,717: DEBUG: In '1:20897488', 22 out of 90 samples will be removed due to having more than 100.0% missing genotypes
2014-01-27 15:36:49,723: DEBUG: In '19:60999395', 3 out of 90 samples will be removed due to having more than 100.0% missing genotypes
2014-01-27 15:36:49,729: DEBUG: In '4:169669248', 6 out of 90 samples will be removed due to having more than 100.0% missing genotypes
2014-01-27 15:36:49,732: DEBUG: In '1:207874595', 52 out of 90 samples will be removed due to having more than 100.0% missing genotypes
2014-01-27 15:36:49,741: DEBUG: In '5:74717529', 17 out of 90 samples will be removed due to having more than 100.0% missing genotypes
2014-01-27 15:36:49,745: DEBUG: In '17:25636574', 4 out of 90 samples will be removed due to having more than 100.0% missing genotypes
2014-01-27 15:36:49,756: DEBUG: In '20:61794733', 41 out of 90 samples will be removed due to having more than 100.0% missing genotypes
2014-01-27 15:36:49,771: DEBUG: In '19:44663272', 59 out of 90 samples will be removed due to having more than 100.0% missing genotypes
2014-01-27 15:36:49,781: DEBUG: In '20:61668792', 45 out of 90 samples will be removed due to having more than 100.0% missing genotypes
2014-01-27 15:36:49,784: DEBUG: In '13:38161731', 3 out of 90 samples will be removed due to having more than 100.0% missing genotypes
2014-01-27 15:36:49,797: DEBUG: In '19:51666073', 9 out of 90 samples will be removed due to having more than 100.0% missing genotypes
2014-01-27 15:36:49,800: DEBUG: In '14:80452598', 2 out of 90 samples will be removed due to having more than 100.0% missing genotypes
2014-01-27 15:36:49,805: DEBUG: In '10:50500177', 26 out of 90 samples will be removed due to having more than 100.0% missing genotypes
2014-01-27 15:36:49,816: DEBUG: In '22:38613373', 6 out of 90 samples will be removed due to having more than 100.0% missing genotypes
2014-01-27 15:36:49,820: DEBUG: In '11:8663809', 17 out of 90 samples will be removed due to having more than 100.0% missing genotypes
2014-01-27 15:36:49,830: DEBUG: In '3:191195899', 11 out of 90 samples will be removed due to having more than 100.0% missing genotypes
2014-01-27 15:36:49,845: DEBUG: In '2:230750520', 4 out of 90 samples will be removed due to having more than 100.0% missing genotypes
2014-01-27 15:36:49,848: DEBUG: In '20:60474346', 51 out of 90 samples will be removed due to having more than 100.0% missing genotypes
2014-01-27 15:36:49,857: DEBUG: In '8:133969434', 6 out of 90 samples will be removed due to having more than 100.0% missing genotypes
2014-01-27 15:36:49,864: DEBUG: In '5:216205', 55 out of 90 samples will be removed due to having more than 100.0% missing genotypes
2014-01-27 15:36:49,873: DEBUG: In '7:102911443', 17 out of 90 samples will be removed due to having more than 100.0% missing genotypes
2014-01-27 15:36:49,879: DEBUG: In '1:159434813', 47 out of 90 samples will be removed due to having more than 100.0% missing genotypes
2014-01-27 15:36:49,884: DEBUG: In '1:18022153', 14 out of 90 samples will be removed due to having more than 100.0% missing genotypes
2014-01-27 15:36:49,862: DEBUG: In '14:56811303', 9 out of 90 samples will be removed due to having more than 100.0% missing genotypes
2014-01-27 15:36:49,901: DEBUG: In '1:89621856', 6 out of 90 samples will be removed due to having more than 100.0% missing genotypes
2014-01-27 15:36:49,912: DEBUG: In '20:56677899', 53 out of 90 samples will be removed due to having more than 100.0% missing genotypes
2014-01-27 15:36:49,922: DEBUG: In '1:18025169', 24 out of 90 samples will be removed due to having more than 100.0% missing genotypes
2014-01-27 15:36:49,924: DEBUG: In '3:38026945', 27 out of 90 samples will be removed due to having more than 100.0% missing genotypes
2014-01-27 15:36:49,927: DEBUG: In '12:131729904', 31 out of 90 samples will be removed due to having more than 100.0% missing genotypes
2014-01-27 15:36:49,933: DEBUG: In '10:97096155', 16 out of 90 samples will be removed due to having more than 100.0% missing genotypes
2014-01-27 15:36:49,947: DEBUG: In '19:15867413', 43 out of 90 samples will be removed due to having more than 100.0% missing genotypes
2014-01-27 15:36:49,950: DEBUG: In '3:47257307', 13 out of 90 samples will be removed due to having more than 100.0% missing genotypes
2014-01-27 15:36:49,965: DEBUG: In '5:150545201', 8 out of 90 samples will be removed due to having more than 100.0% missing genotypes
2014-01-27 15:36:49,972: DEBUG: In '18:2882474', 10 out of 90 samples will be removed due to having more than 100.0% missing genotypes
2014-01-27 15:36:49,981: DEBUG: In '18:61662156', 5 out of 90 samples will be removed due to having more than 100.0% missing genotypes
2014-01-27 15:36:49,985: DEBUG: In '21:33709182', 12 out of 90 samples will be removed due to having more than 100.0% missing genotypes
2014-01-27 15:36:49,993: DEBUG: In '18:26974145', 4 out of 90 samples will be removed due to having more than 100.0% missing genotypes
2014-01-27 15:36:50,005: DEBUG: In '19:18358141', 25 out of 90 samples will be removed due to having more than 100.0% missing genotypes
2014-01-27 15:36:50,012: DEBUG: In '12:11065543', 12 out of 90 samples will be removed due to having more than 100.0% missing genotypes
2014-01-27 15:36:50,018: DEBUG: In '15:41333020', 12 out of 90 samples will be removed due to having more than 100.0% missing genotypes
2014-01-27 15:36:50,025: DEBUG: In '7:137243679', 31 out of 90 samples will be removed due to having more than 100.0% missing genotypes
2014-01-27 15:36:50,037: DEBUG: In '3:47137665', 3 out of 90 samples will be removed due to having more than 100.0% missing genotypes
2014-01-27 15:36:50,045: DEBUG: In '11:6435195', 24 out of 90 samples will be removed due to having more than 100.0% missing genotypes
2014-01-27 15:36:50,048: DEBUG: In '4:104278991', 14 out of 90 samples will be removed due to having more than 100.0% missing genotypes
2014-01-27 15:36:50,053: DEBUG: In '2:27740538', 27 out of 90 samples will be removed due to having more than 100.0% missing genotypes
2014-01-27 15:36:50,061: DEBUG: In '15:59960199', 20 out of 90 samples will be removed due to having more than 100.0% missing genotypes
2014-01-27 15:36:50,068: DEBUG: In '6:30018642', 75 out of 90 samples will be removed due to having more than 100.0% missing genotypes
2014-01-27 15:36:50,075: DEBUG: In '5:171466261', 36 out of 90 samples will be removed due to having more than 100.0% missing genotypes
2014-01-27 15:36:50,089: DEBUG: In '17:70033492', 4 out of 90 samples will be removed due to having more than 100.0% missing genotypes
2014-01-27 15:36:50,108: DEBUG: In '5:159709215', 25 out of 90 samples will be removed due to having more than 100.0% missing genotypes
2014-01-27 15:36:50,115: DEBUG: In '15:72064848', 61 out of 90 samples will be removed due to having more than 100.0% missing genotypes
2014-01-27 15:36:50,119: DEBUG: In '2:234632278', 5 out of 90 samples will be removed due to having more than 100.0% missing genotypes
2014-01-27 15:36:50,125: DEBUG: In '3:142480010', 11 out of 90 samples will be removed due to having more than 100.0% missing genotypes
2014-01-27 15:36:50,129: DEBUG: In '11:77613814', 1 out of 90 samples will be removed due to having more than 100.0% missing genotypes
2014-01-27 15:36:50,143: DEBUG: In '19:57312081', 28 out of 90 samples will be removed due to having more than 100.0% missing genotypes
2014-01-27 15:36:50,145: DEBUG: In '7:120766325', 3 out of 90 samples will be removed due to having more than 100.0% missing genotypes
2014-01-27 15:36:50,165: DEBUG: In '2:158152135', 6 out of 90 samples will be removed due to having more than 100.0% missing genotypes
2014-01-27 15:36:50,171: DEBUG: In '11:65406560', 22 out of 90 samples will be removed due to having more than 100.0% missing genotypes
2014-01-27 15:36:50,174: DEBUG: In '1:227856671', 3 out of 90 samples will be removed due to having more than 100.0% missing genotypes
2014-01-27 15:36:50,181: DEBUG: In '10:117218784', 34 out of 90 samples will be removed due to having more than 100.0% missing genotypes
2014-01-27 15:36:50,185: DEBUG: In '19:15163844', 41 out of 90 samples will be removed due to having more than 100.0% missing genotypes
2014-01-27 15:36:50,197: DEBUG: In '19:12117358', 30 out of 90 samples will be removed due to having more than 100.0% missing genotypes
2014-01-27 15:36:50,204: DEBUG: In '7:120757005', 39 out of 90 samples will be removed due to having more than 100.0% missing genotypes
2014-01-27 15:36:50,217: DEBUG: In '3:109420098', 22 out of 90 samples will be removed due to having more than 100.0% missing genotypes
2014-01-27 15:36:50,225: DEBUG: In '5:178291463', 18 out of 90 samples will be removed due to having more than 100.0% missing genotypes
2014-01-27 15:36:50,237: DEBUG: In '11:124129360', 30 out of 90 samples will be removed due to having more than 100.0% missing genotypes
2014-01-27 15:36:50,240: DEBUG: In '9:35792583', 1 out of 90 samples will be removed due to having more than 100.0% missing genotypes
2014-01-27 15:36:50,244: DEBUG: In '14:98712113', 79 out of 90 samples will be removed due to having more than 100.0% missing genotypes
2014-01-27 15:36:50,253: DEBUG: In '14:50181235', 5 out of 90 samples will be removed due to having more than 100.0% missing genotypes
2014-01-27 15:36:50,261: DEBUG: In '10:123960712', 12 out of 90 samples will be removed due to having more than 100.0% missing genotypes
2014-01-27 15:36:50,264: DEBUG: In '2:234266704', 1 out of 90 samples will be removed due to having more than 100.0% missing genotypes
2014-01-27 15:36:50,288: DEBUG: In '15:83184149', 30 out of 90 samples will be removed due to having more than 100.0% missing genotypes
2014-01-27 15:36:50,293: DEBUG: In '12:124019068', 24 out of 90 samples will be removed due to having more than 100.0% missing genotypes
2014-01-27 15:36:50,299: DEBUG: In '10:119124605', 79 out of 90 samples will be removed due to having more than 100.0% missing genotypes
2014-01-27 15:36:50,309: DEBUG: In '5:141288017', 20 out of 90 samples will be removed due to having more than 100.0% missing genotypes
2014-01-27 15:36:50,313: DEBUG: In '18:46057352', 7 out of 90 samples will be removed due to having more than 100.0% missing genotypes
2014-01-27 15:36:50,321: DEBUG: In '20:61767844', 28 out of 90 samples will be removed due to having more than 100.0% missing genotypes
2014-01-27 15:36:50,327: DEBUG: In '4:178468146', 51 out of 90 samples will be removed due to having more than 100.0% missing genotypes
2014-01-27 15:36:50,331: DEBUG: In '14:90740877', 20 out of 90 samples will be removed due to having more than 100.0% missing genotypes
2014-01-27 15:36:50,337: DEBUG: In '15:88601453', 1 out of 90 samples will be removed due to having more than 100.0% missing genotypes
2014-01-27 15:36:50,341: DEBUG: In '7:102943100', 16 out of 90 samples will be removed due to having more than 100.0% missing genotypes
2014-01-27 15:36:50,353: DEBUG: In '14:20319964', 2 out of 90 samples will be removed due to having more than 100.0% missing genotypes
2014-01-27 15:36:50,369: DEBUG: In '6:31711749', 1 out of 90 samples will be removed due to having more than 100.0% missing genotypes
2014-01-27 15:36:50,373: DEBUG: In '6:28372671', 3 out of 90 samples will be removed due to having more than 100.0% missing genotypes
2014-01-27 15:36:50,385: DEBUG: In '2:111624162', 5 out of 90 samples will be removed due to having more than 100.0% missing genotypes
2014-01-27 15:36:50,391: DEBUG: In '22:38747726', 45 out of 90 samples will be removed due to having more than 100.0% missing genotypes
2014-01-27 15:36:50,392: DEBUG: In '1:200358983', 27 out of 90 samples will be removed due to having more than 100.0% missing genotypes
2014-01-27 15:36:50,405: DEBUG: In '17:35285200', 16 out of 90 samples will be removed due to having more than 100.0% missing genotypes
2014-01-27 15:36:50,416: DEBUG: In '4:89887882', 4 out of 90 samples will be removed due to having more than 100.0% missing genotypes
2014-01-27 15:36:50,424: DEBUG: In '6:143864850', 6 out of 90 samples will be removed due to having more than 100.0% missing genotypes
2014-01-27 15:36:50,429: DEBUG: In '15:23520183', 18 out of 90 samples will be removed due to having more than 100.0% missing genotypes
2014-01-27 15:36:50,431: DEBUG: In '14:80321008', 3 out of 90 samples will be removed due to having more than 100.0% missing genotypes
2014-01-27 15:36:50,437: DEBUG: In '9:135326989', 43 out of 90 samples will be removed due to having more than 100.0% missing genotypes
2014-01-27 15:36:50,449: DEBUG: In '2:160384596', 15 out of 90 samples will be removed due to having more than 100.0% missing genotypes
2014-01-27 15:36:50,455: DEBUG: In '16:54420337', 39 out of 90 samples will be removed due to having more than 100.0% missing genotypes
2014-01-27 15:36:50,477: DEBUG: In '1:200359038', 14 out of 90 samples will be removed due to having more than 100.0% missing genotypes
2014-01-27 15:36:50,480: DEBUG: In '3:132201162', 10 out of 90 samples will be removed due to having more than 100.0% missing genotypes
2014-01-27 15:36:50,489: DEBUG: In '17:36192117', 12 out of 90 samples will be removed due to having more than 100.0% missing genotypes
2014-01-27 15:36:50,493: DEBUG: In '10:101635488', 6 out of 90 samples will be removed due to having more than 100.0% missing genotypes
2014-01-27 15:36:50,497: DEBUG: In '16:2080681', 48 out of 90 samples will be removed due to having more than 100.0% missing genotypes
2014-01-27 15:36:50,500: DEBUG: In '15:76876062', 26 out of 90 samples will be removed due to having more than 100.0% missing genotypes
2014-01-27 15:36:50,511: DEBUG: In '1:114306523', 3 out of 90 samples will be removed due to having more than 100.0% missing genotypes
2014-01-27 15:36:50,514: DEBUG: In '10:15017475', 37 out of 90 samples will be removed due to having more than 100.0% missing genotypes
2014-01-27 15:36:50,540: DEBUG: In '16:2080555', 55 out of 90 samples will be removed due to having more than 100.0% missing genotypes
2014-01-27 15:36:50,545: DEBUG: In '18:20310764', 1 out of 90 samples will be removed due to having more than 100.0% missing genotypes
2014-01-27 15:36:50,548: DEBUG: In '12:108722870', 41 out of 90 samples will be removed due to having more than 100.0% missing genotypes
2014-01-27 15:36:50,557: DEBUG: In '9:138754316', 18 out of 90 samples will be removed due to having more than 100.0% missing genotypes
2014-01-27 15:36:50,561: DEBUG: In '4:178493907', 27 out of 90 samples will be removed due to having more than 100.0% missing genotypes
2014-01-27 15:36:50,565: DEBUG: In '5:175935148', 36 out of 90 samples will be removed due to having more than 100.0% missing genotypes
2014-01-27 15:36:50,571: DEBUG: In '11:611242', 46 out of 90 samples will be removed due to having more than 100.0% missing genotypes
2014-01-27 15:36:50,579: DEBUG: In '12:89920378', 9 out of 90 samples will be removed due to having more than 100.0% missing genotypes
2014-01-27 15:36:50,594: DEBUG: In '15:75131848', 2 out of 90 samples will be removed due to having more than 100.0% missing genotypes
2014-01-27 15:36:50,605: DEBUG: In '1:46750399', 41 out of 90 samples will be removed due to having more than 100.0% missing genotypes
2014-01-27 15:36:50,612: DEBUG: In '1:113040905', 4 out of 90 samples will be removed due to having more than 100.0% missing genotypes
2014-01-27 15:36:50,616: DEBUG: In '13:42537845', 16 out of 90 samples will be removed due to having more than 100.0% missing genotypes
2014-01-27 15:36:50,625: DEBUG: In '12:25133862', 10 out of 90 samples will be removed due to having more than 100.0% missing genotypes
2014-01-27 15:36:50,632: DEBUG: In '1:42974201', 46 out of 90 samples will be removed due to having more than 100.0% missing genotypes
2014-01-27 15:36:50,637: DEBUG: In '19:15714150', 20 out of 90 samples will be removed due to having more than 100.0% missing genotypes
2014-01-27 15:36:50,643: DEBUG: In '19:61013226', 1 out of 90 samples will be removed due to having more than 100.0% missing genotypes
2014-01-27 15:36:50,649: DEBUG: In '4:169669901', 26 out of 90 samples will be removed due to having more than 100.0% missing genotypes
2014-01-27 15:36:50,657: DEBUG: In '22:16042793', 3 out of 90 samples will be removed due to having more than 100.0% missing genotypes
2014-01-27 15:36:50,677: DEBUG: In '11:103413945', 5 out of 90 samples will be removed due to having more than 100.0% missing genotypes
2014-01-27 15:36:50,681: DEBUG: In '10:46506921', 1 out of 90 samples will be removed due to having more than 100.0% missing genotypes
2014-01-27 15:36:50,685: DEBUG: In '7:150378583', 37 out of 90 samples will be removed due to having more than 100.0% missing genotypes
2014-01-27 15:36:50,697: DEBUG: In '15:83925423', 3 out of 90 samples will be removed due to having more than 100.0% missing genotypes
2014-01-27 15:36:50,701: DEBUG: In '14:22896659', 34 out of 90 samples will be removed due to having more than 100.0% missing genotypes
2014-01-27 15:36:50,702: DEBUG: In '14:22600462', 31 out of 90 samples will be removed due to having more than 100.0% missing genotypes
2014-01-27 15:36:50,713: DEBUG: In '3:110202160', 8 out of 90 samples will be removed due to having more than 100.0% missing genotypes
2014-01-27 15:36:50,717: DEBUG: In '5:175944495', 24 out of 90 samples will be removed due to having more than 100.0% missing genotypes
2014-01-27 15:36:50,737: DEBUG: In '12:11066020', 37 out of 90 samples will be removed due to having more than 100.0% missing genotypes
2014-01-27 15:36:50,740: DEBUG: In '20:61669157', 52 out of 90 samples will be removed due to having more than 100.0% missing genotypes
2014-01-27 15:36:50,748: DEBUG: An ERROR has occurred in process 1 while processing '6:30018583': Sample size too small (2) to be analyzed for '6:30018583'.
2014-01-27 15:36:50,753: DEBUG: In '2:230785354', 1 out of 90 samples will be removed due to having more than 100.0% missing genotypes
2014-01-27 15:36:50,756: DEBUG: In '10:134011507', 15 out of 90 samples will be removed due to having more than 100.0% missing genotypes
2014-01-27 15:36:50,768: DEBUG: In '17:43617170', 1 out of 90 samples will be removed due to having more than 100.0% missing genotypes
2014-01-27 15:36:50,781: DEBUG: In '2:237909702', 18 out of 90 samples will be removed due to having more than 100.0% missing genotypes
2014-01-27 15:36:50,792: DEBUG: In '5:193788', 54 out of 90 samples will be removed due to having more than 100.0% missing genotypes
2014-01-27 15:36:50,799: DEBUG: In '10:118354957', 14 out of 90 samples will be removed due to having more than 100.0% missing genotypes
2014-01-27 15:36:50,805: DEBUG: In '1:89616623', 3 out of 90 samples will be removed due to having more than 100.0% missing genotypes
2014-01-27 15:36:50,811: DEBUG: In '5:171456041', 46 out of 90 samples will be removed due to having more than 100.0% missing genotypes
2014-01-27 15:36:50,816: DEBUG: An ERROR has occurred in process 3 while processing '7:148552665': Sample size too small (2) to be analyzed for '7:148552665'.
2014-01-27 15:36:50,828: DEBUG: In '5:175944185', 20 out of 90 samples will be removed due to having more than 100.0% missing genotypes
2014-01-27 15:36:50,838: DEBUG: In '3:38325547', 6 out of 90 samples will be removed due to having more than 100.0% missing genotypes
2014-01-27 15:36:50,844: DEBUG: In '12:124004469', 63 out of 90 samples will be removed due to having more than 100.0% missing genotypes
2014-01-27 15:36:50,853: DEBUG: In '9:106400672', 9 out of 90 samples will be removed due to having more than 100.0% missing genotypes
2014-01-27 15:36:50,859: DEBUG: In '12:107478992', 31 out of 90 samples will be removed due to having more than 100.0% missing genotypes
2014-01-27 15:36:50,865: DEBUG: In '15:83924992', 4 out of 90 samples will be removed due to having more than 100.0% missing genotypes
2014-01-27 15:36:50,875: DEBUG: In '17:53998108', 14 out of 90 samples will be removed due to having more than 100.0% missing genotypes
2014-01-27 15:36:50,889: DEBUG: In '14:62244713', 1 out of 90 samples will be removed due to having more than 100.0% missing genotypes
2014-01-27 15:36:50,891: DEBUG: In '4:26026234', 20 out of 90 samples will be removed due to having more than 100.0% missing genotypes
2014-01-27 15:36:50,897: DEBUG: In '15:84079313', 2 out of 90 samples will be removed due to having more than 100.0% missing genotypes
2014-01-27 15:36:50,902: DEBUG: In '3:184354656', 1 out of 90 samples will be removed due to having more than 100.0% missing genotypes
2014-01-27 15:36:50,912: DEBUG: In '10:5531183', 53 out of 90 samples will be removed due to having more than 100.0% missing genotypes
2014-01-27 15:36:50,920: DEBUG: In '16:16199472', 46 out of 90 samples will be removed due to having more than 100.0% missing genotypes
2014-01-27 15:36:50,929: DEBUG: In '17:3382830', 20 out of 90 samples will be removed due to having more than 100.0% missing genotypes
2014-01-27 15:36:50,941: DEBUG: In '8:134050942', 13 out of 90 samples will be removed due to having more than 100.0% missing genotypes
2014-01-27 15:36:50,950: DEBUG: In '2:191987572', 6 out of 90 samples will be removed due to having more than 100.0% missing genotypes
2014-01-27 15:36:50,956: DEBUG: In '1:149638762', 16 out of 90 samples will be removed due to having more than 100.0% missing genotypes
2014-01-27 15:36:50,964: DEBUG: In '2:201790704', 14 out of 90 samples will be removed due to having more than 100.0% missing genotypes
2014-01-27 15:36:50,966: DEBUG: In '2:120154985', 7 out of 90 samples will be removed due to having more than 100.0% missing genotypes
2014-01-27 15:36:50,969: DEBUG: In '12:91674233', 12 out of 90 samples will be removed due to having more than 100.0% missing genotypes
2014-01-27 15:36:50,981: DEBUG: In '4:25287297', 28 out of 90 samples will be removed due to having more than 100.0% missing genotypes
2014-01-27 15:36:50,993: DEBUG: In '19:54831904', 36 out of 90 samples will be removed due to having more than 100.0% missing genotypes
2014-01-27 15:36:51,001: DEBUG: In '15:59952845', 8 out of 90 samples will be removed due to having more than 100.0% missing genotypes
2014-01-27 15:36:51,005: DEBUG: In '18:8773835', 36 out of 90 samples will be removed due to having more than 100.0% missing genotypes
2014-01-27 15:36:51,017: DEBUG: In '14:62244858', 6 out of 90 samples will be removed due to having more than 100.0% missing genotypes
2014-01-27 15:36:51,018: DEBUG: In '12:93166154', 4 out of 90 samples will be removed due to having more than 100.0% missing genotypes
2014-01-27 15:36:51,029: DEBUG: In '11:5279647', 2 out of 90 samples will be removed due to having more than 100.0% missing genotypes
2014-01-27 15:36:51,036: DEBUG: In '3:38330229', 28 out of 90 samples will be removed due to having more than 100.0% missing genotypes
2014-01-27 15:36:51,044: DEBUG: In '11:17365206', 20 out of 90 samples will be removed due to having more than 100.0% missing genotypes
2014-01-27 15:36:51,053: DEBUG: In '19:1184597', 64 out of 90 samples will be removed due to having more than 100.0% missing genotypes
2014-01-27 15:36:51,057: DEBUG: In '5:138743401', 23 out of 90 samples will be removed due to having more than 100.0% missing genotypes
2014-01-27 15:36:51,065: DEBUG: In '17:34497453', 11 out of 90 samples will be removed due to having more than 100.0% missing genotypes
2014-01-27 15:36:51,077: DEBUG: In '14:34300859', 2 out of 90 samples will be removed due to having more than 100.0% missing genotypes
2014-01-27 15:36:51,080: DEBUG: In '6:143423803', 39 out of 90 samples will be removed due to having more than 100.0% missing genotypes
2014-01-27 15:36:51,094: DEBUG: In '4:170071709', 8 out of 90 samples will be removed due to having more than 100.0% missing genotypes
2014-01-27 15:36:51,105: DEBUG: In '13:23065505', 16 out of 90 samples will be removed due to having more than 100.0% missing genotypes
2014-01-27 15:36:51,108: DEBUG: In '5:150558767', 26 out of 90 samples will be removed due to having more than 100.0% missing genotypes
2014-01-27 15:36:51,117: DEBUG: In '17:17366356', 14 out of 90 samples will be removed due to having more than 100.0% missing genotypes
2014-01-27 15:36:51,124: DEBUG: In '18:61680996', 1 out of 90 samples will be removed due to having more than 100.0% missing genotypes
2014-01-27 15:36:51,129: DEBUG: In '11:17366148', 35 out of 90 samples will be removed due to having more than 100.0% missing genotypes
2014-01-27 15:36:51,145: DEBUG: In '19:8227946', 14 out of 90 samples will be removed due to having more than 100.0% missing genotypes
2014-01-27 15:36:51,151: DEBUG: In '18:8816083', 38 out of 90 samples will be removed due to having more than 100.0% missing genotypes
2014-01-27 15:36:51,157: DEBUG: In '7:156455009', 8 out of 90 samples will be removed due to having more than 100.0% missing genotypes
2014-01-27 15:36:51,165: DEBUG: In '18:26866227', 16 out of 90 samples will be removed due to having more than 100.0% missing genotypes
2014-01-27 15:36:51,173: DEBUG: In '18:9265563', 10 out of 90 samples will be removed due to having more than 100.0% missing genotypes
2014-01-27 15:36:51,185: DEBUG: In '18:20274465', 9 out of 90 samples will be removed due to having more than 100.0% missing genotypes
2014-01-27 15:36:51,193: DEBUG: In '17:54045847', 1 out of 90 samples will be removed due to having more than 100.0% missing genotypes
2014-01-27 15:36:51,203: DEBUG: In '16:67414942', 4 out of 90 samples will be removed due to having more than 100.0% missing genotypes
2014-01-27 15:36:51,209: DEBUG: In '2:100282738', 12 out of 90 samples will be removed due to having more than 100.0% missing genotypes
2014-01-27 15:36:51,215: DEBUG: In '1:207862532', 9 out of 90 samples will be removed due to having more than 100.0% missing genotypes
2014-01-27 15:36:51,221: DEBUG: In '12:108710762', 8 out of 90 samples will be removed due to having more than 100.0% missing genotypes
2014-01-27 15:36:51,229: DEBUG: In '15:83983674', 13 out of 90 samples will be removed due to having more than 100.0% missing genotypes
2014-01-27 15:36:51,233: DEBUG: In '15:23504291', 9 out of 90 samples will be removed due to having more than 100.0% missing genotypes
2014-01-27 15:36:51,249: DEBUG: In '1:149075513', 1 out of 90 samples will be removed due to having more than 100.0% missing genotypes
2014-01-27 15:36:51,253: DEBUG: In '10:123986966', 3 out of 90 samples will be removed due to having more than 100.0% missing genotypes
2014-01-27 15:36:51,269: DEBUG: In '14:90706148', 27 out of 90 samples will be removed due to having more than 100.0% missing genotypes
2014-01-27 15:36:51,273: DEBUG: In '20:20205958', 27 out of 90 samples will be removed due to having more than 100.0% missing genotypes
2014-01-27 15:36:51,275: DEBUG: In '14:22619159', 1 out of 90 samples will be removed due to having more than 100.0% missing genotypes
2014-01-27 15:36:51,281: DEBUG: In '4:95715905', 4 out of 90 samples will be removed due to having more than 100.0% missing genotypes
2014-01-27 15:36:51,289: DEBUG: In '13:38241822', 1 out of 90 samples will be removed due to having more than 100.0% missing genotypes
2014-01-27 15:36:51,301: DEBUG: In '6:90539118', 4 out of 90 samples will be removed due to having more than 100.0% missing genotypes
2014-01-27 15:36:51,313: DEBUG: In '15:60001899', 5 out of 90 samples will be removed due to having more than 100.0% missing genotypes
2014-01-27 15:36:51,317: DEBUG: In '8:19855106', 21 out of 90 samples will be removed due to having more than 100.0% missing genotypes
2014-01-27 15:36:51,323: DEBUG: In '20:45799043', 21 out of 90 samples will be removed due to having more than 100.0% missing genotypes
2014-01-27 15:36:51,329: DEBUG: In '9:131620722', 2 out of 90 samples will be removed due to having more than 100.0% missing genotypes
2014-01-27 15:36:51,336: DEBUG: In '6:30018731', 81 out of 90 samples will be removed due to having more than 100.0% missing genotypes
2014-01-27 15:36:51,349: DEBUG: In '2:100282747', 16 out of 90 samples will be removed due to having more than 100.0% missing genotypes
2014-01-27 15:36:51,364: DEBUG: In '1:233449811', 23 out of 90 samples will be removed due to having more than 100.0% missing genotypes
2014-01-27 15:36:51,372: DEBUG: In '7:5993514', 60 out of 90 samples will be removed due to having more than 100.0% missing genotypes
2014-01-27 15:36:51,373: DEBUG: In '2:237913847', 7 out of 90 samples will be removed due to having more than 100.0% missing genotypes
2014-01-27 15:36:51,381: DEBUG: In '15:88601412', 2 out of 90 samples will be removed due to having more than 100.0% missing genotypes
2014-01-27 15:36:51,384: DEBUG: In '6:30020126', 81 out of 90 samples will be removed due to having more than 100.0% missing genotypes
2014-01-27 15:36:51,396: DEBUG: In '7:102249872', 7 out of 90 samples will be removed due to having more than 100.0% missing genotypes
2014-01-27 15:36:51,404: DEBUG: In '4:167148552', 20 out of 90 samples will be removed due to having more than 100.0% missing genotypes
2014-01-27 15:36:51,413: DEBUG: In '18:9876890', 34 out of 90 samples will be removed due to having more than 100.0% missing genotypes
2014-01-27 15:36:51,425: DEBUG: In '13:23141200', 4 out of 90 samples will be removed due to having more than 100.0% missing genotypes
2014-01-27 15:36:51,432: DEBUG: In '9:37878101', 65 out of 90 samples will be removed due to having more than 100.0% missing genotypes
2014-01-27 15:36:51,441: DEBUG: In '4:89889178', 11 out of 90 samples will be removed due to having more than 100.0% missing genotypes
2014-01-27 15:36:51,443: DEBUG: In '17:8165001', 15 out of 90 samples will be removed due to having more than 100.0% missing genotypes
2014-01-27 15:36:51,454: DEBUG: In '13:19309701', 19 out of 90 samples will be removed due to having more than 100.0% missing genotypes
2014-01-27 15:36:51,460: DEBUG: In '3:110186277', 20 out of 90 samples will be removed due to having more than 100.0% missing genotypes
2014-01-27 15:36:51,466: DEBUG: In '7:96585128', 33 out of 90 samples will be removed due to having more than 100.0% missing genotypes
2014-01-27 15:36:51,477: DEBUG: In '2:234266408', 2 out of 90 samples will be removed due to having more than 100.0% missing genotypes
2014-01-27 15:36:51,481: DEBUG: In '2:239668807', 32 out of 90 samples will be removed due to having more than 100.0% missing genotypes
2014-01-27 15:36:51,485: DEBUG: In '10:129580816', 9 out of 90 samples will be removed due to having more than 100.0% missing genotypes
2014-01-27 15:36:51,496: DEBUG: In '1:1105366', 51 out of 90 samples will be removed due to having more than 100.0% missing genotypes
2014-01-27 15:36:51,501: DEBUG: In '2:219310743', 12 out of 90 samples will be removed due to having more than 100.0% missing genotypes
2014-01-27 15:36:51,505: DEBUG: In '8:133979156', 18 out of 90 samples will be removed due to having more than 100.0% missing genotypes
2014-01-27 15:36:51,516: DEBUG: In '5:140561115', 82 out of 90 samples will be removed due to having more than 100.0% missing genotypes
2014-01-27 15:36:51,525: DEBUG: In '7:137251230', 3 out of 90 samples will be removed due to having more than 100.0% missing genotypes
2014-01-27 15:36:51,537: DEBUG: In '9:80109576', 18 out of 90 samples will be removed due to having more than 100.0% missing genotypes
2014-01-27 15:36:51,545: DEBUG: In '3:47100389', 1 out of 90 samples will be removed due to having more than 100.0% missing genotypes
2014-01-27 15:36:51,553: DEBUG: In '11:614674', 36 out of 90 samples will be removed due to having more than 100.0% missing genotypes
2014-01-27 15:36:51,560: DEBUG: In '1:170825147', 3 out of 90 samples will be removed due to having more than 100.0% missing genotypes
2014-01-27 15:36:51,564: DEBUG: In '10:97136810', 64 out of 90 samples will be removed due to having more than 100.0% missing genotypes
2014-01-27 15:36:51,568: DEBUG: In '11:11310922', 7 out of 90 samples will be removed due to having more than 100.0% missing genotypes
2014-01-27 15:36:51,581: DEBUG: In '2:113606775', 15 out of 90 samples will be removed due to having more than 100.0% missing genotypes
2014-01-27 15:36:51,589: DEBUG: In '4:87063859', 3 out of 90 samples will be removed due to having more than 100.0% missing genotypes
2014-01-27 15:36:51,604: DEBUG: In '17:41429810', 57 out of 90 samples will be removed due to having more than 100.0% missing genotypes
2014-01-27 15:36:51,609: DEBUG: In '17:59257177', 3 out of 90 samples will be removed due to having more than 100.0% missing genotypes
2014-01-27 15:36:51,616: DEBUG: In '2:237908114', 3 out of 90 samples will be removed due to having more than 100.0% missing genotypes
2014-01-27 15:36:51,624: DEBUG: In '20:61666626', 51 out of 90 samples will be removed due to having more than 100.0% missing genotypes
2014-01-27 15:36:51,640: DEBUG: In '4:1378413', 64 out of 90 samples will be removed due to having more than 100.0% missing genotypes
2014-01-27 15:36:51,649: DEBUG: In '15:59962186', 12 out of 90 samples will be removed due to having more than 100.0% missing genotypes
2014-01-27 15:36:51,651: DEBUG: In '1:148994163', 10 out of 90 samples will be removed due to having more than 100.0% missing genotypes
2014-01-27 15:36:51,665: DEBUG: In '17:30312476', 29 out of 90 samples will be removed due to having more than 100.0% missing genotypes
2014-01-27 15:36:51,673: DEBUG: In '14:38940768', 4 out of 90 samples will be removed due to having more than 100.0% missing genotypes
2014-01-27 15:36:51,680: DEBUG: In '16:16159100', 19 out of 90 samples will be removed due to having more than 100.0% missing genotypes
2014-01-27 15:36:51,689: DEBUG: In '3:56738356', 1 out of 90 samples will be removed due to having more than 100.0% missing genotypes
2014-01-27 15:36:51,695: DEBUG: In '13:38322254', 7 out of 90 samples will be removed due to having more than 100.0% missing genotypes
2014-01-27 15:36:51,701: DEBUG: In '1:200358955', 28 out of 90 samples will be removed due to having more than 100.0% missing genotypes
2014-01-27 15:36:51,711: DEBUG: In '10:50410882', 13 out of 90 samples will be removed due to having more than 100.0% missing genotypes
2014-01-27 15:36:51,716: DEBUG: In '18:10477918', 29 out of 90 samples will be removed due to having more than 100.0% missing genotypes
2014-01-27 15:36:51,725: DEBUG: In '22:29187448', 20 out of 90 samples will be removed due to having more than 100.0% missing genotypes
2014-01-27 15:36:51,741: DEBUG: In '12:122376826', 3 out of 90 samples will be removed due to having more than 100.0% missing genotypes
2014-01-27 15:36:51,744: DEBUG: In '14:21030656', 40 out of 90 samples will be removed due to having more than 100.0% missing genotypes
2014-01-27 15:36:51,752: DEBUG: In '6:30050962', 38 out of 90 samples will be removed due to having more than 100.0% missing genotypes
2014-01-27 15:36:51,757: DEBUG: In '8:71809015', 14 out of 90 samples will be removed due to having more than 100.0% missing genotypes
2014-01-27 15:36:51,761: DEBUG: In '20:61661765', 43 out of 90 samples will be removed due to having more than 100.0% missing genotypes
2014-01-27 15:36:51,770: DEBUG: In '10:5531230', 36 out of 90 samples will be removed due to having more than 100.0% missing genotypes
2014-01-27 15:36:51,776: DEBUG: In '4:8426242', 22 out of 90 samples will be removed due to having more than 100.0% missing genotypes
2014-01-27 15:36:51,804: DEBUG: In '17:25600202', 1 out of 90 samples will be removed due to having more than 100.0% missing genotypes
2014-01-27 15:36:51,809: DEBUG: In '16:16186364', 35 out of 90 samples will be removed due to having more than 100.0% missing genotypes
2014-01-27 15:36:51,814: DEBUG: In '19:4231186', 44 out of 90 samples will be removed due to having more than 100.0% missing genotypes
2014-01-27 15:36:51,816: DEBUG: In '1:203759302', 45 out of 90 samples will be removed due to having more than 100.0% missing genotypes
2014-01-27 15:36:51,819: DEBUG: In '20:61792099', 42 out of 90 samples will be removed due to having more than 100.0% missing genotypes
2014-01-27 15:36:51,828: DEBUG: In '15:23477279', 8 out of 90 samples will be removed due to having more than 100.0% missing genotypes
2014-01-27 15:36:51,843: DEBUG: In '5:193636', 44 out of 90 samples will be removed due to having more than 100.0% missing genotypes
2014-01-27 15:36:51,847: DEBUG: In '16:23584507', 22 out of 90 samples will be removed due to having more than 100.0% missing genotypes
2014-01-27 15:36:51,853: DEBUG: In '10:123960520', 12 out of 90 samples will be removed due to having more than 100.0% missing genotypes
2014-01-27 15:36:51,865: DEBUG: In '5:76164809', 3 out of 90 samples will be removed due to having more than 100.0% missing genotypes
2014-01-27 15:36:51,869: DEBUG: In '20:61796554', 54 out of 90 samples will be removed due to having more than 100.0% missing genotypes
2014-01-27 15:36:51,873: DEBUG: In '17:31285944', 3 out of 90 samples will be removed due to having more than 100.0% missing genotypes
2014-01-27 15:36:51,879: DEBUG: In '1:171741052', 8 out of 90 samples will be removed due to having more than 100.0% missing genotypes
2014-01-27 15:36:51,885: DEBUG: In '1:207862952', 38 out of 90 samples will be removed due to having more than 100.0% missing genotypes
2014-01-27 15:36:51,892: DEBUG: In '4:56968597', 10 out of 90 samples will be removed due to having more than 100.0% missing genotypes
2014-01-27 15:36:51,900: DEBUG: In '16:2079815', 82 out of 90 samples will be removed due to having more than 100.0% missing genotypes
2014-01-27 15:36:51,921: DEBUG: In '10:123800050', 32 out of 90 samples will be removed due to having more than 100.0% missing genotypes
2014-01-27 15:36:51,932: DEBUG: In '5:209287', 30 out of 90 samples will be removed due to having more than 100.0% missing genotypes
2014-01-27 15:36:51,937: DEBUG: In '5:7950319', 10 out of 90 samples will be removed due to having more than 100.0% missing genotypes
2014-01-27 15:36:51,940: DEBUG: In '5:193532', 50 out of 90 samples will be removed due to having more than 100.0% missing genotypes
2014-01-27 15:36:51,941: DEBUG: In '4:87134947', 2 out of 90 samples will be removed due to having more than 100.0% missing genotypes
2014-01-27 15:36:51,945: DEBUG: In '10:50533153', 24 out of 90 samples will be removed due to having more than 100.0% missing genotypes
2014-01-27 15:36:51,956: DEBUG: In '17:30792467', 46 out of 90 samples will be removed due to having more than 100.0% missing genotypes
2014-01-27 15:36:51,964: DEBUG: In '6:30019071', 69 out of 90 samples will be removed due to having more than 100.0% missing genotypes
2014-01-27 15:36:51,977: DEBUG: In '12:46646251', 1 out of 90 samples will be removed due to having more than 100.0% missing genotypes
2014-01-27 15:36:51,981: DEBUG: In '15:98859444', 5 out of 90 samples will be removed due to having more than 100.0% missing genotypes
2014-01-27 15:36:51,997: DEBUG: In '2:113603678', 4 out of 90 samples will be removed due to having more than 100.0% missing genotypes
2014-01-27 15:36:52,001: DEBUG: In '4:95725850', 13 out of 90 samples will be removed due to having more than 100.0% missing genotypes
2014-01-27 15:36:52,004: DEBUG: In '7:156436025', 5 out of 90 samples will be removed due to having more than 100.0% missing genotypes
2014-01-27 15:36:52,009: DEBUG: In '6:161477652', 10 out of 90 samples will be removed due to having more than 100.0% missing genotypes
2014-01-27 15:36:52,013: DEBUG: In '6:133097164', 3 out of 90 samples will be removed due to having more than 100.0% missing genotypes
2014-01-27 15:36:52,023: DEBUG: In '8:145718981', 85 out of 90 samples will be removed due to having more than 100.0% missing genotypes
2014-01-27 15:36:52,045: DEBUG: An ERROR has occurred in process 5 while processing '8:145718728': Sample size too small (4) to be analyzed for '8:145718728'.
2014-01-27 15:36:52,056: DEBUG: In '16:14218536', 8 out of 90 samples will be removed due to having more than 100.0% missing genotypes
2014-01-27 15:36:52,061: DEBUG: In '14:34333734', 7 out of 90 samples will be removed due to having more than 100.0% missing genotypes
2014-01-27 15:36:52,064: DEBUG: In '17:35278152', 44 out of 90 samples will be removed due to having more than 100.0% missing genotypes
2014-01-27 15:36:52,067: DEBUG: In '2:237932456', 1 out of 90 samples will be removed due to having more than 100.0% missing genotypes
2014-01-27 15:36:52,073: DEBUG: In '6:30020312', 58 out of 90 samples will be removed due to having more than 100.0% missing genotypes
2014-01-27 15:36:52,077: DEBUG: In '7:34817918', 2 out of 90 samples will be removed due to having more than 100.0% missing genotypes
2014-01-27 15:36:52,084: DEBUG: In '14:20626861', 18 out of 90 samples will be removed due to having more than 100.0% missing genotypes
2014-01-27 15:36:52,105: DEBUG: In '10:115479157', 4 out of 90 samples will be removed due to having more than 100.0% missing genotypes
2014-01-27 15:36:52,127: DEBUG: In '4:7821623', 39 out of 90 samples will be removed due to having more than 100.0% missing genotypes
2014-01-27 15:36:52,133: DEBUG: In '20:52214498', 22 out of 90 samples will be removed due to having more than 100.0% missing genotypes
2014-01-27 15:36:52,134: DEBUG: In '8:134194864', 8 out of 90 samples will be removed due to having more than 100.0% missing genotypes
2014-01-27 15:36:52,125: DEBUG: In '19:51515542', 38 out of 90 samples will be removed due to having more than 100.0% missing genotypes
2014-01-27 15:36:52,152: DEBUG: In '14:98710658', 75 out of 90 samples will be removed due to having more than 100.0% missing genotypes
2014-01-27 15:36:52,154: DEBUG: In '6:28376803', 4 out of 90 samples will be removed due to having more than 100.0% missing genotypes
2014-01-27 15:36:52,162: DEBUG: In '13:23132517', 11 out of 90 samples will be removed due to having more than 100.0% missing genotypes
2014-01-27 15:36:52,184: DEBUG: In '5:235291', 40 out of 90 samples will be removed due to having more than 100.0% missing genotypes
2014-01-27 15:36:52,196: DEBUG: In '6:36075750', 10 out of 90 samples will be removed due to having more than 100.0% missing genotypes
2014-01-27 15:36:52,201: DEBUG: In '11:103413166', 31 out of 90 samples will be removed due to having more than 100.0% missing genotypes
2014-01-27 15:36:52,205: DEBUG: In '1:26221832', 31 out of 90 samples will be removed due to having more than 100.0% missing genotypes
2014-01-27 15:36:52,174: DEBUG: In '11:6899528', 3 out of 90 samples will be removed due to having more than 100.0% missing genotypes
2014-01-27 15:36:52,211: DEBUG: In '10:50348323', 2 out of 90 samples will be removed due to having more than 100.0% missing genotypes
2014-01-27 15:36:52,216: DEBUG: In '1:113038694', 29 out of 90 samples will be removed due to having more than 100.0% missing genotypes
2014-01-27 15:36:52,233: DEBUG: In '6:25958824', 3 out of 90 samples will be removed due to having more than 100.0% missing genotypes
2014-01-27 15:36:52,253: DEBUG: In '22:21833170', 29 out of 90 samples will be removed due to having more than 100.0% missing genotypes
2014-01-27 15:36:52,257: DEBUG: In '1:159427908', 25 out of 90 samples will be removed due to having more than 100.0% missing genotypes
2014-01-27 15:36:52,261: DEBUG: In '4:165338102', 10 out of 90 samples will be removed due to having more than 100.0% missing genotypes
2014-01-27 15:36:52,262: DEBUG: In '6:90516175', 13 out of 90 samples will be removed due to having more than 100.0% missing genotypes
2014-01-27 15:36:52,277: DEBUG: In '14:103263949', 49 out of 90 samples will be removed due to having more than 100.0% missing genotypes
2014-01-27 15:36:52,246: DEBUG: In '19:62414825', 15 out of 90 samples will be removed due to having more than 100.0% missing genotypes
2014-01-27 15:36:52,266: DEBUG: In '1:114774952', 20 out of 90 samples will be removed due to having more than 100.0% missing genotypes
2014-01-27 15:36:52,297: DEBUG: In '12:109826941', 27 out of 90 samples will be removed due to having more than 100.0% missing genotypes
2014-01-27 15:36:52,309: DEBUG: In '11:55814474', 15 out of 90 samples will be removed due to having more than 100.0% missing genotypes
2014-01-27 15:36:52,331: DEBUG: In '15:83279733', 30 out of 90 samples will be removed due to having more than 100.0% missing genotypes
2014-01-27 15:36:52,313: DEBUG: In '17:36189338', 19 out of 90 samples will be removed due to having more than 100.0% missing genotypes
2014-01-27 15:36:52,347: DEBUG: In '16:56314144', 12 out of 90 samples will be removed due to having more than 100.0% missing genotypes
2014-01-27 15:36:52,318: DEBUG: In '6:30019133', 60 out of 90 samples will be removed due to having more than 100.0% missing genotypes
2014-01-27 15:36:52,321: DEBUG: In '1:202704957', 8 out of 90 samples will be removed due to having more than 100.0% missing genotypes
2014-01-27 15:36:52,325: DEBUG: In '3:38036752', 6 out of 90 samples will be removed due to having more than 100.0% missing genotypes
2014-01-27 15:36:52,357: DEBUG: In '17:76623656', 55 out of 90 samples will be removed due to having more than 100.0% missing genotypes
2014-01-27 15:36:52,366: DEBUG: In '20:61666477', 51 out of 90 samples will be removed due to having more than 100.0% missing genotypes
2014-01-27 15:36:52,377: DEBUG: In '2:237917888', 1 out of 90 samples will be removed due to having more than 100.0% missing genotypes
2014-01-27 15:36:52,380: DEBUG: In '2:237942534', 2 out of 90 samples will be removed due to having more than 100.0% missing genotypes
2014-01-27 15:36:52,385: DEBUG: In '7:99144621', 47 out of 90 samples will be removed due to having more than 100.0% missing genotypes
2014-01-27 15:36:52,391: DEBUG: In '11:5279096', 1 out of 90 samples will be removed due to having more than 100.0% missing genotypes
2014-01-27 15:36:52,397: DEBUG: In '11:6899204', 2 out of 90 samples will be removed due to having more than 100.0% missing genotypes
2014-01-27 15:36:52,407: DEBUG: In '1:202691651', 16 out of 90 samples will be removed due to having more than 100.0% missing genotypes
2014-01-27 15:36:52,420: DEBUG: In '6:53627564', 3 out of 90 samples will be removed due to having more than 100.0% missing genotypes
2014-01-27 15:36:52,432: DEBUG: In '6:25970445', 2 out of 90 samples will be removed due to having more than 100.0% missing genotypes
2014-01-27 15:36:52,437: DEBUG: In '10:96483048', 2 out of 90 samples will be removed due to having more than 100.0% missing genotypes
2014-01-27 15:36:52,445: DEBUG: In '10:101647870', 3 out of 90 samples will be removed due to having more than 100.0% missing genotypes
2014-01-27 15:36:52,449: DEBUG: In '11:5980216', 1 out of 90 samples will be removed due to having more than 100.0% missing genotypes
2014-01-27 15:36:52,455: DEBUG: In '18:61640358', 5 out of 90 samples will be removed due to having more than 100.0% missing genotypes
2014-01-27 15:36:52,426: DEBUG: In '19:51507339', 22 out of 90 samples will be removed due to having more than 100.0% missing genotypes
2014-01-27 15:36:52,471: DEBUG: In '20:52219626', 7 out of 90 samples will be removed due to having more than 100.0% missing genotypes
2014-01-27 15:36:52,480: DEBUG: In '10:82030032', 21 out of 90 samples will be removed due to having more than 100.0% missing genotypes
2014-01-27 15:36:52,497: DEBUG: In '13:38328314', 22 out of 90 samples will be removed due to having more than 100.0% missing genotypes
2014-01-27 15:36:52,504: DEBUG: In '17:77943620', 48 out of 90 samples will be removed due to having more than 100.0% missing genotypes
2014-01-27 15:36:52,507: DEBUG: An ERROR has occurred in process 6 while processing '9:205057': Sample size too small (4) to be analyzed for '9:205057'.
2014-01-27 15:36:52,513: DEBUG: In '11:85114516', 4 out of 90 samples will be removed due to having more than 100.0% missing genotypes
2014-01-27 15:36:52,516: DEBUG: In '10:50402286', 5 out of 90 samples will be removed due to having more than 100.0% missing genotypes
2014-01-27 15:36:52,528: DEBUG: In '2:160446923', 5 out of 90 samples will be removed due to having more than 100.0% missing genotypes
2014-01-27 15:36:52,535: DEBUG: In '11:123945572', 1 out of 90 samples will be removed due to having more than 100.0% missing genotypes
2014-01-27 15:36:52,541: DEBUG: In '1:6447275', 27 out of 90 samples will be removed due to having more than 100.0% missing genotypes
2014-01-27 15:36:52,560: DEBUG: In '3:110172911', 13 out of 90 samples will be removed due to having more than 100.0% missing genotypes
2014-01-27 15:36:52,564: DEBUG: In '7:156435918', 4 out of 90 samples will be removed due to having more than 100.0% missing genotypes
2014-01-27 15:36:52,574: DEBUG: In '2:220087804', 48 out of 90 samples will be removed due to having more than 100.0% missing genotypes
2014-01-27 15:36:52,580: DEBUG: In '14:36205503', 61 out of 90 samples will be removed due to having more than 100.0% missing genotypes
2014-01-27 15:36:52,584: DEBUG: In '12:95660370', 6 out of 90 samples will be removed due to having more than 100.0% missing genotypes
2014-01-27 15:36:52,595: DEBUG: In '19:51665821', 10 out of 90 samples will be removed due to having more than 100.0% missing genotypes
2014-01-27 15:36:52,603: DEBUG: In '11:77607993', 16 out of 90 samples will be removed due to having more than 100.0% missing genotypes
2014-01-27 15:36:52,609: DEBUG: In '5:140692037', 12 out of 90 samples will be removed due to having more than 100.0% missing genotypes
2014-01-27 15:36:52,627: DEBUG: In '1:153297181', 21 out of 90 samples will be removed due to having more than 100.0% missing genotypes
2014-01-27 15:36:52,631: DEBUG: In '11:280918', 44 out of 90 samples will be removed due to having more than 100.0% missing genotypes
2014-01-27 15:36:52,648: DEBUG: In '8:95468507', 8 out of 90 samples will be removed due to having more than 100.0% missing genotypes
2014-01-27 15:36:52,650: DEBUG: In '2:49043425', 2 out of 90 samples will be removed due to having more than 100.0% missing genotypes
2014-01-27 15:36:52,654: DEBUG: In '1:202670282', 4 out of 90 samples will be removed due to having more than 100.0% missing genotypes
2014-01-27 15:36:52,658: DEBUG: In '19:4489599', 26 out of 90 samples will be removed due to having more than 100.0% missing genotypes
2014-01-27 15:36:52,672: DEBUG: In '18:9877497', 58 out of 90 samples will be removed due to having more than 100.0% missing genotypes
2014-01-27 15:36:52,681: DEBUG: In '4:169843224', 8 out of 90 samples will be removed due to having more than 100.0% missing genotypes
2014-01-27 15:36:52,682: DEBUG: In '2:120154993', 7 out of 90 samples will be removed due to having more than 100.0% missing genotypes
2014-01-27 15:36:52,686: DEBUG: In '2:38457855', 69 out of 90 samples will be removed due to having more than 100.0% missing genotypes
2014-01-27 15:36:52,704: DEBUG: In '7:102942941', 7 out of 90 samples will be removed due to having more than 100.0% missing genotypes
2014-01-27 15:36:52,712: DEBUG: In '1:78888493', 4 out of 90 samples will be removed due to having more than 100.0% missing genotypes
2014-01-27 15:36:52,714: DEBUG: In '10:90761809', 29 out of 90 samples will be removed due to having more than 100.0% missing genotypes
2014-01-27 15:36:52,724: DEBUG: In '17:31206454', 6 out of 90 samples will be removed due to having more than 100.0% missing genotypes
2014-01-27 15:36:52,733: DEBUG: In '5:178291742', 16 out of 90 samples will be removed due to having more than 100.0% missing genotypes
2014-01-27 15:36:52,737: DEBUG: In '12:55151605', 6 out of 90 samples will be removed due to having more than 100.0% missing genotypes
2014-01-27 15:36:52,739: DEBUG: In '2:192409638', 7 out of 90 samples will be removed due to having more than 100.0% missing genotypes
2014-01-27 15:36:52,745: DEBUG: In '16:2079876', 69 out of 90 samples will be removed due to having more than 100.0% missing genotypes
2014-01-27 15:36:52,769: DEBUG: In '3:38332821', 26 out of 90 samples will be removed due to having more than 100.0% missing genotypes
2014-01-27 15:36:52,781: DEBUG: In '12:124033111', 6 out of 90 samples will be removed due to having more than 100.0% missing genotypes
2014-01-27 15:36:52,754: DEBUG: In '9:702156', 2 out of 90 samples will be removed due to having more than 100.0% missing genotypes
2014-01-27 15:36:52,789: DEBUG: In '17:30310777', 9 out of 90 samples will be removed due to having more than 100.0% missing genotypes
2014-01-27 15:36:52,797: DEBUG: In '18:8815946', 48 out of 90 samples will be removed due to having more than 100.0% missing genotypes
2014-01-27 15:36:52,798: DEBUG: In '14:37749224', 20 out of 90 samples will be removed due to having more than 100.0% missing genotypes
2014-01-27 15:36:52,805: DEBUG: In '7:149848242', 2 out of 90 samples will be removed due to having more than 100.0% missing genotypes
2014-01-27 15:36:52,808: DEBUG: In '1:78731079', 2 out of 90 samples will be removed due to having more than 100.0% missing genotypes
2014-01-27 15:36:52,817: DEBUG: In '19:63774417', 40 out of 90 samples will be removed due to having more than 100.0% missing genotypes
2014-01-27 15:36:52,826: DEBUG: In '11:283188', 32 out of 90 samples will be removed due to having more than 100.0% missing genotypes
2014-01-27 15:36:52,832: DEBUG: In '10:115447254', 12 out of 90 samples will be removed due to having more than 100.0% missing genotypes
2014-01-27 15:36:52,845: DEBUG: In '15:83924837', 2 out of 90 samples will be removed due to having more than 100.0% missing genotypes
2014-01-27 15:36:52,849: DEBUG: In '1:50439102', 11 out of 90 samples will be removed due to having more than 100.0% missing genotypes
2014-01-27 15:36:52,857: DEBUG: In '3:191194704', 6 out of 90 samples will be removed due to having more than 100.0% missing genotypes
2014-01-27 15:36:52,869: DEBUG: In '8:25420751', 4 out of 90 samples will be removed due to having more than 100.0% missing genotypes
2014-01-27 15:36:52,873: DEBUG: In '17:27207970', 17 out of 90 samples will be removed due to having more than 100.0% missing genotypes
2014-01-27 15:36:52,881: DEBUG: In '4:154436160', 20 out of 90 samples will be removed due to having more than 100.0% missing genotypes
2014-01-27 15:36:52,889: DEBUG: In '2:160882939', 43 out of 90 samples will be removed due to having more than 100.0% missing genotypes
2014-01-27 15:36:52,897: DEBUG: In '15:83924368', 1 out of 90 samples will be removed due to having more than 100.0% missing genotypes
2014-01-27 15:36:52,909: DEBUG: In '2:237921752', 7 out of 90 samples will be removed due to having more than 100.0% missing genotypes
2014-01-27 15:36:52,913: DEBUG: In '12:107465809', 6 out of 90 samples will be removed due to having more than 100.0% missing genotypes
2014-01-27 15:36:52,925: DEBUG: In '17:54014017', 7 out of 90 samples will be removed due to having more than 100.0% missing genotypes
2014-01-27 15:36:52,933: DEBUG: In '2:49044545', 2 out of 90 samples will be removed due to having more than 100.0% missing genotypes
2014-01-27 15:36:52,937: DEBUG: In '17:73678642', 36 out of 90 samples will be removed due to having more than 100.0% missing genotypes
2014-01-27 15:36:52,945: DEBUG: In '10:46507737', 2 out of 90 samples will be removed due to having more than 100.0% missing genotypes
2014-01-27 15:36:52,949: DEBUG: In '1:159429661', 27 out of 90 samples will be removed due to having more than 100.0% missing genotypes
2014-01-27 15:36:52,961: DEBUG: In '2:237912473', 25 out of 90 samples will be removed due to having more than 100.0% missing genotypes
2014-01-27 15:36:52,973: DEBUG: In '2:219311063', 4 out of 90 samples will be removed due to having more than 100.0% missing genotypes
2014-01-27 15:36:52,977: DEBUG: In '2:157134218', 8 out of 90 samples will be removed due to having more than 100.0% missing genotypes
2014-01-27 15:36:52,989: DEBUG: In '7:34884227', 40 out of 90 samples will be removed due to having more than 100.0% missing genotypes
2014-01-27 15:36:52,997: DEBUG: In '17:37949759', 29 out of 90 samples will be removed due to having more than 100.0% missing genotypes
2014-01-27 15:36:53,001: DEBUG: In '8:130858949', 1 out of 90 samples will be removed due to having more than 100.0% missing genotypes
2014-01-27 15:36:53,009: DEBUG: In '3:33136902', 4 out of 90 samples will be removed due to having more than 100.0% missing genotypes
2014-01-27 15:36:53,013: DEBUG: In '17:3393635', 28 out of 90 samples will be removed due to having more than 100.0% missing genotypes
2014-01-27 15:36:53,037: DEBUG: In '5:175930852', 11 out of 90 samples will be removed due to having more than 100.0% missing genotypes
2014-01-27 15:36:53,041: DEBUG: In '16:56316233', 10 out of 90 samples will be removed due to having more than 100.0% missing genotypes
2014-01-27 15:36:53,053: DEBUG: In '5:169465818', 61 out of 90 samples will be removed due to having more than 100.0% missing genotypes
2014-01-27 15:36:53,054: DEBUG: In '18:26976101', 16 out of 90 samples will be removed due to having more than 100.0% missing genotypes
2014-01-27 15:36:53,061: DEBUG: In '8:27723888', 5 out of 90 samples will be removed due to having more than 100.0% missing genotypes
2014-01-27 15:36:53,065: DEBUG: In '13:38161023', 12 out of 90 samples will be removed due to having more than 100.0% missing genotypes
2014-01-27 15:36:53,072: DEBUG: In '14:20612593', 56 out of 90 samples will be removed due to having more than 100.0% missing genotypes
2014-01-27 15:36:53,084: DEBUG: In '12:21348701', 10 out of 90 samples will be removed due to having more than 100.0% missing genotypes
2014-01-27 15:36:53,101: DEBUG: In '6:26653611', 22 out of 90 samples will be removed due to having more than 100.0% missing genotypes
2014-01-27 15:36:53,109: DEBUG: In '4:167231831', 17 out of 90 samples will be removed due to having more than 100.0% missing genotypes
2014-01-27 15:36:53,113: DEBUG: In '1:233782146', 16 out of 90 samples will be removed due to having more than 100.0% missing genotypes
2014-01-27 15:36:53,116: DEBUG: In '12:131730599', 6 out of 90 samples will be removed due to having more than 100.0% missing genotypes
2014-01-27 15:36:53,133: DEBUG: In '22:20648538', 33 out of 90 samples will be removed due to having more than 100.0% missing genotypes
2014-01-27 15:36:53,140: DEBUG: In '13:37109105', 2 out of 90 samples will be removed due to having more than 100.0% missing genotypes
2014-01-27 15:36:53,151: DEBUG: In '14:23684201', 22 out of 90 samples will be removed due to having more than 100.0% missing genotypes
2014-01-27 15:36:53,157: DEBUG: In '19:62658861', 2 out of 90 samples will be removed due to having more than 100.0% missing genotypes
2014-01-27 15:36:53,158: DEBUG: In '1:76117293', 20 out of 90 samples will be removed due to having more than 100.0% missing genotypes
2014-01-27 15:36:53,172: DEBUG: In '6:28377642', 1 out of 90 samples will be removed due to having more than 100.0% missing genotypes
2014-01-27 15:36:53,179: DEBUG: In '12:47463380', 58 out of 90 samples will be removed due to having more than 100.0% missing genotypes
2014-01-27 15:36:53,199: DEBUG: In '19:59367455', 47 out of 90 samples will be removed due to having more than 100.0% missing genotypes
2014-01-27 15:36:53,211: DEBUG: In '19:61012475', 1 out of 90 samples will be removed due to having more than 100.0% missing genotypes
2014-01-27 15:36:53,216: DEBUG: In '3:56741475', 8 out of 90 samples will be removed due to having more than 100.0% missing genotypes
2014-01-27 15:36:53,186: DEBUG: In '3:106905534', 10 out of 90 samples will be removed due to having more than 100.0% missing genotypes
2014-01-27 15:36:53,233: DEBUG: In '18:8774370', 41 out of 90 samples will be removed due to having more than 100.0% missing genotypes
2014-01-27 15:36:53,236: DEBUG: In '11:85114347', 3 out of 90 samples will be removed due to having more than 100.0% missing genotypes
2014-01-27 15:36:53,240: DEBUG: In '19:59666252', 78 out of 90 samples will be removed due to having more than 100.0% missing genotypes
2014-01-27 15:36:53,247: DEBUG: In '1:203759379', 48 out of 90 samples will be removed due to having more than 100.0% missing genotypes
2014-01-27 15:36:53,253: DEBUG: In '4:104281672', 28 out of 90 samples will be removed due to having more than 100.0% missing genotypes
2014-01-27 15:36:53,257: DEBUG: In '19:61013107', 1 out of 90 samples will be removed due to having more than 100.0% missing genotypes
2014-01-27 15:36:53,276: DEBUG: In '4:7908130', 10 out of 90 samples will be removed due to having more than 100.0% missing genotypes
2014-01-27 15:36:53,280: DEBUG: In '8:33535764', 1 out of 90 samples will be removed due to having more than 100.0% missing genotypes
2014-01-27 15:36:53,289: DEBUG: In '1:163799629', 11 out of 90 samples will be removed due to having more than 100.0% missing genotypes
2014-01-27 15:36:53,297: DEBUG: In '6:18372189', 55 out of 90 samples will be removed due to having more than 100.0% missing genotypes
2014-01-27 15:36:53,304: DEBUG: In '2:157114495', 10 out of 90 samples will be removed due to having more than 100.0% missing genotypes
2014-01-27 15:36:53,312: DEBUG: In '2:230745110', 11 out of 90 samples will be removed due to having more than 100.0% missing genotypes
2014-01-27 15:36:53,317: DEBUG: In '9:35033291', 4 out of 90 samples will be removed due to having more than 100.0% missing genotypes
2014-01-27 15:36:53,329: DEBUG: In '20:52208935', 7 out of 90 samples will be removed due to having more than 100.0% missing genotypes
2014-01-27 15:36:53,336: DEBUG: In '8:134000930', 10 out of 90 samples will be removed due to having more than 100.0% missing genotypes
2014-01-27 15:36:53,344: DEBUG: In '13:30789746', 4 out of 90 samples will be removed due to having more than 100.0% missing genotypes
2014-01-27 15:36:53,349: DEBUG: In '6:31946420', 34 out of 90 samples will be removed due to having more than 100.0% missing genotypes
2014-01-27 15:36:53,357: DEBUG: In '19:42748414', 33 out of 90 samples will be removed due to having more than 100.0% missing genotypes
2014-01-27 15:36:53,364: DEBUG: In '11:608013', 54 out of 90 samples will be removed due to having more than 100.0% missing genotypes
2014-01-27 15:36:53,373: DEBUG: In '3:56746291', 3 out of 90 samples will be removed due to having more than 100.0% missing genotypes
2014-01-27 15:36:53,381: DEBUG: In '19:42747452', 18 out of 90 samples will be removed due to having more than 100.0% missing genotypes
2014-01-27 15:36:53,388: DEBUG: In '4:1378583', 61 out of 90 samples will be removed due to having more than 100.0% missing genotypes
2014-01-27 15:36:53,400: DEBUG: In '15:83924174', 1 out of 90 samples will be removed due to having more than 100.0% missing genotypes
2014-01-27 15:36:53,408: DEBUG: In '4:104183978', 9 out of 90 samples will be removed due to having more than 100.0% missing genotypes
2014-01-27 15:36:53,417: DEBUG: In '6:155619515', 13 out of 90 samples will be removed due to having more than 100.0% missing genotypes
2014-01-27 15:36:53,425: DEBUG: In '7:129808724', 40 out of 90 samples will be removed due to having more than 100.0% missing genotypes
2014-01-27 15:36:53,428: DEBUG: In '9:110657984', 34 out of 90 samples will be removed due to having more than 100.0% missing genotypes
2014-01-27 15:36:53,441: DEBUG: In '6:3672810', 8 out of 90 samples will be removed due to having more than 100.0% missing genotypes
2014-01-27 15:36:53,448: DEBUG: In '16:54420292', 31 out of 90 samples will be removed due to having more than 100.0% missing genotypes
2014-01-27 15:36:53,464: DEBUG: In '14:20620339', 37 out of 90 samples will be removed due to having more than 100.0% missing genotypes
2014-01-27 15:36:53,473: DEBUG: In '15:23477272', 6 out of 90 samples will be removed due to having more than 100.0% missing genotypes
2014-01-27 15:36:53,475: DEBUG: In '19:19168797', 27 out of 90 samples will be removed due to having more than 100.0% missing genotypes
2014-01-27 15:36:53,485: DEBUG: In '12:108725221', 32 out of 90 samples will be removed due to having more than 100.0% missing genotypes
2014-01-27 15:36:53,492: DEBUG: In '16:56159293', 21 out of 90 samples will be removed due to having more than 100.0% missing genotypes
2014-01-27 15:36:53,501: DEBUG: In '10:119123958', 23 out of 90 samples will be removed due to having more than 100.0% missing genotypes
2014-01-27 15:36:53,502: DEBUG: In '2:237909662', 26 out of 90 samples will be removed due to having more than 100.0% missing genotypes
2014-01-27 15:36:53,509: DEBUG: In '14:22305648', 1 out of 90 samples will be removed due to having more than 100.0% missing genotypes
2014-01-27 15:36:53,513: DEBUG: In '13:19311021', 3 out of 90 samples will be removed due to having more than 100.0% missing genotypes
2014-01-27 15:36:53,532: DEBUG: In '3:38325523', 6 out of 90 samples will be removed due to having more than 100.0% missing genotypes
2014-01-27 15:36:53,541: DEBUG: In '2:230785969', 29 out of 90 samples will be removed due to having more than 100.0% missing genotypes
2014-01-27 15:36:53,545: DEBUG: In '10:104924699', 11 out of 90 samples will be removed due to having more than 100.0% missing genotypes
2014-01-27 15:36:53,549: DEBUG: In '4:178499677', 12 out of 90 samples will be removed due to having more than 100.0% missing genotypes
2014-01-27 15:36:53,558: DEBUG: In '18:10461764', 30 out of 90 samples will be removed due to having more than 100.0% missing genotypes
2014-01-27 15:36:53,565: DEBUG: In '10:5193864', 3 out of 90 samples will be removed due to having more than 100.0% missing genotypes
2014-01-27 15:36:53,577: DEBUG: In '5:14663309', 7 out of 90 samples will be removed due to having more than 100.0% missing genotypes
2014-01-27 15:36:53,581: DEBUG: In '16:16188508', 19 out of 90 samples will be removed due to having more than 100.0% missing genotypes
2014-01-27 15:36:53,600: DEBUG: In '10:99361334', 37 out of 90 samples will be removed due to having more than 100.0% missing genotypes
2014-01-27 15:36:53,605: DEBUG: In '13:97627177', 54 out of 90 samples will be removed due to having more than 100.0% missing genotypes
2014-01-27 15:36:53,606: DEBUG: In '10:46507480', 1 out of 90 samples will be removed due to having more than 100.0% missing genotypes
2014-01-27 15:36:53,616: DEBUG: In '1:149640649', 2 out of 90 samples will be removed due to having more than 100.0% missing genotypes
2014-01-27 15:36:53,620: DEBUG: In '7:128639216', 49 out of 90 samples will be removed due to having more than 100.0% missing genotypes
2014-01-27 15:36:53,636: DEBUG: In '18:10461773', 25 out of 90 samples will be removed due to having more than 100.0% missing genotypes
2014-01-27 15:36:53,657: DEBUG: In '2:230758959', 3 out of 90 samples will be removed due to having more than 100.0% missing genotypes
2014-01-27 15:36:53,661: DEBUG: In '6:158491489', 29 out of 90 samples will be removed due to having more than 100.0% missing genotypes
2014-01-27 15:36:53,666: DEBUG: In '19:19467634', 45 out of 90 samples will be removed due to having more than 100.0% missing genotypes
2014-01-27 15:36:53,673: DEBUG: In '6:36031224', 9 out of 90 samples will be removed due to having more than 100.0% missing genotypes
2014-01-27 15:36:53,677: DEBUG: In '4:95780482', 6 out of 90 samples will be removed due to having more than 100.0% missing genotypes
2014-01-27 15:36:53,681: DEBUG: In '22:21833121', 30 out of 90 samples will be removed due to having more than 100.0% missing genotypes
2014-01-27 15:36:53,693: DEBUG: In '16:88140624', 18 out of 90 samples will be removed due to having more than 100.0% missing genotypes
2014-01-27 15:36:53,708: DEBUG: In '18:8788185', 25 out of 90 samples will be removed due to having more than 100.0% missing genotypes
2014-01-27 15:36:53,721: DEBUG: In '14:34312579', 18 out of 90 samples will be removed due to having more than 100.0% missing genotypes
2014-01-27 15:36:53,725: DEBUG: In '6:31706468', 8 out of 90 samples will be removed due to having more than 100.0% missing genotypes
2014-01-27 15:36:53,730: DEBUG: In '10:72274269', 2 out of 90 samples will be removed due to having more than 100.0% missing genotypes
2014-01-27 15:36:53,737: DEBUG: In '1:202853670', 26 out of 90 samples will be removed due to having more than 100.0% missing genotypes
2014-01-27 15:36:53,741: DEBUG: In '4:7853192', 7 out of 90 samples will be removed due to having more than 100.0% missing genotypes
2014-01-27 15:36:53,748: DEBUG: In '19:15164225', 51 out of 90 samples will be removed due to having more than 100.0% missing genotypes
2014-01-27 15:36:53,757: DEBUG: In '9:205269', 54 out of 90 samples will be removed due to having more than 100.0% missing genotypes
2014-01-27 15:36:53,773: DEBUG: In '19:62414819', 5 out of 90 samples will be removed due to having more than 100.0% missing genotypes
2014-01-27 15:36:53,784: DEBUG: In '4:178511829', 12 out of 90 samples will be removed due to having more than 100.0% missing genotypes
2014-01-27 15:36:53,792: DEBUG: In '20:61667251', 64 out of 90 samples will be removed due to having more than 100.0% missing genotypes
2014-01-27 15:36:53,766: DEBUG: In '20:61669130', 57 out of 90 samples will be removed due to having more than 100.0% missing genotypes
2014-01-27 15:36:53,797: DEBUG: In '6:32919607', 39 out of 90 samples will be removed due to having more than 100.0% missing genotypes
2014-01-27 15:36:53,801: DEBUG: In '6:31710946', 15 out of 90 samples will be removed due to having more than 100.0% missing genotypes
2014-01-27 15:36:53,809: DEBUG: In '5:171466387', 14 out of 90 samples will be removed due to having more than 100.0% missing genotypes
2014-01-27 15:36:53,824: DEBUG: In '17:3392651', 14 out of 90 samples will be removed due to having more than 100.0% missing genotypes
2014-01-27 15:36:53,833: DEBUG: In '9:722536', 7 out of 90 samples will be removed due to having more than 100.0% missing genotypes
2014-01-27 15:36:53,840: DEBUG: In '19:5163482', 30 out of 90 samples will be removed due to having more than 100.0% missing genotypes
2014-01-27 15:36:53,849: DEBUG: In '6:90556223', 7 out of 90 samples will be removed due to having more than 100.0% missing genotypes
2014-01-27 15:36:53,853: DEBUG: In '5:175938083', 22 out of 90 samples will be removed due to having more than 100.0% missing genotypes
2014-01-27 15:36:53,861: DEBUG: In '2:170201349', 29 out of 90 samples will be removed due to having more than 100.0% missing genotypes
2014-01-27 15:36:53,865: DEBUG: In '7:156454579', 20 out of 90 samples will be removed due to having more than 100.0% missing genotypes
2014-01-27 15:36:53,876: DEBUG: In '6:30020259', 68 out of 90 samples will be removed due to having more than 100.0% missing genotypes
2014-01-27 15:36:53,888: DEBUG: In '11:107969419', 30 out of 90 samples will be removed due to having more than 100.0% missing genotypes
2014-01-27 15:36:53,897: DEBUG: In '8:42155734', 21 out of 90 samples will be removed due to having more than 100.0% missing genotypes
2014-01-27 15:36:53,909: DEBUG: In '9:102094772', 19 out of 90 samples will be removed due to having more than 100.0% missing genotypes
2014-01-27 15:36:53,913: DEBUG: In '2:237914456', 2 out of 90 samples will be removed due to having more than 100.0% missing genotypes
2014-01-27 15:36:53,925: DEBUG: In '9:124015815', 59 out of 90 samples will be removed due to having more than 100.0% missing genotypes
2014-01-27 15:36:53,932: DEBUG: In '11:113906493', 38 out of 90 samples will be removed due to having more than 100.0% missing genotypes
2014-01-27 15:36:53,939: DEBUG: In '18:26840962', 13 out of 90 samples will be removed due to having more than 100.0% missing genotypes
2014-01-27 15:36:53,945: DEBUG: In '11:280816', 51 out of 90 samples will be removed due to having more than 100.0% missing genotypes
2014-01-27 15:36:53,969: DEBUG: In '14:22899004', 47 out of 90 samples will be removed due to having more than 100.0% missing genotypes
2014-01-27 15:36:53,980: DEBUG: In '4:178518748', 8 out of 90 samples will be removed due to having more than 100.0% missing genotypes
2014-01-27 15:36:53,984: DEBUG: In '2:241687871', 5 out of 90 samples will be removed due to having more than 100.0% missing genotypes
2014-01-27 15:36:53,989: DEBUG: In '1:171783526', 8 out of 90 samples will be removed due to having more than 100.0% missing genotypes
2014-01-27 15:36:54,000: DEBUG: In '1:46749424', 47 out of 90 samples will be removed due to having more than 100.0% missing genotypes
2014-01-27 15:36:54,003: DEBUG: In '3:122895582', 1 out of 90 samples will be removed due to having more than 100.0% missing genotypes
2014-01-27 15:36:54,017: DEBUG: In '12:124014913', 25 out of 90 samples will be removed due to having more than 100.0% missing genotypes
2014-01-27 15:36:54,027: DEBUG: In '19:965377', 50 out of 90 samples will be removed due to having more than 100.0% missing genotypes
2014-01-27 15:36:54,037: DEBUG: In '10:105872755', 17 out of 90 samples will be removed due to having more than 100.0% missing genotypes
2014-01-27 15:36:54,045: DEBUG: In '6:90425101', 15 out of 90 samples will be removed due to having more than 100.0% missing genotypes
2014-01-27 15:36:54,047: DEBUG: In '11:100368529', 10 out of 90 samples will be removed due to having more than 100.0% missing genotypes
2014-01-27 15:36:54,057: DEBUG: In '10:49090014', 7 out of 90 samples will be removed due to having more than 100.0% missing genotypes
2014-01-27 15:36:54,061: DEBUG: In '15:83248435', 12 out of 90 samples will be removed due to having more than 100.0% missing genotypes
2014-01-27 15:36:54,069: DEBUG: In '18:9244785', 16 out of 90 samples will be removed due to having more than 100.0% missing genotypes
2014-01-27 15:36:54,071: DEBUG: In '2:100282204', 8 out of 90 samples will be removed due to having more than 100.0% missing genotypes
2014-01-27 15:36:54,081: DEBUG: In '11:85114148', 2 out of 90 samples will be removed due to having more than 100.0% missing genotypes
2014-01-27 15:36:54,097: DEBUG: In '16:16199484', 51 out of 90 samples will be removed due to having more than 100.0% missing genotypes
2014-01-27 15:36:54,108: DEBUG: In '1:205141528', 4 out of 90 samples will be removed due to having more than 100.0% missing genotypes
2014-01-27 15:36:54,113: DEBUG: In '12:122391512', 18 out of 90 samples will be removed due to having more than 100.0% missing genotypes
2014-01-27 15:36:54,123: DEBUG: In '4:26035116', 30 out of 90 samples will be removed due to having more than 100.0% missing genotypes
2014-01-27 15:36:54,133: DEBUG: In '5:7950283', 7 out of 90 samples will be removed due to having more than 100.0% missing genotypes
2014-01-27 15:36:54,139: DEBUG: In '9:2638773', 4 out of 90 samples will be removed due to having more than 100.0% missing genotypes
2014-01-27 15:36:54,141: DEBUG: In '4:169669908', 15 out of 90 samples will be removed due to having more than 100.0% missing genotypes
2014-01-27 15:36:54,149: DEBUG: In '5:1464412', 45 out of 90 samples will be removed due to having more than 100.0% missing genotypes
2014-01-27 15:36:54,157: DEBUG: In '2:230785356', 3 out of 90 samples will be removed due to having more than 100.0% missing genotypes
2014-01-27 15:36:54,169: DEBUG: In '11:77615448', 13 out of 90 samples will be removed due to having more than 100.0% missing genotypes
2014-01-27 15:36:54,173: DEBUG: In '17:41429726', 54 out of 90 samples will be removed due to having more than 100.0% missing genotypes
2014-01-27 15:36:54,185: DEBUG: In '17:30796802', 15 out of 90 samples will be removed due to having more than 100.0% missing genotypes
2014-01-27 15:36:54,189: DEBUG: In '3:99699868', 43 out of 90 samples will be removed due to having more than 100.0% missing genotypes
2014-01-27 15:36:54,193: DEBUG: In '18:26967992', 10 out of 90 samples will be removed due to having more than 100.0% missing genotypes
2014-01-27 15:36:54,201: DEBUG: In '4:89890744', 5 out of 90 samples will be removed due to having more than 100.0% missing genotypes
2014-01-27 15:36:54,213: DEBUG: In '1:20916748', 73 out of 90 samples will be removed due to having more than 100.0% missing genotypes
2014-01-27 15:36:54,217: DEBUG: In '6:143858552', 2 out of 90 samples will be removed due to having more than 100.0% missing genotypes
2014-01-27 15:36:54,233: DEBUG: In '10:51675159', 11 out of 90 samples will be removed due to having more than 100.0% missing genotypes
2014-01-27 15:36:54,237: DEBUG: In '5:34951705', 27 out of 90 samples will be removed due to having more than 100.0% missing genotypes
2014-01-27 15:36:54,249: DEBUG: In '14:23875303', 7 out of 90 samples will be removed due to having more than 100.0% missing genotypes
2014-01-27 15:36:54,253: DEBUG: In '15:83924023', 2 out of 90 samples will be removed due to having more than 100.0% missing genotypes
2014-01-27 15:36:54,261: DEBUG: In '10:114190345', 2 out of 90 samples will be removed due to having more than 100.0% missing genotypes
2014-01-27 15:36:54,269: DEBUG: In '7:149848268', 3 out of 90 samples will be removed due to having more than 100.0% missing genotypes
2014-01-27 15:36:54,277: DEBUG: In '7:99585066', 13 out of 90 samples will be removed due to having more than 100.0% missing genotypes
2014-01-27 15:36:54,282: DEBUG: In '7:34784638', 4 out of 90 samples will be removed due to having more than 100.0% missing genotypes
2014-01-27 15:36:54,297: DEBUG: In '10:5531181', 52 out of 90 samples will be removed due to having more than 100.0% missing genotypes
2014-01-27 15:36:54,304: DEBUG: In '12:124004476', 69 out of 90 samples will be removed due to having more than 100.0% missing genotypes
2014-01-27 15:36:54,313: DEBUG: In '14:22306364', 18 out of 90 samples will be removed due to having more than 100.0% missing genotypes
2014-01-27 15:36:54,318: DEBUG: In '14:93712170', 13 out of 90 samples will be removed due to having more than 100.0% missing genotypes
2014-01-27 15:36:54,325: DEBUG: In '4:104336640', 6 out of 90 samples will be removed due to having more than 100.0% missing genotypes
2014-01-27 15:36:54,333: DEBUG: In '1:153299932', 36 out of 90 samples will be removed due to having more than 100.0% missing genotypes
2014-01-27 15:36:54,340: DEBUG: In '8:133969568', 5 out of 90 samples will be removed due to having more than 100.0% missing genotypes
2014-01-27 15:36:54,353: DEBUG: In '18:26988747', 16 out of 90 samples will be removed due to having more than 100.0% missing genotypes
2014-01-27 15:36:54,357: DEBUG: In '9:33432952', 27 out of 90 samples will be removed due to having more than 100.0% missing genotypes
2014-01-27 15:36:54,364: DEBUG: In '11:609789', 49 out of 90 samples will be removed due to having more than 100.0% missing genotypes
2014-01-27 15:36:54,976: INFO: Association tests on 1474 groups have completed. 5 failed.
2014-01-27 15:36:54,977: DEBUG: Loading annotation database EA_CV
2014-01-27 15:36:55,322: INFO: Using annotation DB EA_CV as EA_CV in project ceu.
2014-01-27 15:36:55,323: INFO: Annotation database used to record results of association tests. Created on Mon, 27 Jan 2014 20:31:48
2014-01-27 15:36:55,821: INFO: 1474 out of 3484 variant.chr, variant.pos are annotated through annotation database EA_CV
2014-01-27 15:36:55,823: DEBUG: The first 100 values not annotated are: 19, 17, 5, 15, 2, 15, 16, 17, 22, 16, 16, 9, 16, 12, 4, 8, 4, 3, 20, 3, 1, 10, 2, 1, 7, 15, 6, 8, 10, 17, 11, 22, 12, 16, 13, 9, 9, 1, 7, 1, 1, 6, 12, 1, 13, 19, 12, 16, 14, 19, 11, 1, 20, 13, 1, 16, 3, 1, 5, 6, 19, 9, 8, 12, 15, 3, 15, 3, 19, 5, 6, 7, 2, 19, 1, 11, 3, 4, 17, 19, 1, 16, 16, 6, 12, 13, 3, 16, 7, 14, 18, 1, 19, 14, 14, 19, 17, 22, 19, 2
2014-01-27 15:39:47,100: DEBUG: 
2014-01-27 15:39:47,100: DEBUG: vtools show fields
2014-01-27 15:39:47,101: DEBUG: Using temporary directory /tmp/tmpWiiWcJ
2014-01-27 15:39:47,101: DEBUG: Opening project ceu.proj
2014-01-27 15:39:47,105: DEBUG: Loading annotation database refGene.DB as refGene
2014-01-27 15:39:47,107: DEBUG: Loading annotation database EA_CV as EA_CV
2014-01-27 15:41:44,718: DEBUG: 
2014-01-27 15:41:44,718: DEBUG: vtools associate 'rare_ceu' BMI --covariate SEX -m 'LinRegBurden --alternative 2' -g 'refGene.name2' -j8 --to_db 'EA_RV'
2014-01-27 15:41:44,719: DEBUG: Using temporary directory /tmp/tmpZqwOeT
2014-01-27 15:41:44,719: DEBUG: Opening project ceu.proj
2014-01-27 15:41:44,723: DEBUG: Loading annotation database refGene.DB as refGene
2014-01-27 15:41:44,726: DEBUG: Loading annotation database EA_CV as EA_CV
2014-01-27 15:41:44,734: DEBUG: Select phenotype and covariates using query SELECT sample_id, sample_name, BMI, SEX FROM sample LEFT OUTER JOIN filename ON sample.file_id = filename.file_id WHERE BMI IS NOT NULL AND SEX IS NOT NULL
2014-01-27 15:41:44,735: INFO: 90 samples are found
2014-01-27 15:41:45,322: DEBUG: Running query INSERT INTO __asso_tmp SELECT DISTINCT rare_ceu.variant_id, 0, refGene.refGene.name2  FROM rare_ceu, variant, refGene.__rng_refgene_hg19_chr_txStart_txEnd, refGene.refGene WHERE (rare_ceu.variant_id = variant.variant_id) AND (variant.alt_bin = refGene.__rng_refgene_hg19_chr_txStart_txEnd.bin AND variant.alt_chr = refGene.__rng_refgene_hg19_chr_txStart_txEnd.chr AND variant.alt_pos >= refGene.__rng_refgene_hg19_chr_txStart_txEnd.start AND variant.alt_pos <= refGene.__rng_refgene_hg19_chr_txStart_txEnd.end ) AND (refGene.refGene.rowid = refGene.__rng_refgene_hg19_chr_txStart_txEnd.range_id);
2014-01-27 15:41:45,600: INFO: 432 groups are found
2014-01-27 15:41:45,604: DEBUG: Creating EA_RV_field table
2014-01-27 15:41:45,811: DEBUG: Creating EA_RV_info table
2014-01-27 15:41:46,047: DEBUG: Creating table EA_RV
2014-01-27 15:41:46,048: DEBUG: Creating annotation table EA_RV using query
CREATE TABLE IF NOT EXISTS EA_RV (refgene_name2 VARCHAR(255),
sample_size_LinRegBurden INT,
num_variants_LinRegBurden INT,
total_mac_LinRegBurden INT,
beta_x_LinRegBurden FLOAT,
pvalue_LinRegBurden FLOAT,
wald_x_LinRegBurden FLOAT,
beta_2_LinRegBurden FLOAT,
beta_2_pvalue_LinRegBurden FLOAT,
wald_2_LinRegBurden FLOAT);
2014-01-27 15:41:46,229: DEBUG: Loader 0 is ready
2014-01-27 15:41:46,926: DEBUG: Loader 1 is ready
2014-01-27 15:41:47,500: DEBUG: Loader 2 is ready
2014-01-27 15:41:48,113: DEBUG: Loader 3 is ready
2014-01-27 15:41:49,874: DEBUG: Loader 4 is ready
2014-01-27 15:41:50,068: DEBUG: Loader 5 is ready
2014-01-27 15:41:50,350: DEBUG: Loader 6 is ready
2014-01-27 15:41:51,237: INFO: Starting 8 processes to load genotypes
2014-01-27 15:41:52,200: DEBUG: Loader 7 is ready
2014-01-27 15:41:55,336: DEBUG: In 'AATF', 1 out of 90 samples will be removed due to having more than 100.0% missing genotypes
2014-01-27 15:41:55,345: DEBUG: In 'ABCB9', 32 out of 90 samples will be removed due to having more than 100.0% missing genotypes
2014-01-27 15:41:55,351: DEBUG: In 'ABCC6', 25 out of 90 samples will be removed due to having more than 100.0% missing genotypes
2014-01-27 15:41:55,352: DEBUG: In 'ABCC6', 1 out of 1 loci will be removed due to having no minor allele or having more than 100.0% missing genotypes
2014-01-27 15:41:55,352: DEBUG: An ERROR has occurred in process 7 while processing 'ABCC6': No variant found in genotype data for 'ABCC6'.
2014-01-27 15:41:55,365: DEBUG: In 'ACCN3', 34 out of 90 samples will be removed due to having more than 100.0% missing genotypes
2014-01-27 15:41:55,372: DEBUG: In 'ACHE', 14 out of 90 samples will be removed due to having more than 100.0% missing genotypes
2014-01-27 15:41:55,379: DEBUG: In 'ACTL8', 9 out of 90 samples will be removed due to having more than 100.0% missing genotypes
2014-01-27 15:41:55,387: DEBUG: In 'ADAM29', 2 out of 90 samples will be removed due to having more than 100.0% missing genotypes
2014-01-27 15:41:55,393: DEBUG: In 'ADAMTS4', 21 out of 90 samples will be removed due to having more than 100.0% missing genotypes
2014-01-27 15:41:55,401: DEBUG: In 'AHNAK', 1 out of 90 samples will be removed due to having more than 100.0% missing genotypes
2014-01-27 15:41:55,417: DEBUG: In 'AKR1CL1', 3 out of 90 samples will be removed due to having more than 100.0% missing genotypes
2014-01-27 15:41:55,425: DEBUG: In 'AKR1D1', 7 out of 90 samples will be removed due to having more than 100.0% missing genotypes
2014-01-27 15:41:55,432: DEBUG: In 'ALDH1A2', 3 out of 90 samples will be removed due to having more than 100.0% missing genotypes
2014-01-27 15:41:55,446: DEBUG: In 'AMPD2', 29 out of 90 samples will be removed due to having more than 100.0% missing genotypes
2014-01-27 15:41:55,453: DEBUG: In 'ANO9', 41 out of 90 samples will be removed due to having more than 100.0% missing genotypes
2014-01-27 15:41:55,453: DEBUG: In 'ANO9', 1 out of 1 loci will be removed due to having no minor allele or having more than 100.0% missing genotypes
2014-01-27 15:41:55,453: DEBUG: An ERROR has occurred in process 7 while processing 'ANO9': No variant found in genotype data for 'ANO9'.
2014-01-27 15:41:55,460: DEBUG: In 'ANP32C', 21 out of 90 samples will be removed due to having more than 100.0% missing genotypes
2014-01-27 15:41:55,467: DEBUG: In 'APITD1', 16 out of 90 samples will be removed due to having more than 100.0% missing genotypes
2014-01-27 15:41:55,473: DEBUG: In 'APITD1-CORT', 16 out of 90 samples will be removed due to having more than 100.0% missing genotypes
2014-01-27 15:41:55,480: DEBUG: In 'ARHGAP24', 3 out of 90 samples will be removed due to having more than 100.0% missing genotypes
2014-01-27 15:41:55,487: DEBUG: In 'ARHGEF10L', 47 out of 90 samples will be removed due to having more than 100.0% missing genotypes
2014-01-27 15:41:55,487: DEBUG: In 'ARHGEF10L', 1 out of 1 loci will be removed due to having no minor allele or having more than 100.0% missing genotypes
2014-01-27 15:41:55,487: DEBUG: An ERROR has occurred in process 7 while processing 'ARHGEF10L': No variant found in genotype data for 'ARHGEF10L'.
2014-01-27 15:41:55,493: DEBUG: In 'ARHGEF40', 14 out of 90 samples will be removed due to having more than 100.0% missing genotypes
2014-01-27 15:41:55,500: DEBUG: In 'ARNT', 16 out of 90 samples will be removed due to having more than 100.0% missing genotypes
2014-01-27 15:41:55,507: DEBUG: In 'ASAH2', 8 out of 90 samples will be removed due to having more than 100.0% missing genotypes
2014-01-27 15:41:55,513: DEBUG: In 'ATG5', 25 out of 90 samples will be removed due to having more than 100.0% missing genotypes
2014-01-27 15:41:55,520: DEBUG: In 'ATL2', 22 out of 90 samples will be removed due to having more than 100.0% missing genotypes
2014-01-27 15:41:55,528: DEBUG: In 'ATP10A', 1 out of 90 samples will be removed due to having more than 100.0% missing genotypes
2014-01-27 15:41:55,536: DEBUG: In 'ATP2B1', 4 out of 90 samples will be removed due to having more than 100.0% missing genotypes
2014-01-27 15:41:55,544: DEBUG: In 'ATP8B4', 1 out of 90 samples will be removed due to having more than 100.0% missing genotypes
2014-01-27 15:41:55,552: DEBUG: In 'ATRNL1', 4 out of 90 samples will be removed due to having more than 100.0% missing genotypes
2014-01-27 15:41:55,558: DEBUG: In 'B3GALTL', 10 out of 90 samples will be removed due to having more than 100.0% missing genotypes
2014-01-27 15:41:55,565: DEBUG: In 'BAZ1A', 2 out of 90 samples will be removed due to having more than 100.0% missing genotypes
2014-01-27 15:41:55,572: DEBUG: In 'BCHE', 2 out of 90 samples will be removed due to having more than 100.0% missing genotypes
2014-01-27 15:41:55,579: DEBUG: In 'BCL11A', 16 out of 90 samples will be removed due to having more than 100.0% missing genotypes
2014-01-27 15:41:55,586: DEBUG: In 'BCL2L15', 2 out of 90 samples will be removed due to having more than 100.0% missing genotypes
2014-01-27 15:41:55,586: DEBUG: In 'BCL2L15', 1 out of 1 loci will be removed due to having no minor allele or having more than 100.0% missing genotypes
2014-01-27 15:41:55,586: DEBUG: An ERROR has occurred in process 7 while processing 'BCL2L15': No variant found in genotype data for 'BCL2L15'.
2014-01-27 15:41:55,592: DEBUG: In 'BDH1', 16 out of 90 samples will be removed due to having more than 100.0% missing genotypes
2014-01-27 15:41:55,599: DEBUG: In 'BRD7', 26 out of 90 samples will be removed due to having more than 100.0% missing genotypes
2014-01-27 15:41:55,605: DEBUG: In 'BRIX1', 20 out of 90 samples will be removed due to having more than 100.0% missing genotypes
2014-01-27 15:41:55,612: DEBUG: In 'BTBD1', 11 out of 90 samples will be removed due to having more than 100.0% missing genotypes
2014-01-27 15:41:55,619: DEBUG: In 'C14orf159', 2 out of 90 samples will be removed due to having more than 100.0% missing genotypes
2014-01-27 15:41:55,626: DEBUG: In 'C16orf48', 19 out of 90 samples will be removed due to having more than 100.0% missing genotypes
2014-01-27 15:41:55,633: DEBUG: In 'C17orf66', 7 out of 90 samples will be removed due to having more than 100.0% missing genotypes
2014-01-27 15:41:55,639: DEBUG: In 'C1QBP', 13 out of 90 samples will be removed due to having more than 100.0% missing genotypes
2014-01-27 15:41:55,646: DEBUG: In 'C1orf63', 17 out of 90 samples will be removed due to having more than 100.0% missing genotypes
2014-01-27 15:41:55,658: DEBUG: In 'C1orf9', 4 out of 90 samples will be removed due to having more than 100.0% missing genotypes
2014-01-27 15:41:55,669: DEBUG: In 'C3orf38', 6 out of 90 samples will be removed due to having more than 100.0% missing genotypes
2014-01-27 15:41:55,674: DEBUG: In 'C3orf38', 1 out of 1 loci will be removed due to having no minor allele or having more than 100.0% missing genotypes
2014-01-27 15:41:55,674: DEBUG: An ERROR has occurred in process 7 while processing 'C3orf38': No variant found in genotype data for 'C3orf38'.
2014-01-27 15:41:55,680: DEBUG: In 'C20orf26', 1 out of 90 samples will be removed due to having more than 100.0% missing genotypes
2014-01-27 15:41:55,685: DEBUG: In 'C5orf25', 1 out of 90 samples will be removed due to having more than 100.0% missing genotypes
2014-01-27 15:41:55,704: DEBUG: In 'C6orf130', 7 out of 90 samples will be removed due to having more than 100.0% missing genotypes
2014-01-27 15:41:55,707: DEBUG: In 'C8orf37', 30 out of 90 samples will be removed due to having more than 100.0% missing genotypes
2014-01-27 15:41:55,724: DEBUG: In 'CAMKK2', 64 out of 90 samples will be removed due to having more than 100.0% missing genotypes
2014-01-27 15:41:55,724: DEBUG: In 'CAMKK2', 1 out of 1 loci will be removed due to having no minor allele or having more than 100.0% missing genotypes
2014-01-27 15:41:55,724: DEBUG: An ERROR has occurred in process 2 while processing 'CAMKK2': No variant found in genotype data for 'CAMKK2'.
2014-01-27 15:41:55,727: DEBUG: In 'C9orf131', 5 out of 90 samples will be removed due to having more than 100.0% missing genotypes
2014-01-27 15:41:55,747: DEBUG: In 'CBLB', 1 out of 90 samples will be removed due to having more than 100.0% missing genotypes
2014-01-27 15:41:55,753: DEBUG: In 'CCDC135', 4 out of 90 samples will be removed due to having more than 100.0% missing genotypes
2014-01-27 15:41:55,755: DEBUG: In 'CCDC165', 12 out of 90 samples will be removed due to having more than 100.0% missing genotypes
2014-01-27 15:41:55,771: DEBUG: In 'CCDC63', 2 out of 90 samples will be removed due to having more than 100.0% missing genotypes
2014-01-27 15:41:55,776: DEBUG: In 'CCKAR', 7 out of 90 samples will be removed due to having more than 100.0% missing genotypes
2014-01-27 15:41:55,778: DEBUG: In 'CCDC69', 19 out of 90 samples will be removed due to having more than 100.0% missing genotypes
2014-01-27 15:41:55,793: DEBUG: In 'CCT6B', 12 out of 90 samples will be removed due to having more than 100.0% missing genotypes
2014-01-27 15:41:55,797: DEBUG: In 'CD46', 21 out of 90 samples will be removed due to having more than 100.0% missing genotypes
2014-01-27 15:41:55,816: DEBUG: In 'CDH1', 3 out of 90 samples will be removed due to having more than 100.0% missing genotypes
2014-01-27 15:41:55,820: DEBUG: In 'CDCA2', 3 out of 90 samples will be removed due to having more than 100.0% missing genotypes
2014-01-27 15:41:55,824: DEBUG: In 'CDH7', 1 out of 90 samples will be removed due to having more than 100.0% missing genotypes
2014-01-27 15:41:55,840: DEBUG: In 'CDHR2', 15 out of 90 samples will be removed due to having more than 100.0% missing genotypes
2014-01-27 15:41:55,841: DEBUG: In 'CDHR2', 1 out of 3 loci will be removed due to having no minor allele or having more than 100.0% missing genotypes
2014-01-27 15:41:55,844: DEBUG: In 'CDHR5', 57 out of 90 samples will be removed due to having more than 100.0% missing genotypes
2014-01-27 15:41:55,844: DEBUG: In 'CDHR5', 1 out of 1 loci will be removed due to having no minor allele or having more than 100.0% missing genotypes
2014-01-27 15:41:55,844: DEBUG: An ERROR has occurred in process 3 while processing 'CDHR5': No variant found in genotype data for 'CDHR5'.
2014-01-27 15:41:55,846: DEBUG: In 'CECR1', 27 out of 90 samples will be removed due to having more than 100.0% missing genotypes
2014-01-27 15:41:55,865: DEBUG: In 'CEP128', 3 out of 90 samples will be removed due to having more than 100.0% missing genotypes
2014-01-27 15:41:55,868: DEBUG: In 'CEP250', 10 out of 90 samples will be removed due to having more than 100.0% missing genotypes
2014-01-27 15:41:55,869: DEBUG: In 'CENPE', 12 out of 90 samples will be removed due to having more than 100.0% missing genotypes
2014-01-27 15:41:55,888: DEBUG: In 'CHPT1', 23 out of 90 samples will be removed due to having more than 100.0% missing genotypes
2014-01-27 15:41:55,890: DEBUG: In 'CERS3', 11 out of 90 samples will be removed due to having more than 100.0% missing genotypes
2014-01-27 15:41:55,891: DEBUG: In 'CERS3', 1 out of 1 loci will be removed due to having no minor allele or having more than 100.0% missing genotypes
2014-01-27 15:41:55,891: DEBUG: An ERROR has occurred in process 7 while processing 'CERS3': No variant found in genotype data for 'CERS3'.
2014-01-27 15:41:55,892: DEBUG: In 'CHAT', 3 out of 90 samples will be removed due to having more than 100.0% missing genotypes
2014-01-27 15:41:55,893: DEBUG: In 'CHAT', 1 out of 4 loci will be removed due to having no minor allele or having more than 100.0% missing genotypes
2014-01-27 15:41:55,908: DEBUG: In 'CIDEA', 17 out of 90 samples will be removed due to having more than 100.0% missing genotypes
2014-01-27 15:41:55,913: DEBUG: In 'CLSPN', 1 out of 90 samples will be removed due to having more than 100.0% missing genotypes
2014-01-27 15:41:55,915: DEBUG: In 'CLRN3', 1 out of 90 samples will be removed due to having more than 100.0% missing genotypes
2014-01-27 15:41:55,934: DEBUG: In 'COL14A1', 5 out of 90 samples will be removed due to having more than 100.0% missing genotypes
2014-01-27 15:41:55,944: DEBUG: In 'COPS8', 7 out of 90 samples will be removed due to having more than 100.0% missing genotypes
2014-01-27 15:41:55,956: DEBUG: In 'CREB5', 17 out of 90 samples will be removed due to having more than 100.0% missing genotypes
2014-01-27 15:41:55,960: DEBUG: In 'CRELD1', 20 out of 90 samples will be removed due to having more than 100.0% missing genotypes
2014-01-27 15:41:55,960: DEBUG: In 'CRELD1', 1 out of 2 loci will be removed due to having no minor allele or having more than 100.0% missing genotypes
2014-01-27 15:41:55,967: DEBUG: In 'CRIPAK', 66 out of 90 samples will be removed due to having more than 100.0% missing genotypes
2014-01-27 15:41:55,975: DEBUG: In 'CRNN', 17 out of 90 samples will be removed due to having more than 100.0% missing genotypes
2014-01-27 15:41:55,985: DEBUG: In 'CRTAP', 13 out of 90 samples will be removed due to having more than 100.0% missing genotypes
2014-01-27 15:41:55,986: DEBUG: In 'CTSW', 15 out of 90 samples will be removed due to having more than 100.0% missing genotypes
2014-01-27 15:41:55,987: DEBUG: In 'CTSW', 1 out of 1 loci will be removed due to having no minor allele or having more than 100.0% missing genotypes
2014-01-27 15:41:55,987: DEBUG: An ERROR has occurred in process 2 while processing 'CTSW': No variant found in genotype data for 'CTSW'.
2014-01-27 15:41:55,996: DEBUG: In 'CYP24A1', 7 out of 90 samples will be removed due to having more than 100.0% missing genotypes
2014-01-27 15:41:55,997: DEBUG: In 'CYP24A1', 1 out of 2 loci will be removed due to having no minor allele or having more than 100.0% missing genotypes
2014-01-27 15:41:56,001: DEBUG: In 'CYP2C18', 13 out of 90 samples will be removed due to having more than 100.0% missing genotypes
2014-01-27 15:41:56,004: DEBUG: In 'CYP3A7', 13 out of 90 samples will be removed due to having more than 100.0% missing genotypes
2014-01-27 15:41:56,019: DEBUG: In 'CYP7B1', 10 out of 90 samples will be removed due to having more than 100.0% missing genotypes
2014-01-27 15:41:56,024: DEBUG: In 'DDX49', 36 out of 90 samples will be removed due to having more than 100.0% missing genotypes
2014-01-27 15:41:56,031: DEBUG: In 'DCTN5', 17 out of 90 samples will be removed due to having more than 100.0% missing genotypes
2014-01-27 15:41:56,041: DEBUG: In 'DHX37', 31 out of 90 samples will be removed due to having more than 100.0% missing genotypes
2014-01-27 15:41:56,043: DEBUG: In 'DGKZ', 49 out of 90 samples will be removed due to having more than 100.0% missing genotypes
2014-01-27 15:41:56,043: DEBUG: In 'DGKZ', 1 out of 1 loci will be removed due to having no minor allele or having more than 100.0% missing genotypes
2014-01-27 15:41:56,043: DEBUG: An ERROR has occurred in process 7 while processing 'DGKZ': No variant found in genotype data for 'DGKZ'.
2014-01-27 15:41:56,048: DEBUG: In 'DLGAP4', 24 out of 90 samples will be removed due to having more than 100.0% missing genotypes
2014-01-27 15:41:56,057: DEBUG: In 'DNAH12', 21 out of 90 samples will be removed due to having more than 100.0% missing genotypes
2014-01-27 15:41:56,065: DEBUG: In 'DNMBP', 8 out of 90 samples will be removed due to having more than 100.0% missing genotypes
2014-01-27 15:41:56,072: DEBUG: In 'DSC3', 8 out of 90 samples will be removed due to having more than 100.0% missing genotypes
2014-01-27 15:41:56,076: DEBUG: In 'DUS1L', 27 out of 90 samples will be removed due to having more than 100.0% missing genotypes
2014-01-27 15:41:56,091: DEBUG: In 'DYX1C1', 16 out of 90 samples will be removed due to having more than 100.0% missing genotypes
2014-01-27 15:41:56,094: DEBUG: In 'DUSP10', 1 out of 90 samples will be removed due to having more than 100.0% missing genotypes
2014-01-27 15:41:56,100: DEBUG: In 'DYX1C1-CCPG1', 16 out of 90 samples will be removed due to having more than 100.0% missing genotypes
2014-01-27 15:41:56,109: DEBUG: In 'EFCAB3', 13 out of 90 samples will be removed due to having more than 100.0% missing genotypes
2014-01-27 15:41:56,115: DEBUG: In 'EIF2D', 3 out of 90 samples will be removed due to having more than 100.0% missing genotypes
2014-01-27 15:41:56,120: DEBUG: In 'ELAVL4', 2 out of 90 samples will be removed due to having more than 100.0% missing genotypes
2014-01-27 15:41:56,135: DEBUG: In 'EPB42', 1 out of 90 samples will be removed due to having more than 100.0% missing genotypes
2014-01-27 15:41:56,138: DEBUG: In 'EPYC', 3 out of 90 samples will be removed due to having more than 100.0% missing genotypes
2014-01-27 15:41:56,141: DEBUG: In 'ERCC3', 14 out of 90 samples will be removed due to having more than 100.0% missing genotypes
2014-01-27 15:41:56,157: DEBUG: In 'ERCC6', 3 out of 90 samples will be removed due to having more than 100.0% missing genotypes
2014-01-27 15:41:56,160: DEBUG: In 'ETS2', 2 out of 90 samples will be removed due to having more than 100.0% missing genotypes
2014-01-27 15:41:56,175: DEBUG: In 'EXPH5', 1 out of 5 loci will be removed due to having no minor allele or having more than 100.0% missing genotypes
2014-01-27 15:41:56,180: DEBUG: In 'F2RL1', 1 out of 90 samples will be removed due to having more than 100.0% missing genotypes
2014-01-27 15:41:56,184: DEBUG: In 'FAM13A', 4 out of 90 samples will be removed due to having more than 100.0% missing genotypes
2014-01-27 15:41:56,192: DEBUG: In 'FAM47E-STBD1', 1 out of 90 samples will be removed due to having more than 100.0% missing genotypes
2014-01-27 15:41:56,205: DEBUG: In 'FASTKD5', 1 out of 3 loci will be removed due to having no minor allele or having more than 100.0% missing genotypes
2014-01-27 15:41:56,208: DEBUG: In 'FBXL13', 9 out of 90 samples will be removed due to having more than 100.0% missing genotypes
2014-01-27 15:41:56,209: DEBUG: In 'FBXL13', 1 out of 2 loci will be removed due to having no minor allele or having more than 100.0% missing genotypes
2014-01-27 15:41:56,213: DEBUG: In 'FBXL4', 3 out of 90 samples will be removed due to having more than 100.0% missing genotypes
2014-01-27 15:41:56,228: DEBUG: In 'FCF1', 17 out of 90 samples will be removed due to having more than 100.0% missing genotypes
2014-01-27 15:41:56,231: DEBUG: In 'FLJ39534', 2 out of 90 samples will be removed due to having more than 100.0% missing genotypes
2014-01-27 15:41:56,243: DEBUG: In 'FLT1', 9 out of 90 samples will be removed due to having more than 100.0% missing genotypes
2014-01-27 15:41:56,252: DEBUG: In 'FRMPD2', 1 out of 90 samples will be removed due to having more than 100.0% missing genotypes
2014-01-27 15:41:56,257: DEBUG: In 'FTSJ3', 4 out of 90 samples will be removed due to having more than 100.0% missing genotypes
2014-01-27 15:41:56,272: DEBUG: In 'FUCA2', 10 out of 90 samples will be removed due to having more than 100.0% missing genotypes
2014-01-27 15:41:56,283: DEBUG: In 'GAL3ST1', 45 out of 90 samples will be removed due to having more than 100.0% missing genotypes
2014-01-27 15:41:56,283: DEBUG: In 'GAL3ST1', 1 out of 1 loci will be removed due to having no minor allele or having more than 100.0% missing genotypes
2014-01-27 15:41:56,283: DEBUG: An ERROR has occurred in process 7 while processing 'GAL3ST1': No variant found in genotype data for 'GAL3ST1'.
2014-01-27 15:41:56,293: DEBUG: In 'GATA4', 37 out of 90 samples will be removed due to having more than 100.0% missing genotypes
2014-01-27 15:41:56,296: DEBUG: In 'GALM', 3 out of 90 samples will be removed due to having more than 100.0% missing genotypes
2014-01-27 15:41:56,299: DEBUG: In 'GBP6', 23 out of 90 samples will be removed due to having more than 100.0% missing genotypes
2014-01-27 15:41:56,328: DEBUG: In 'GLP2R', 27 out of 90 samples will be removed due to having more than 100.0% missing genotypes
2014-01-27 15:41:56,330: DEBUG: In 'GIGYF2', 1 out of 90 samples will be removed due to having more than 100.0% missing genotypes
2014-01-27 15:41:56,349: DEBUG: In 'GLOD4', 2 out of 90 samples will be removed due to having more than 100.0% missing genotypes
2014-01-27 15:41:56,356: DEBUG: In 'GOPC', 2 out of 90 samples will be removed due to having more than 100.0% missing genotypes
2014-01-27 15:41:56,359: DEBUG: In 'GPD2', 2 out of 90 samples will be removed due to having more than 100.0% missing genotypes
2014-01-27 15:41:56,361: DEBUG: In 'GOLGB1', 1 out of 90 samples will be removed due to having more than 100.0% missing genotypes
2014-01-27 15:41:56,381: DEBUG: In 'GSDMC', 2 out of 90 samples will be removed due to having more than 100.0% missing genotypes
2014-01-27 15:41:56,384: DEBUG: In 'GPR114', 17 out of 90 samples will be removed due to having more than 100.0% missing genotypes
2014-01-27 15:41:56,388: DEBUG: In 'GTF2E2', 6 out of 90 samples will be removed due to having more than 100.0% missing genotypes
2014-01-27 15:41:56,389: DEBUG: In 'GTF2E2', 1 out of 2 loci will be removed due to having no minor allele or having more than 100.0% missing genotypes
2014-01-27 15:41:56,390: DEBUG: In 'GPR128', 20 out of 90 samples will be removed due to having more than 100.0% missing genotypes
2014-01-27 15:41:56,409: DEBUG: In 'GUF1', 17 out of 90 samples will be removed due to having more than 100.0% missing genotypes
2014-01-27 15:41:56,412: DEBUG: In 'H2AFY2', 4 out of 90 samples will be removed due to having more than 100.0% missing genotypes
2014-01-27 15:41:56,416: DEBUG: In 'HAGH', 32 out of 90 samples will be removed due to having more than 100.0% missing genotypes
2014-01-27 15:41:56,427: DEBUG: In 'HAX1', 25 out of 90 samples will be removed due to having more than 100.0% missing genotypes
2014-01-27 15:41:56,437: DEBUG: In 'HCG9', 29 out of 90 samples will be removed due to having more than 100.0% missing genotypes
2014-01-27 15:41:56,441: DEBUG: In 'HIPK1', 3 out of 90 samples will be removed due to having more than 100.0% missing genotypes
2014-01-27 15:41:56,445: DEBUG: In 'HEATR6', 1 out of 90 samples will be removed due to having more than 100.0% missing genotypes
2014-01-27 15:41:56,448: DEBUG: In 'HIST1H2BC', 23 out of 90 samples will be removed due to having more than 100.0% missing genotypes
2014-01-27 15:41:56,468: DEBUG: In 'HNRNPUL1', 1 out of 90 samples will be removed due to having more than 100.0% missing genotypes
2014-01-27 15:41:56,473: DEBUG: In 'HOGA1', 17 out of 90 samples will be removed due to having more than 100.0% missing genotypes
2014-01-27 15:41:56,475: DEBUG: In 'HLA-A', 59 out of 90 samples will be removed due to having more than 100.0% missing genotypes
2014-01-27 15:41:56,476: DEBUG: In 'HLA-A', 5 out of 6 loci will be removed due to having no minor allele or having more than 100.0% missing genotypes
2014-01-27 15:41:56,479: DEBUG: In 'HSPA14', 26 out of 90 samples will be removed due to having more than 100.0% missing genotypes
2014-01-27 15:41:56,502: DEBUG: In 'IFNGR2', 3 out of 90 samples will be removed due to having more than 100.0% missing genotypes
2014-01-27 15:41:56,504: DEBUG: In 'INSL3', 21 out of 90 samples will be removed due to having more than 100.0% missing genotypes
2014-01-27 15:41:56,494: DEBUG: In 'HTR7', 1 out of 90 samples will be removed due to having more than 100.0% missing genotypes
2014-01-27 15:41:56,507: DEBUG: In 'IFT57', 4 out of 90 samples will be removed due to having more than 100.0% missing genotypes
2014-01-27 15:41:56,529: DEBUG: In 'IRAK4', 27 out of 90 samples will be removed due to having more than 100.0% missing genotypes
2014-01-27 15:41:56,535: DEBUG: In 'INVS', 4 out of 90 samples will be removed due to having more than 100.0% missing genotypes
2014-01-27 15:41:56,546: DEBUG: In 'IRF4', 4 out of 90 samples will be removed due to having more than 100.0% missing genotypes
2014-01-27 15:41:56,560: DEBUG: In 'KCNH5', 13 out of 90 samples will be removed due to having more than 100.0% missing genotypes
2014-01-27 15:41:56,563: DEBUG: In 'KCNJ11', 27 out of 90 samples will be removed due to having more than 100.0% missing genotypes
2014-01-27 15:41:56,575: DEBUG: In 'KIF9', 1 out of 90 samples will be removed due to having more than 100.0% missing genotypes
2014-01-27 15:41:56,576: DEBUG: In 'KIF9', 1 out of 4 loci will be removed due to having no minor allele or having more than 100.0% missing genotypes
2014-01-27 15:41:56,577: DEBUG: In 'KLHL12', 16 out of 90 samples will be removed due to having more than 100.0% missing genotypes
2014-01-27 15:41:56,588: DEBUG: In 'KRR1', 15 out of 90 samples will be removed due to having more than 100.0% missing genotypes
2014-01-27 15:41:56,599: DEBUG: In 'KRT73', 13 out of 90 samples will be removed due to having more than 100.0% missing genotypes
2014-01-27 15:41:56,600: DEBUG: In 'KRT73', 1 out of 2 loci will be removed due to having no minor allele or having more than 100.0% missing genotypes
2014-01-27 15:41:56,617: DEBUG: In 'KRT9', 1 out of 90 samples will be removed due to having more than 100.0% missing genotypes
2014-01-27 15:41:56,628: DEBUG: In 'LENG9', 37 out of 90 samples will be removed due to having more than 100.0% missing genotypes
2014-01-27 15:41:56,636: DEBUG: In 'LEO1', 7 out of 90 samples will be removed due to having more than 100.0% missing genotypes
2014-01-27 15:41:56,639: DEBUG: In 'LAMB3', 12 out of 90 samples will be removed due to having more than 100.0% missing genotypes
2014-01-27 15:41:56,644: DEBUG: In 'LEPREL1', 1 out of 90 samples will be removed due to having more than 100.0% missing genotypes
2014-01-27 15:41:56,651: DEBUG: In 'LIMK2', 3 out of 90 samples will be removed due to having more than 100.0% missing genotypes
2014-01-27 15:41:56,670: DEBUG: In 'LIPJ', 6 out of 90 samples will be removed due to having more than 100.0% missing genotypes
2014-01-27 15:41:56,677: DEBUG: In 'LOC100287722', 2 out of 90 samples will be removed due to having more than 100.0% missing genotypes
2014-01-27 15:41:56,677: DEBUG: In 'LOC100287722', 1 out of 1 loci will be removed due to having no minor allele or having more than 100.0% missing genotypes
2014-01-27 15:41:56,677: DEBUG: An ERROR has occurred in process 1 while processing 'LOC100287722': No variant found in genotype data for 'LOC100287722'.
2014-01-27 15:41:56,679: DEBUG: In 'LOC100134015', 1 out of 3 loci will be removed due to having no minor allele or having more than 100.0% missing genotypes
2014-01-27 15:41:56,682: DEBUG: In 'LOC100616530', 30 out of 90 samples will be removed due to having more than 100.0% missing genotypes
2014-01-27 15:41:56,684: DEBUG: In 'LOC100507433', 19 out of 90 samples will be removed due to having more than 100.0% missing genotypes
2014-01-27 15:41:56,685: DEBUG: In 'LOC100507433', 1 out of 2 loci will be removed due to having no minor allele or having more than 100.0% missing genotypes
2014-01-27 15:41:56,693: DEBUG: In 'LONRF2', 15 out of 90 samples will be removed due to having more than 100.0% missing genotypes
2014-01-27 15:41:56,708: DEBUG: In 'LPL', 2 out of 90 samples will be removed due to having more than 100.0% missing genotypes
2014-01-27 15:41:56,717: DEBUG: In 'LRRC27', 11 out of 90 samples will be removed due to having more than 100.0% missing genotypes
2014-01-27 15:41:56,720: DEBUG: In 'LRFN3', 61 out of 90 samples will be removed due to having more than 100.0% missing genotypes
2014-01-27 15:41:56,720: DEBUG: In 'LRFN3', 1 out of 1 loci will be removed due to having no minor allele or having more than 100.0% missing genotypes
2014-01-27 15:41:56,721: DEBUG: An ERROR has occurred in process 2 while processing 'LRFN3': No variant found in genotype data for 'LRFN3'.
2014-01-27 15:41:56,730: DEBUG: In 'LRRN2', 30 out of 90 samples will be removed due to having more than 100.0% missing genotypes
2014-01-27 15:41:56,742: DEBUG: In 'LY75', 3 out of 90 samples will be removed due to having more than 100.0% missing genotypes
2014-01-27 15:41:56,748: DEBUG: In 'LYPD5', 25 out of 90 samples will be removed due to having more than 100.0% missing genotypes
2014-01-27 15:41:56,753: DEBUG: In 'MAP3K12', 32 out of 90 samples will be removed due to having more than 100.0% missing genotypes
2014-01-27 15:41:56,755: DEBUG: In 'LY75-CD302', 3 out of 90 samples will be removed due to having more than 100.0% missing genotypes
2014-01-27 15:41:56,757: DEBUG: In 'MAP1S', 22 out of 90 samples will be removed due to having more than 100.0% missing genotypes
2014-01-27 15:41:56,779: DEBUG: In 'MARCH1', 21 out of 90 samples will be removed due to having more than 100.0% missing genotypes
2014-01-27 15:41:56,790: DEBUG: In 'MDN1', 2 out of 90 samples will be removed due to having more than 100.0% missing genotypes
2014-01-27 15:41:56,792: DEBUG: In 'MELK', 13 out of 90 samples will be removed due to having more than 100.0% missing genotypes
2014-01-27 15:41:56,795: DEBUG: In 'MASP1', 1 out of 90 samples will be removed due to having more than 100.0% missing genotypes
2014-01-27 15:41:56,796: DEBUG: In 'MASP1', 1 out of 4 loci will be removed due to having no minor allele or having more than 100.0% missing genotypes
2014-01-27 15:41:56,811: DEBUG: In 'MDN1', 1 out of 6 loci will be removed due to having no minor allele or having more than 100.0% missing genotypes
2014-01-27 15:41:56,816: DEBUG: In 'MFAP1', 4 out of 90 samples will be removed due to having more than 100.0% missing genotypes
2014-01-27 15:41:56,824: DEBUG: In 'MKL2', 1 out of 90 samples will be removed due to having more than 100.0% missing genotypes
2014-01-27 15:41:56,825: DEBUG: In 'MKL2', 1 out of 3 loci will be removed due to having no minor allele or having more than 100.0% missing genotypes
2014-01-27 15:41:56,837: DEBUG: In 'MORC1', 3 out of 90 samples will be removed due to having more than 100.0% missing genotypes
2014-01-27 15:41:56,838: DEBUG: In 'MRAP2', 1 out of 90 samples will be removed due to having more than 100.0% missing genotypes
2014-01-27 15:41:56,840: DEBUG: In 'MRPS18B', 32 out of 90 samples will be removed due to having more than 100.0% missing genotypes
2014-01-27 15:41:56,838: DEBUG: In 'MORC1', 1 out of 4 loci will be removed due to having no minor allele or having more than 100.0% missing genotypes
2014-01-27 15:41:56,853: DEBUG: In 'MRPS7', 14 out of 90 samples will be removed due to having more than 100.0% missing genotypes
2014-01-27 15:41:56,869: DEBUG: In 'MSH4', 10 out of 90 samples will be removed due to having more than 100.0% missing genotypes
2014-01-27 15:41:56,873: DEBUG: In 'MTMR2', 1 out of 90 samples will be removed due to having more than 100.0% missing genotypes
2014-01-27 15:41:56,876: DEBUG: In 'MUDENG', 14 out of 90 samples will be removed due to having more than 100.0% missing genotypes
2014-01-27 15:41:56,879: DEBUG: In 'MYEOV2', 1 out of 90 samples will be removed due to having more than 100.0% missing genotypes
2014-01-27 15:41:56,895: DEBUG: In 'MYO18A', 5 out of 90 samples will be removed due to having more than 100.0% missing genotypes
2014-01-27 15:41:56,911: DEBUG: In 'NEK7', 19 out of 90 samples will be removed due to having more than 100.0% missing genotypes
2014-01-27 15:41:56,915: DEBUG: In 'NFIA', 2 out of 90 samples will be removed due to having more than 100.0% missing genotypes
2014-01-27 15:41:56,914: DEBUG: In 'NEIL3', 12 out of 90 samples will be removed due to having more than 100.0% missing genotypes
2014-01-27 15:41:56,927: DEBUG: In 'NFKBIZ', 1 out of 90 samples will be removed due to having more than 100.0% missing genotypes
2014-01-27 15:41:56,931: DEBUG: In 'NLRP11', 1 out of 90 samples will be removed due to having more than 100.0% missing genotypes
2014-01-27 15:41:56,941: DEBUG: In 'NOM1', 25 out of 90 samples will be removed due to having more than 100.0% missing genotypes
2014-01-27 15:41:56,941: DEBUG: In 'NOM1', 1 out of 1 loci will be removed due to having no minor allele or having more than 100.0% missing genotypes
2014-01-27 15:41:56,941: DEBUG: An ERROR has occurred in process 2 while processing 'NOM1': No variant found in genotype data for 'NOM1'.
2014-01-27 15:41:56,948: DEBUG: In 'NOL6', 9 out of 90 samples will be removed due to having more than 100.0% missing genotypes
2014-01-27 15:41:56,952: DEBUG: In 'NOTCH3', 13 out of 90 samples will be removed due to having more than 100.0% missing genotypes
2014-01-27 15:41:56,969: DEBUG: In 'NPHS1', 22 out of 90 samples will be removed due to having more than 100.0% missing genotypes
2014-01-27 15:41:56,967: DEBUG: In 'NPC1L1', 24 out of 90 samples will be removed due to having more than 100.0% missing genotypes
2014-01-27 15:41:56,984: DEBUG: In 'NPR1', 11 out of 90 samples will be removed due to having more than 100.0% missing genotypes
2014-01-27 15:41:56,989: DEBUG: In 'NPSR1', 5 out of 90 samples will be removed due to having more than 100.0% missing genotypes
2014-01-27 15:41:56,991: DEBUG: In 'NPR2', 40 out of 90 samples will be removed due to having more than 100.0% missing genotypes
2014-01-27 15:41:56,991: DEBUG: In 'NPR2', 1 out of 1 loci will be removed due to having no minor allele or having more than 100.0% missing genotypes
2014-01-27 15:41:56,991: DEBUG: An ERROR has occurred in process 3 while processing 'NPR2': No variant found in genotype data for 'NPR2'.
2014-01-27 15:41:56,993: DEBUG: In 'NR2C2AP', 27 out of 90 samples will be removed due to having more than 100.0% missing genotypes
2014-01-27 15:41:57,000: DEBUG: In 'NRG1', 3 out of 90 samples will be removed due to having more than 100.0% missing genotypes
2014-01-27 15:41:57,016: DEBUG: In 'NUAK2', 26 out of 90 samples will be removed due to having more than 100.0% missing genotypes
2014-01-27 15:41:57,026: DEBUG: In 'OLFM1', 3 out of 90 samples will be removed due to having more than 100.0% missing genotypes
2014-01-27 15:41:57,027: DEBUG: In 'O3FAR1', 3 out of 90 samples will be removed due to having more than 100.0% missing genotypes
2014-01-27 15:41:57,030: DEBUG: In 'ODC1', 3 out of 90 samples will be removed due to having more than 100.0% missing genotypes
2014-01-27 15:41:57,043: DEBUG: In 'OR10J1', 1 out of 1 loci will be removed due to having no minor allele or having more than 100.0% missing genotypes
2014-01-27 15:41:57,062: DEBUG: An ERROR has occurred in process 7 while processing 'OR10J1': No variant found in genotype data for 'OR10J1'.
2014-01-27 15:41:57,072: DEBUG: In 'OR2D3', 2 out of 90 samples will be removed due to having more than 100.0% missing genotypes
2014-01-27 15:41:57,075: DEBUG: In 'OR52H1', 2 out of 90 samples will be removed due to having more than 100.0% missing genotypes
2014-01-27 15:41:57,085: DEBUG: In 'OSGIN2', 2 out of 90 samples will be removed due to having more than 100.0% missing genotypes
2014-01-27 15:41:57,107: DEBUG: In 'OR4D11', 10 out of 90 samples will be removed due to having more than 100.0% missing genotypes
2014-01-27 15:41:57,120: DEBUG: In 'PALLD', 4 out of 90 samples will be removed due to having more than 100.0% missing genotypes
2014-01-27 15:41:57,127: DEBUG: In 'PAK1', 3 out of 90 samples will be removed due to having more than 100.0% missing genotypes
2014-01-27 15:41:57,144: DEBUG: In 'PCDHB11', 3 out of 90 samples will be removed due to having more than 100.0% missing genotypes
2014-01-27 15:41:57,148: DEBUG: In 'PCDH10', 15 out of 90 samples will be removed due to having more than 100.0% missing genotypes
2014-01-27 15:41:57,148: DEBUG: In 'PCDH10', 1 out of 1 loci will be removed due to having no minor allele or having more than 100.0% missing genotypes
2014-01-27 15:41:57,148: DEBUG: An ERROR has occurred in process 0 while processing 'PCDH10': No variant found in genotype data for 'PCDH10'.
2014-01-27 15:41:57,150: DEBUG: In 'PAX4', 4 out of 90 samples will be removed due to having more than 100.0% missing genotypes
2014-01-27 15:41:57,173: DEBUG: In 'PCDHGA11', 2 out of 90 samples will be removed due to having more than 100.0% missing genotypes
2014-01-27 15:41:57,177: DEBUG: In 'PCDHGA10', 2 out of 90 samples will be removed due to having more than 100.0% missing genotypes
2014-01-27 15:41:57,183: DEBUG: In 'PCDHGA1', 1 out of 5 loci will be removed due to having no minor allele or having more than 100.0% missing genotypes
2014-01-27 15:41:57,193: DEBUG: In 'PCDHGA12', 2 out of 90 samples will be removed due to having more than 100.0% missing genotypes
2014-01-27 15:41:57,194: DEBUG: In 'PCDHGA12', 1 out of 4 loci will be removed due to having no minor allele or having more than 100.0% missing genotypes
2014-01-27 15:41:57,174: DEBUG: In 'PCDHGA11', 1 out of 4 loci will be removed due to having no minor allele or having more than 100.0% missing genotypes
2014-01-27 15:41:57,198: DEBUG: In 'PCDHGA10', 1 out of 4 loci will be removed due to having no minor allele or having more than 100.0% missing genotypes
2014-01-27 15:41:57,212: DEBUG: In 'PCDHGA2', 2 out of 90 samples will be removed due to having more than 100.0% missing genotypes
2014-01-27 15:41:57,213: DEBUG: In 'PCDHGA2', 1 out of 4 loci will be removed due to having no minor allele or having more than 100.0% missing genotypes
2014-01-27 15:41:57,215: DEBUG: In 'PCDHGA3', 2 out of 90 samples will be removed due to having more than 100.0% missing genotypes
2014-01-27 15:41:57,216: DEBUG: In 'PCDHGA3', 1 out of 4 loci will be removed due to having no minor allele or having more than 100.0% missing genotypes
2014-01-27 15:41:57,233: DEBUG: In 'PCDHGA7', 2 out of 90 samples will be removed due to having more than 100.0% missing genotypes
2014-01-27 15:41:57,250: DEBUG: In 'PCDHGA5', 2 out of 90 samples will be removed due to having more than 100.0% missing genotypes
2014-01-27 15:41:57,251: DEBUG: In 'PCDHGA5', 1 out of 4 loci will be removed due to having no minor allele or having more than 100.0% missing genotypes
2014-01-27 15:41:57,252: DEBUG: In 'PCDHGA6', 2 out of 90 samples will be removed due to having more than 100.0% missing genotypes
2014-01-27 15:41:57,253: DEBUG: In 'PCDHGA6', 1 out of 4 loci will be removed due to having no minor allele or having more than 100.0% missing genotypes
2014-01-27 15:41:57,257: DEBUG: In 'PCDHGB1', 2 out of 90 samples will be removed due to having more than 100.0% missing genotypes
2014-01-27 15:41:57,259: DEBUG: In 'PCDHGA7', 1 out of 4 loci will be removed due to having no minor allele or having more than 100.0% missing genotypes
2014-01-27 15:41:57,269: DEBUG: In 'PCDHGA4', 2 out of 90 samples will be removed due to having more than 100.0% missing genotypes
2014-01-27 15:41:57,272: DEBUG: In 'PCDHGA8', 2 out of 90 samples will be removed due to having more than 100.0% missing genotypes
2014-01-27 15:41:57,273: DEBUG: In 'PCDHGA8', 1 out of 4 loci will be removed due to having no minor allele or having more than 100.0% missing genotypes
2014-01-27 15:41:57,250: DEBUG: In 'PCDHGA9', 2 out of 90 samples will be removed due to having more than 100.0% missing genotypes
2014-01-27 15:41:57,287: DEBUG: In 'PCDHGA9', 1 out of 4 loci will be removed due to having no minor allele or having more than 100.0% missing genotypes
2014-01-27 15:41:57,291: DEBUG: In 'PCDHGB1', 1 out of 4 loci will be removed due to having no minor allele or having more than 100.0% missing genotypes
2014-01-27 15:41:57,302: DEBUG: In 'PCDHGA4', 1 out of 4 loci will be removed due to having no minor allele or having more than 100.0% missing genotypes
2014-01-27 15:41:57,309: DEBUG: In 'PCDHGB3', 2 out of 90 samples will be removed due to having more than 100.0% missing genotypes
2014-01-27 15:41:57,313: DEBUG: In 'PCDHGB4', 2 out of 90 samples will be removed due to having more than 100.0% missing genotypes
2014-01-27 15:41:57,317: DEBUG: In 'PCDHGB5', 2 out of 90 samples will be removed due to having more than 100.0% missing genotypes
2014-01-27 15:41:57,333: DEBUG: In 'PCDHGB7', 2 out of 90 samples will be removed due to having more than 100.0% missing genotypes
2014-01-27 15:41:57,337: DEBUG: In 'PCDHGC3', 2 out of 90 samples will be removed due to having more than 100.0% missing genotypes
2014-01-27 15:41:57,338: DEBUG: In 'PCDHGB3', 1 out of 4 loci will be removed due to having no minor allele or having more than 100.0% missing genotypes
2014-01-27 15:41:57,342: DEBUG: In 'PCDHGB4', 1 out of 4 loci will be removed due to having no minor allele or having more than 100.0% missing genotypes
2014-01-27 15:41:57,344: DEBUG: In 'PCDHGB5', 1 out of 4 loci will be removed due to having no minor allele or having more than 100.0% missing genotypes
2014-01-27 15:41:57,349: DEBUG: In 'PCDHGC4', 2 out of 90 samples will be removed due to having more than 100.0% missing genotypes
2014-01-27 15:41:57,355: DEBUG: In 'PCDHGB2', 2 out of 90 samples will be removed due to having more than 100.0% missing genotypes
2014-01-27 15:41:57,356: DEBUG: In 'PCDHGB2', 1 out of 4 loci will be removed due to having no minor allele or having more than 100.0% missing genotypes
2014-01-27 15:41:57,362: DEBUG: In 'PCDHGB6', 2 out of 90 samples will be removed due to having more than 100.0% missing genotypes
2014-01-27 15:41:57,363: DEBUG: In 'PCDHGB6', 1 out of 4 loci will be removed due to having no minor allele or having more than 100.0% missing genotypes
2014-01-27 15:41:57,366: DEBUG: In 'PCDHGB7', 1 out of 4 loci will be removed due to having no minor allele or having more than 100.0% missing genotypes
2014-01-27 15:41:57,368: DEBUG: In 'PCDHGC3', 1 out of 4 loci will be removed due to having no minor allele or having more than 100.0% missing genotypes
2014-01-27 15:41:57,380: DEBUG: In 'PCDHGC5', 36 out of 90 samples will be removed due to having more than 100.0% missing genotypes
2014-01-27 15:41:57,380: DEBUG: In 'PCDHGC5', 1 out of 1 loci will be removed due to having no minor allele or having more than 100.0% missing genotypes
2014-01-27 15:41:57,381: DEBUG: An ERROR has occurred in process 2 while processing 'PCDHGC5': No variant found in genotype data for 'PCDHGC5'.
2014-01-27 15:41:57,382: DEBUG: In 'PCDHGC4', 1 out of 4 loci will be removed due to having no minor allele or having more than 100.0% missing genotypes
2014-01-27 15:41:57,392: DEBUG: In 'PDLIM5', 2 out of 90 samples will be removed due to having more than 100.0% missing genotypes
2014-01-27 15:41:57,395: DEBUG: In 'PDE4B', 1 out of 90 samples will be removed due to having more than 100.0% missing genotypes
2014-01-27 15:41:57,402: DEBUG: In 'PHF15', 24 out of 90 samples will be removed due to having more than 100.0% missing genotypes
2014-01-27 15:41:57,408: DEBUG: In 'PDZD8', 1 out of 90 samples will be removed due to having more than 100.0% missing genotypes
2014-01-27 15:41:57,419: DEBUG: In 'PDSS1', 35 out of 90 samples will be removed due to having more than 100.0% missing genotypes
2014-01-27 15:41:57,425: DEBUG: In 'PIBF1', 10 out of 90 samples will be removed due to having more than 100.0% missing genotypes
2014-01-27 15:41:57,432: DEBUG: In 'PIGS', 2 out of 90 samples will be removed due to having more than 100.0% missing genotypes
2014-01-27 15:41:57,447: DEBUG: In 'PIGP', 16 out of 90 samples will be removed due to having more than 100.0% missing genotypes
2014-01-27 15:41:57,447: DEBUG: In 'PIGP', 1 out of 2 loci will be removed due to having no minor allele or having more than 100.0% missing genotypes
2014-01-27 15:41:57,467: DEBUG: In 'PILRA', 9 out of 90 samples will be removed due to having more than 100.0% missing genotypes
2014-01-27 15:41:57,472: DEBUG: In 'PLEKHG4B', 25 out of 90 samples will be removed due to having more than 100.0% missing genotypes
2014-01-27 15:41:57,473: DEBUG: In 'PLEKHG4B', 1 out of 2 loci will be removed due to having no minor allele or having more than 100.0% missing genotypes
2014-01-27 15:41:57,476: DEBUG: In 'PKN3', 19 out of 90 samples will be removed due to having more than 100.0% missing genotypes
2014-01-27 15:41:57,487: DEBUG: In 'PLXDC1', 11 out of 90 samples will be removed due to having more than 100.0% missing genotypes
2014-01-27 15:41:57,492: DEBUG: In 'PMS2', 2 out of 90 samples will be removed due to having more than 100.0% missing genotypes
2014-01-27 15:41:57,493: DEBUG: In 'PMS2', 1 out of 2 loci will be removed due to having no minor allele or having more than 100.0% missing genotypes
2014-01-27 15:41:57,511: DEBUG: In 'PMM2', 12 out of 90 samples will be removed due to having more than 100.0% missing genotypes
2014-01-27 15:41:57,516: DEBUG: In 'PNMAL1', 4 out of 90 samples will be removed due to having more than 100.0% missing genotypes
2014-01-27 15:41:57,532: DEBUG: In 'PPIG', 13 out of 90 samples will be removed due to having more than 100.0% missing genotypes
2014-01-27 15:41:57,536: DEBUG: In 'PPP2R1B', 6 out of 90 samples will be removed due to having more than 100.0% missing genotypes
2014-01-27 15:41:57,540: DEBUG: In 'PPM1J', 13 out of 90 samples will be removed due to having more than 100.0% missing genotypes
2014-01-27 15:41:57,540: DEBUG: In 'PPM1J', 1 out of 2 loci will be removed due to having no minor allele or having more than 100.0% missing genotypes
2014-01-27 15:41:57,552: DEBUG: In 'PPYR1', 3 out of 90 samples will be removed due to having more than 100.0% missing genotypes
2014-01-27 15:41:57,556: DEBUG: In 'PQLC1', 35 out of 90 samples will be removed due to having more than 100.0% missing genotypes
2014-01-27 15:41:57,546: DEBUG: In 'PPP2R5C', 2 out of 90 samples will be removed due to having more than 100.0% missing genotypes
2014-01-27 15:41:57,580: DEBUG: In 'PRG3', 4 out of 90 samples will be removed due to having more than 100.0% missing genotypes
2014-01-27 15:41:57,581: DEBUG: In 'PRG3', 2 out of 2 loci will be removed due to having no minor allele or having more than 100.0% missing genotypes
2014-01-27 15:41:57,581: DEBUG: An ERROR has occurred in process 3 while processing 'PRG3': No variant found in genotype data for 'PRG3'.
2014-01-27 15:41:57,592: DEBUG: In 'PRH1-PRR4', 26 out of 90 samples will be removed due to having more than 100.0% missing genotypes
2014-01-27 15:41:57,597: DEBUG: In 'PRRC2A', 20 out of 90 samples will be removed due to having more than 100.0% missing genotypes
2014-01-27 15:41:57,601: DEBUG: In 'PSMB8', 3 out of 90 samples will be removed due to having more than 100.0% missing genotypes
2014-01-27 15:41:57,607: DEBUG: In 'PRKCG', 20 out of 90 samples will be removed due to having more than 100.0% missing genotypes
2014-01-27 15:41:57,612: DEBUG: In 'PTGFR', 3 out of 90 samples will be removed due to having more than 100.0% missing genotypes
2014-01-27 15:41:57,620: DEBUG: In 'PSRC1', 21 out of 90 samples will be removed due to having more than 100.0% missing genotypes
2014-01-27 15:41:57,631: DEBUG: In 'PSMD2', 2 out of 90 samples will be removed due to having more than 100.0% missing genotypes
2014-01-27 15:41:57,656: DEBUG: In 'PYGM', 17 out of 90 samples will be removed due to having more than 100.0% missing genotypes
2014-01-27 15:41:57,659: DEBUG: In 'PTPRS', 10 out of 90 samples will be removed due to having more than 100.0% missing genotypes
2014-01-27 15:41:57,668: DEBUG: In 'RAD51AP1', 13 out of 90 samples will be removed due to having more than 100.0% missing genotypes
2014-01-27 15:41:57,673: DEBUG: In 'RCL1', 1 out of 90 samples will be removed due to having more than 100.0% missing genotypes
2014-01-27 15:41:57,662: DEBUG: In 'RAB38', 4 out of 90 samples will be removed due to having more than 100.0% missing genotypes
2014-01-27 15:41:57,654: DEBUG: In 'RAD54B', 9 out of 90 samples will be removed due to having more than 100.0% missing genotypes
2014-01-27 15:41:57,688: DEBUG: In 'RBPJ', 13 out of 90 samples will be removed due to having more than 100.0% missing genotypes
2014-01-27 15:41:57,682: DEBUG: In 'RARB', 1 out of 90 samples will be removed due to having more than 100.0% missing genotypes
2014-01-27 15:41:57,708: DEBUG: In 'RDH12', 4 out of 90 samples will be removed due to having more than 100.0% missing genotypes
2014-01-27 15:41:57,717: DEBUG: In 'RELN', 1 out of 90 samples will be removed due to having more than 100.0% missing genotypes
2014-01-27 15:41:57,720: DEBUG: In 'RFXANK', 27 out of 90 samples will be removed due to having more than 100.0% missing genotypes
2014-01-27 15:41:57,724: DEBUG: In 'RGL2', 3 out of 90 samples will be removed due to having more than 100.0% missing genotypes
2014-01-27 15:41:57,737: DEBUG: In 'RIPK3', 1 out of 90 samples will be removed due to having more than 100.0% missing genotypes
2014-01-27 15:41:57,739: DEBUG: In 'RIC8A', 11 out of 90 samples will be removed due to having more than 100.0% missing genotypes
2014-01-27 15:41:57,744: DEBUG: In 'RNF150', 8 out of 90 samples will be removed due to having more than 100.0% missing genotypes
2014-01-27 15:41:57,780: DEBUG: In 'RREB1', 24 out of 90 samples will be removed due to having more than 100.0% missing genotypes
2014-01-27 15:41:57,781: DEBUG: In 'RREB1', 1 out of 2 loci will be removed due to having no minor allele or having more than 100.0% missing genotypes
2014-01-27 15:41:57,784: DEBUG: In 'RTEL1-TNFRSF6B', 30 out of 90 samples will be removed due to having more than 100.0% missing genotypes
2014-01-27 15:41:57,788: DEBUG: In 'RTEL1', 30 out of 90 samples will be removed due to having more than 100.0% missing genotypes
2014-01-27 15:41:57,790: DEBUG: In 'RNMT', 25 out of 90 samples will be removed due to having more than 100.0% missing genotypes
2014-01-27 15:41:57,793: DEBUG: In 'SAMD14', 36 out of 90 samples will be removed due to having more than 100.0% missing genotypes
2014-01-27 15:41:57,804: DEBUG: In 'SBNO1', 5 out of 90 samples will be removed due to having more than 100.0% missing genotypes
2014-01-27 15:41:57,816: DEBUG: In 'SCGB2B2', 19 out of 90 samples will be removed due to having more than 100.0% missing genotypes
2014-01-27 15:41:57,829: DEBUG: In 'SDPR', 2 out of 90 samples will be removed due to having more than 100.0% missing genotypes
2014-01-27 15:41:57,833: DEBUG: In 'SERAC1', 4 out of 90 samples will be removed due to having more than 100.0% missing genotypes
2014-01-27 15:41:57,844: DEBUG: In 'SERPINA11', 8 out of 90 samples will be removed due to having more than 100.0% missing genotypes
2014-01-27 15:41:57,852: DEBUG: In 'SF3A2', 82 out of 90 samples will be removed due to having more than 100.0% missing genotypes
2014-01-27 15:41:57,852: DEBUG: In 'SF3A2', 1 out of 1 loci will be removed due to having no minor allele or having more than 100.0% missing genotypes
2014-01-27 15:41:57,852: DEBUG: An ERROR has occurred in process 2 while processing 'SF3A2': No variant found in genotype data for 'SF3A2'.
2014-01-27 15:41:57,854: DEBUG: In 'SETD8', 18 out of 90 samples will be removed due to having more than 100.0% missing genotypes
2014-01-27 15:41:57,864: DEBUG: In 'SHKBP1', 3 out of 90 samples will be removed due to having more than 100.0% missing genotypes
2014-01-27 15:41:57,866: DEBUG: In 'SETD8', 1 out of 1 loci will be removed due to having no minor allele or having more than 100.0% missing genotypes
2014-01-27 15:41:57,869: DEBUG: In 'SLA', 1 out of 90 samples will be removed due to having more than 100.0% missing genotypes
2014-01-27 15:41:57,874: DEBUG: An ERROR has occurred in process 4 while processing 'SETD8': No variant found in genotype data for 'SETD8'.
2014-01-27 15:41:57,889: DEBUG: In 'SLAMF8', 1 out of 90 samples will be removed due to having more than 100.0% missing genotypes
2014-01-27 15:41:57,896: DEBUG: In 'SLC16A10', 10 out of 90 samples will be removed due to having more than 100.0% missing genotypes
2014-01-27 15:41:57,904: DEBUG: In 'SLC20A2', 10 out of 90 samples will be removed due to having more than 100.0% missing genotypes
2014-01-27 15:41:57,908: DEBUG: In 'SLC23A1', 10 out of 90 samples will be removed due to having more than 100.0% missing genotypes
2014-01-27 15:41:57,920: DEBUG: In 'SLC26A2', 1 out of 90 samples will be removed due to having more than 100.0% missing genotypes
2014-01-27 15:41:57,931: DEBUG: In 'SLC26A8', 2 out of 90 samples will be removed due to having more than 100.0% missing genotypes
2014-01-27 15:41:57,952: DEBUG: In 'SLC28A1', 11 out of 90 samples will be removed due to having more than 100.0% missing genotypes
2014-01-27 15:41:57,960: DEBUG: In 'SLC30A1', 2 out of 90 samples will be removed due to having more than 100.0% missing genotypes
2014-01-27 15:41:57,973: DEBUG: In 'SLC3A2', 1 out of 90 samples will be removed due to having more than 100.0% missing genotypes
2014-01-27 15:41:57,977: DEBUG: In 'SLC44A2', 4 out of 90 samples will be removed due to having more than 100.0% missing genotypes
2014-01-27 15:41:57,980: DEBUG: In 'SLC4A1AP', 14 out of 90 samples will be removed due to having more than 100.0% missing genotypes
2014-01-27 15:41:57,993: DEBUG: In 'SLC6A3', 12 out of 90 samples will be removed due to having more than 100.0% missing genotypes
2014-01-27 15:41:58,016: DEBUG: In 'SMO', 5 out of 90 samples will be removed due to having more than 100.0% missing genotypes
2014-01-27 15:41:58,023: DEBUG: In 'SMC5', 18 out of 90 samples will be removed due to having more than 100.0% missing genotypes
2014-01-27 15:41:58,029: DEBUG: In 'SOCS4', 1 out of 90 samples will be removed due to having more than 100.0% missing genotypes
2014-01-27 15:41:58,036: DEBUG: In 'SPG7', 18 out of 90 samples will be removed due to having more than 100.0% missing genotypes
2014-01-27 15:41:58,037: DEBUG: In 'SPG7', 1 out of 1 loci will be removed due to having no minor allele or having more than 100.0% missing genotypes
2014-01-27 15:41:58,037: DEBUG: An ERROR has occurred in process 4 while processing 'SPG7': No variant found in genotype data for 'SPG7'.
2014-01-27 15:41:58,056: DEBUG: In 'SREBF1', 29 out of 90 samples will be removed due to having more than 100.0% missing genotypes
2014-01-27 15:41:58,056: DEBUG: In 'SREBF1', 1 out of 2 loci will be removed due to having no minor allele or having more than 100.0% missing genotypes
2014-01-27 15:41:58,062: DEBUG: In 'SORBS1', 1 out of 90 samples will be removed due to having more than 100.0% missing genotypes
2014-01-27 15:41:58,063: DEBUG: In 'SORBS1', 1 out of 5 loci will be removed due to having no minor allele or having more than 100.0% missing genotypes
2014-01-27 15:41:58,072: DEBUG: In 'SRPR', 1 out of 90 samples will be removed due to having more than 100.0% missing genotypes
2014-01-27 15:41:58,075: DEBUG: In 'SRGAP1', 1 out of 90 samples will be removed due to having more than 100.0% missing genotypes
2014-01-27 15:41:58,080: DEBUG: In 'ST7L', 14 out of 90 samples will be removed due to having more than 100.0% missing genotypes
2014-01-27 15:41:58,081: DEBUG: In 'ST7L', 1 out of 3 loci will be removed due to having no minor allele or having more than 100.0% missing genotypes
2014-01-27 15:41:58,094: DEBUG: In 'STK10', 11 out of 90 samples will be removed due to having more than 100.0% missing genotypes
2014-01-27 15:41:58,104: DEBUG: In 'STOM', 1 out of 90 samples will be removed due to having more than 100.0% missing genotypes
2014-01-27 15:41:58,119: DEBUG: In 'STXBP4', 11 out of 90 samples will be removed due to having more than 100.0% missing genotypes
2014-01-27 15:41:58,111: DEBUG: In 'STBD1', 1 out of 90 samples will be removed due to having more than 100.0% missing genotypes
2014-01-27 15:41:58,124: DEBUG: In 'SULT1A1', 63 out of 90 samples will be removed due to having more than 100.0% missing genotypes
2014-01-27 15:41:58,124: DEBUG: In 'SULT1A1', 1 out of 1 loci will be removed due to having no minor allele or having more than 100.0% missing genotypes
2014-01-27 15:41:58,125: DEBUG: An ERROR has occurred in process 6 while processing 'SULT1A1': No variant found in genotype data for 'SULT1A1'.
2014-01-27 15:41:58,113: DEBUG: In 'SULF2', 22 out of 90 samples will be removed due to having more than 100.0% missing genotypes
2014-01-27 15:41:58,139: DEBUG: In 'SUN3', 2 out of 90 samples will be removed due to having more than 100.0% missing genotypes
2014-01-27 15:41:58,154: DEBUG: In 'SYCP3', 23 out of 90 samples will be removed due to having more than 100.0% missing genotypes
2014-01-27 15:41:58,161: DEBUG: In 'TACC2', 1 out of 90 samples will be removed due to having more than 100.0% missing genotypes
2014-01-27 15:41:58,169: DEBUG: In 'TAS2R19', 26 out of 90 samples will be removed due to having more than 100.0% missing genotypes
2014-01-27 15:41:58,172: DEBUG: In 'SYTL2', 1 out of 90 samples will be removed due to having more than 100.0% missing genotypes
2014-01-27 15:41:58,146: DEBUG: In 'SYNGR1', 25 out of 90 samples will be removed due to having more than 100.0% missing genotypes
2014-01-27 15:41:58,189: DEBUG: In 'TFB1M', 6 out of 90 samples will be removed due to having more than 100.0% missing genotypes
2014-01-27 15:41:58,196: DEBUG: In 'TGM5', 6 out of 90 samples will be removed due to having more than 100.0% missing genotypes
2014-01-27 15:41:58,212: DEBUG: In 'TG', 1 out of 5 loci will be removed due to having no minor allele or having more than 100.0% missing genotypes
2014-01-27 15:41:58,225: DEBUG: In 'TIA1', 1 out of 90 samples will be removed due to having more than 100.0% missing genotypes
2014-01-27 15:41:58,233: DEBUG: In 'TIAM2', 1 out of 90 samples will be removed due to having more than 100.0% missing genotypes
2014-01-27 15:41:58,240: DEBUG: In 'TIAF1', 5 out of 90 samples will be removed due to having more than 100.0% missing genotypes
2014-01-27 15:41:58,248: DEBUG: In 'TKTL2', 3 out of 90 samples will be removed due to having more than 100.0% missing genotypes
2014-01-27 15:41:58,250: DEBUG: In 'TIMM50', 49 out of 90 samples will be removed due to having more than 100.0% missing genotypes
2014-01-27 15:41:58,251: DEBUG: In 'TIMM50', 1 out of 1 loci will be removed due to having no minor allele or having more than 100.0% missing genotypes
2014-01-27 15:41:58,251: DEBUG: An ERROR has occurred in process 5 while processing 'TIMM50': No variant found in genotype data for 'TIMM50'.
2014-01-27 15:41:58,263: DEBUG: In 'TMC4', 22 out of 90 samples will be removed due to having more than 100.0% missing genotypes
2014-01-27 15:41:58,269: DEBUG: In 'TMCC1', 1 out of 90 samples will be removed due to having more than 100.0% missing genotypes
2014-01-27 15:41:58,269: DEBUG: In 'TMCC1', 1 out of 2 loci will be removed due to having no minor allele or having more than 100.0% missing genotypes
2014-01-27 15:41:58,276: DEBUG: In 'TMEM106C', 1 out of 90 samples will be removed due to having more than 100.0% missing genotypes
2014-01-27 15:41:58,289: DEBUG: In 'TMEM177', 15 out of 90 samples will be removed due to having more than 100.0% missing genotypes
2014-01-27 15:41:58,293: DEBUG: In 'TMEM225', 12 out of 90 samples will be removed due to having more than 100.0% missing genotypes
2014-01-27 15:41:58,296: DEBUG: In 'TMEM50B', 5 out of 90 samples will be removed due to having more than 100.0% missing genotypes
2014-01-27 15:41:58,309: DEBUG: In 'TMEM67', 5 out of 90 samples will be removed due to having more than 100.0% missing genotypes
2014-01-27 15:41:58,312: DEBUG: In 'TRAFD1', 1 out of 90 samples will be removed due to having more than 100.0% missing genotypes
2014-01-27 15:41:58,294: DEBUG: In 'TMEM225', 1 out of 2 loci will be removed due to having no minor allele or having more than 100.0% missing genotypes
2014-01-27 15:41:58,328: DEBUG: In 'TRIM3', 1 out of 90 samples will be removed due to having more than 100.0% missing genotypes
2014-01-27 15:41:58,347: DEBUG: In 'TRAPPC2L', 15 out of 90 samples will be removed due to having more than 100.0% missing genotypes
2014-01-27 15:41:58,354: DEBUG: In 'TRIM42', 1 out of 2 loci will be removed due to having no minor allele or having more than 100.0% missing genotypes
2014-01-27 15:41:58,363: DEBUG: In 'TRIM33', 1 out of 90 samples will be removed due to having more than 100.0% missing genotypes
2014-01-27 15:41:58,372: DEBUG: In 'TTC26', 7 out of 90 samples will be removed due to having more than 100.0% missing genotypes
2014-01-27 15:41:58,373: DEBUG: In 'TTC26', 1 out of 2 loci will be removed due to having no minor allele or having more than 100.0% missing genotypes
2014-01-27 15:41:58,376: DEBUG: In 'TRMT5', 1 out of 3 loci will be removed due to having no minor allele or having more than 100.0% missing genotypes
2014-01-27 15:41:58,379: DEBUG: In 'TRPV3', 3 out of 90 samples will be removed due to having more than 100.0% missing genotypes
2014-01-27 15:41:58,380: DEBUG: In 'TRPV3', 1 out of 3 loci will be removed due to having no minor allele or having more than 100.0% missing genotypes
2014-01-27 15:41:58,388: DEBUG: In 'TTLL10', 32 out of 90 samples will be removed due to having more than 100.0% missing genotypes
2014-01-27 15:41:58,389: DEBUG: In 'TTLL10', 1 out of 1 loci will be removed due to having no minor allele or having more than 100.0% missing genotypes
2014-01-27 15:41:58,389: DEBUG: An ERROR has occurred in process 3 while processing 'TTLL10': No variant found in genotype data for 'TTLL10'.
2014-01-27 15:41:58,399: DEBUG: In 'TTLL11', 10 out of 90 samples will be removed due to having more than 100.0% missing genotypes
2014-01-27 15:41:58,370: DEBUG: In 'TRPV4', 14 out of 90 samples will be removed due to having more than 100.0% missing genotypes
2014-01-27 15:41:58,427: DEBUG: In 'TTLL13', 1 out of 90 samples will be removed due to having more than 100.0% missing genotypes
2014-01-27 15:41:58,432: DEBUG: In 'UAP1', 9 out of 90 samples will be removed due to having more than 100.0% missing genotypes
2014-01-27 15:41:58,436: DEBUG: In 'UGT1A10', 11 out of 90 samples will be removed due to having more than 100.0% missing genotypes
2014-01-27 15:41:58,442: DEBUG: In 'UGT1A1', 11 out of 90 samples will be removed due to having more than 100.0% missing genotypes
2014-01-27 15:41:58,449: DEBUG: In 'UBOX5', 1 out of 3 loci will be removed due to having no minor allele or having more than 100.0% missing genotypes
2014-01-27 15:41:58,452: DEBUG: In 'UGT1A3', 11 out of 90 samples will be removed due to having more than 100.0% missing genotypes
2014-01-27 15:41:58,463: DEBUG: In 'UGT1A4', 11 out of 90 samples will be removed due to having more than 100.0% missing genotypes
2014-01-27 15:41:58,487: DEBUG: In 'UGT1A5', 11 out of 90 samples will be removed due to having more than 100.0% missing genotypes
2014-01-27 15:41:58,492: DEBUG: In 'UGT1A7', 11 out of 90 samples will be removed due to having more than 100.0% missing genotypes
2014-01-27 15:41:58,495: DEBUG: In 'UGT1A6', 11 out of 90 samples will be removed due to having more than 100.0% missing genotypes
2014-01-27 15:41:58,500: DEBUG: In 'UGT1A9', 11 out of 90 samples will be removed due to having more than 100.0% missing genotypes
2014-01-27 15:41:58,503: DEBUG: In 'UGT1A8', 11 out of 90 samples will be removed due to having more than 100.0% missing genotypes
2014-01-27 15:41:58,508: DEBUG: In 'URB2', 2 out of 90 samples will be removed due to having more than 100.0% missing genotypes
2014-01-27 15:41:58,515: DEBUG: In 'UNC50', 11 out of 90 samples will be removed due to having more than 100.0% missing genotypes
2014-01-27 15:41:58,551: DEBUG: In 'USP31', 2 out of 90 samples will be removed due to having more than 100.0% missing genotypes
2014-01-27 15:41:58,557: DEBUG: In 'VNN3', 3 out of 90 samples will be removed due to having more than 100.0% missing genotypes
2014-01-27 15:41:58,564: DEBUG: In 'VSIG2', 14 out of 90 samples will be removed due to having more than 100.0% missing genotypes
2014-01-27 15:41:58,565: DEBUG: In 'VAMP3', 14 out of 90 samples will be removed due to having more than 100.0% missing genotypes
2014-01-27 15:41:58,569: DEBUG: In 'VPS13C', 4 out of 90 samples will be removed due to having more than 100.0% missing genotypes
2014-01-27 15:41:58,571: DEBUG: In 'UTRN', 1 out of 90 samples will be removed due to having more than 100.0% missing genotypes
2014-01-27 15:41:58,578: DEBUG: In 'VLDLR', 1 out of 90 samples will be removed due to having more than 100.0% missing genotypes
2014-01-27 15:41:58,583: DEBUG: In 'WFDC3', 2 out of 90 samples will be removed due to having more than 100.0% missing genotypes
2014-01-27 15:41:58,600: DEBUG: In 'WNT16', 2 out of 90 samples will be removed due to having more than 100.0% missing genotypes
2014-01-27 15:41:58,613: DEBUG: In 'WRAP73', 9 out of 90 samples will be removed due to having more than 100.0% missing genotypes
2014-01-27 15:41:58,618: DEBUG: In 'ZBTB7C', 3 out of 90 samples will be removed due to having more than 100.0% missing genotypes
2014-01-27 15:41:58,620: DEBUG: In 'ZDHHC6', 3 out of 90 samples will be removed due to having more than 100.0% missing genotypes
2014-01-27 15:41:58,624: DEBUG: In 'ZFP2', 12 out of 90 samples will be removed due to having more than 100.0% missing genotypes
2014-01-27 15:41:58,629: DEBUG: In 'ZC3H18', 15 out of 90 samples will be removed due to having more than 100.0% missing genotypes
2014-01-27 15:41:58,640: DEBUG: In 'ZKSCAN5', 18 out of 90 samples will be removed due to having more than 100.0% missing genotypes
2014-01-27 15:41:58,650: DEBUG: In 'ZNF282', 3 out of 90 samples will be removed due to having more than 100.0% missing genotypes
2014-01-27 15:41:58,673: DEBUG: In 'ZNF329', 1 out of 90 samples will be removed due to having more than 100.0% missing genotypes
2014-01-27 15:41:58,677: DEBUG: In 'ZNF493', 36 out of 90 samples will be removed due to having more than 100.0% missing genotypes
2014-01-27 15:41:58,681: DEBUG: In 'ZNF521', 1 out of 90 samples will be removed due to having more than 100.0% missing genotypes
2014-01-27 15:41:58,687: DEBUG: In 'ZNF474', 2 out of 90 samples will be removed due to having more than 100.0% missing genotypes
2014-01-27 15:41:58,692: DEBUG: In 'ZNF571', 19 out of 90 samples will be removed due to having more than 100.0% missing genotypes
2014-01-27 15:41:58,693: DEBUG: In 'ZNF571', 1 out of 2 loci will be removed due to having no minor allele or having more than 100.0% missing genotypes
2014-01-27 15:41:58,697: DEBUG: In 'ZNF616', 5 out of 90 samples will be removed due to having more than 100.0% missing genotypes
2014-01-27 15:41:58,703: DEBUG: In 'ZNF540', 19 out of 90 samples will be removed due to having more than 100.0% missing genotypes
2014-01-27 15:41:58,703: DEBUG: In 'ZNF540', 1 out of 2 loci will be removed due to having no minor allele or having more than 100.0% missing genotypes
2014-01-27 15:41:58,678: DEBUG: In 'ZNF493', 1 out of 2 loci will be removed due to having no minor allele or having more than 100.0% missing genotypes
2014-01-27 15:41:58,717: DEBUG: In 'ZNF642', 10 out of 90 samples will be removed due to having more than 100.0% missing genotypes
2014-01-27 15:41:58,728: DEBUG: In 'ZPBP2', 8 out of 90 samples will be removed due to having more than 100.0% missing genotypes
2014-01-27 15:41:58,732: DEBUG: In 'ZSWIM1', 8 out of 90 samples will be removed due to having more than 100.0% missing genotypes
2014-01-27 15:41:59,218: INFO: Association tests on 432 groups have completed. 25 failed.
2014-01-27 15:41:59,219: DEBUG: Loading annotation database EA_RV
2014-01-27 15:41:59,225: DEBUG: CREATE INDEX IF NOT EXISTS refGene.refGene_name2 ON refGene (name2 ASC);
2014-01-27 15:41:59,608: INFO: Using annotation DB EA_RV as EA_RV in project ceu.
2014-01-27 15:41:59,608: INFO: Annotation database used to record results of association tests. Created on Mon, 27 Jan 2014 20:41:45
2014-01-27 15:42:00,188: INFO: 432 out of 23269 refGene.refGene.name2 are annotated through annotation database EA_RV
2014-01-27 15:42:00,210: DEBUG: The first 100 values not annotated are: PPP3CB, AMZ2P1, ARFGEF2, CCDC34, S100A8, KCNJ13, LOC100506660, KIAA0753, SEC31A, HEY1, ATG4B, CDK15, FAM25A, MLLT10P1, ATXN1, C9orf25, PCDHGB8P, TEKT4P2, SERGEF, LOC100130700, GMPPB, SFTPD, LOC100288077, MIR1301, LMO1, LRRC28, MIR4257, PFKFB2, SYT5, METTL9, RSPH6A, MS4A8B, FRK, SNW1, MIR3917, MYH4, SEMG2, KRT6A, FFAR3, RPS14, DDX47, HEXIM2, LOC728537, PHKG1, NR4A1, BRPF1, NXT1, DUSP11, PECR, CDKL5, SETD7, FLJ35282, STAM2, RPS6KC1, CD72, WDR85, LOC728431, TAAR6, TAF7L, PLK2, NANOGNB, GMIP, ATF2, PDRG1, KIAA1407, LOC100507194, MYH10, LEPRE1, FAM123B, KRTAP4-1, MIR548Q, SMPD4, IL22RA2, SMAD5, BCL2L11, KCNQ4, SPRED1, C12orf34, GRPEL1, RANBP17, GRID1, UBE2L6, C20orf43, IGFALS, GUCA2B, CRAT, CHAC1, PIGW, PAAF1, KLF16, RNF44, PPP1R2, RXRA, ATP2B3, ATP6V1G2, CCL2, C9orf142, C1orf114, OR2A14, NGFR
2014-01-27 15:44:50,525: DEBUG: 
2014-01-27 15:44:50,525: DEBUG: vtools associate 'rare_ceu' BMI --covariate SEX -m 'VariableThresholdsQt --alternative 2 -p 100000 --adaptive 0.0005' -g 'refGene.name2' -j8 --to_db 'EA_RV'
2014-01-27 15:44:50,526: DEBUG: Using temporary directory /tmp/tmpYP3Rir
2014-01-27 15:44:50,526: DEBUG: Opening project ceu.proj
2014-01-27 15:44:50,530: DEBUG: Loading annotation database refGene.DB as refGene
2014-01-27 15:44:50,533: DEBUG: Loading annotation database EA_CV as EA_CV
2014-01-27 15:44:50,536: DEBUG: Loading annotation database EA_RV as EA_RV
2014-01-27 15:44:50,539: DEBUG: CREATE INDEX IF NOT EXISTS refGene.refGene_refGene_name2 ON refGene (name2 ASC);
2014-01-27 15:44:51,410: DEBUG: Select phenotype and covariates using query SELECT sample_id, sample_name, BMI, SEX FROM sample LEFT OUTER JOIN filename ON sample.file_id = filename.file_id WHERE BMI IS NOT NULL AND SEX IS NOT NULL
2014-01-27 15:44:51,412: INFO: 90 samples are found
2014-01-27 15:44:51,666: DEBUG: Running query INSERT INTO __asso_tmp SELECT DISTINCT rare_ceu.variant_id, 0, refGene.refGene.name2  FROM rare_ceu, variant, refGene.__rng_refgene_hg19_chr_txStart_txEnd, refGene.refGene WHERE (rare_ceu.variant_id = variant.variant_id) AND (variant.alt_bin = refGene.__rng_refgene_hg19_chr_txStart_txEnd.bin AND variant.alt_chr = refGene.__rng_refgene_hg19_chr_txStart_txEnd.chr AND variant.alt_pos >= refGene.__rng_refgene_hg19_chr_txStart_txEnd.start AND variant.alt_pos <= refGene.__rng_refgene_hg19_chr_txStart_txEnd.end ) AND (refGene.refGene.rowid = refGene.__rng_refgene_hg19_chr_txStart_txEnd.range_id);
2014-01-27 15:44:51,967: INFO: 432 groups are found
2014-01-27 15:44:53,997: DEBUG: Loader 0 is ready
2014-01-27 15:44:54,239: DEBUG: Loader 1 is ready
2014-01-27 15:44:55,123: DEBUG: Loader 2 is ready
2014-01-27 15:44:56,709: DEBUG: Loader 3 is ready
2014-01-27 15:44:57,082: DEBUG: Loader 4 is ready
2014-01-27 15:44:57,146: DEBUG: Loader 5 is ready
2014-01-27 15:44:57,239: DEBUG: Loader 6 is ready
2014-01-27 15:44:58,218: DEBUG: Loader 7 is ready
2014-01-27 15:45:01,000: DEBUG: In 'AATF', 1 out of 90 samples will be removed due to having more than 100.0% missing genotypes
2014-01-27 15:45:01,055: DEBUG: In 'ABCB9', 32 out of 90 samples will be removed due to having more than 100.0% missing genotypes
2014-01-27 15:45:01,099: DEBUG: In 'ABCC6', 25 out of 90 samples will be removed due to having more than 100.0% missing genotypes
2014-01-27 15:45:01,099: DEBUG: In 'ABCC6', 1 out of 1 loci will be removed due to having no minor allele or having more than 100.0% missing genotypes
2014-01-27 15:45:01,099: DEBUG: An ERROR has occurred in process 7 while processing 'ABCC6': No variant found in genotype data for 'ABCC6'.
2014-01-27 15:45:01,160: DEBUG: In 'ACCN3', 34 out of 90 samples will be removed due to having more than 100.0% missing genotypes
2014-01-27 15:45:01,204: DEBUG: In 'ACHE', 14 out of 90 samples will be removed due to having more than 100.0% missing genotypes
2014-01-27 15:45:01,252: DEBUG: In 'ACTL8', 9 out of 90 samples will be removed due to having more than 100.0% missing genotypes
2014-01-27 15:45:01,307: DEBUG: In 'ADAM29', 2 out of 90 samples will be removed due to having more than 100.0% missing genotypes
2014-01-27 15:45:01,340: DEBUG: In 'ADAMTS4', 21 out of 90 samples will be removed due to having more than 100.0% missing genotypes
2014-01-27 15:45:01,413: DEBUG: In 'AHNAK', 1 out of 90 samples will be removed due to having more than 100.0% missing genotypes
2014-01-27 15:45:01,511: DEBUG: In 'AKR1CL1', 3 out of 90 samples will be removed due to having more than 100.0% missing genotypes
2014-01-27 15:45:01,525: DEBUG: In 'AKR1D1', 7 out of 90 samples will be removed due to having more than 100.0% missing genotypes
2014-01-27 15:45:01,600: DEBUG: In 'ALDH1A2', 3 out of 90 samples will be removed due to having more than 100.0% missing genotypes
2014-01-27 15:45:01,730: DEBUG: In 'AMPD2', 29 out of 90 samples will be removed due to having more than 100.0% missing genotypes
2014-01-27 15:45:01,752: DEBUG: In 'ANO9', 41 out of 90 samples will be removed due to having more than 100.0% missing genotypes
2014-01-27 15:45:01,753: DEBUG: In 'ANO9', 1 out of 1 loci will be removed due to having no minor allele or having more than 100.0% missing genotypes
2014-01-27 15:45:01,753: DEBUG: An ERROR has occurred in process 1 while processing 'ANO9': No variant found in genotype data for 'ANO9'.
2014-01-27 15:45:01,792: DEBUG: In 'APITD1', 16 out of 90 samples will be removed due to having more than 100.0% missing genotypes
2014-01-27 15:45:01,806: DEBUG: In 'ANP32C', 21 out of 90 samples will be removed due to having more than 100.0% missing genotypes
2014-01-27 15:45:01,836: DEBUG: In 'APITD1-CORT', 16 out of 90 samples will be removed due to having more than 100.0% missing genotypes
2014-01-27 15:45:01,917: DEBUG: In 'ARHGAP24', 3 out of 90 samples will be removed due to having more than 100.0% missing genotypes
2014-01-27 15:45:01,987: DEBUG: In 'ARHGEF40', 14 out of 90 samples will be removed due to having more than 100.0% missing genotypes
2014-01-27 15:45:02,005: DEBUG: In 'ARHGEF10L', 47 out of 90 samples will be removed due to having more than 100.0% missing genotypes
2014-01-27 15:45:02,006: DEBUG: In 'ARHGEF10L', 1 out of 1 loci will be removed due to having no minor allele or having more than 100.0% missing genotypes
2014-01-27 15:45:02,006: DEBUG: An ERROR has occurred in process 4 while processing 'ARHGEF10L': No variant found in genotype data for 'ARHGEF10L'.
2014-01-27 15:45:02,064: DEBUG: In 'ARNT', 16 out of 90 samples will be removed due to having more than 100.0% missing genotypes
2014-01-27 15:45:02,078: DEBUG: In 'ASAH2', 8 out of 90 samples will be removed due to having more than 100.0% missing genotypes
2014-01-27 15:45:02,095: DEBUG: In 'ATG5', 25 out of 90 samples will be removed due to having more than 100.0% missing genotypes
2014-01-27 15:45:02,128: DEBUG: In 'ATL2', 22 out of 90 samples will be removed due to having more than 100.0% missing genotypes
2014-01-27 15:45:02,245: DEBUG: In 'ATP10A', 1 out of 90 samples will be removed due to having more than 100.0% missing genotypes
2014-01-27 15:45:02,281: DEBUG: In 'ATP2B1', 4 out of 90 samples will be removed due to having more than 100.0% missing genotypes
2014-01-27 15:45:02,369: DEBUG: In 'ATP8B4', 1 out of 90 samples will be removed due to having more than 100.0% missing genotypes
2014-01-27 15:45:02,388: DEBUG: In 'ATRNL1', 4 out of 90 samples will be removed due to having more than 100.0% missing genotypes
2014-01-27 15:45:02,404: DEBUG: In 'B3GALTL', 10 out of 90 samples will be removed due to having more than 100.0% missing genotypes
2014-01-27 15:45:02,424: DEBUG: In 'BAZ1A', 2 out of 90 samples will be removed due to having more than 100.0% missing genotypes
2014-01-27 15:45:02,586: DEBUG: In 'BCHE', 2 out of 90 samples will be removed due to having more than 100.0% missing genotypes
2014-01-27 15:45:02,624: DEBUG: In 'BCL11A', 16 out of 90 samples will be removed due to having more than 100.0% missing genotypes
2014-01-27 15:45:02,633: DEBUG: In 'BCL2L15', 2 out of 90 samples will be removed due to having more than 100.0% missing genotypes
2014-01-27 15:45:02,633: DEBUG: In 'BCL2L15', 1 out of 1 loci will be removed due to having no minor allele or having more than 100.0% missing genotypes
2014-01-27 15:45:02,634: DEBUG: An ERROR has occurred in process 3 while processing 'BCL2L15': No variant found in genotype data for 'BCL2L15'.
2014-01-27 15:45:02,688: DEBUG: In 'BDH1', 16 out of 90 samples will be removed due to having more than 100.0% missing genotypes
2014-01-27 15:45:02,765: DEBUG: In 'BRIX1', 20 out of 90 samples will be removed due to having more than 100.0% missing genotypes
2014-01-27 15:45:02,772: DEBUG: In 'BRD7', 26 out of 90 samples will be removed due to having more than 100.0% missing genotypes
2014-01-27 15:45:02,776: DEBUG: In 'BTBD1', 11 out of 90 samples will be removed due to having more than 100.0% missing genotypes
2014-01-27 15:45:02,804: DEBUG: In 'C14orf159', 2 out of 90 samples will be removed due to having more than 100.0% missing genotypes
2014-01-27 15:45:02,973: DEBUG: In 'C17orf66', 7 out of 90 samples will be removed due to having more than 100.0% missing genotypes
2014-01-27 15:45:02,989: DEBUG: In 'C16orf48', 19 out of 90 samples will be removed due to having more than 100.0% missing genotypes
2014-01-27 15:45:02,992: DEBUG: In 'C1QBP', 13 out of 90 samples will be removed due to having more than 100.0% missing genotypes
2014-01-27 15:45:03,061: DEBUG: In 'C1orf63', 17 out of 90 samples will be removed due to having more than 100.0% missing genotypes
2014-01-27 15:45:03,145: DEBUG: In 'C20orf26', 1 out of 90 samples will be removed due to having more than 100.0% missing genotypes
2014-01-27 15:45:03,146: DEBUG: In 'C1orf9', 4 out of 90 samples will be removed due to having more than 100.0% missing genotypes
2014-01-27 15:45:03,168: DEBUG: In 'C3orf38', 6 out of 90 samples will be removed due to having more than 100.0% missing genotypes
2014-01-27 15:45:03,169: DEBUG: In 'C3orf38', 1 out of 1 loci will be removed due to having no minor allele or having more than 100.0% missing genotypes
2014-01-27 15:45:03,169: DEBUG: An ERROR has occurred in process 0 while processing 'C3orf38': No variant found in genotype data for 'C3orf38'.
2014-01-27 15:45:03,228: DEBUG: In 'C5orf25', 1 out of 90 samples will be removed due to having more than 100.0% missing genotypes
2014-01-27 15:45:03,242: DEBUG: In 'C6orf130', 7 out of 90 samples will be removed due to having more than 100.0% missing genotypes
2014-01-27 15:45:03,396: DEBUG: In 'C8orf37', 30 out of 90 samples will be removed due to having more than 100.0% missing genotypes
2014-01-27 15:45:03,412: DEBUG: In 'C9orf131', 5 out of 90 samples will be removed due to having more than 100.0% missing genotypes
2014-01-27 15:45:03,416: DEBUG: In 'CAMKK2', 64 out of 90 samples will be removed due to having more than 100.0% missing genotypes
2014-01-27 15:45:03,416: DEBUG: In 'CAMKK2', 1 out of 1 loci will be removed due to having no minor allele or having more than 100.0% missing genotypes
2014-01-27 15:45:03,417: DEBUG: An ERROR has occurred in process 6 while processing 'CAMKK2': No variant found in genotype data for 'CAMKK2'.
2014-01-27 15:45:03,462: DEBUG: In 'CBLB', 1 out of 90 samples will be removed due to having more than 100.0% missing genotypes
2014-01-27 15:45:03,569: DEBUG: In 'CCDC135', 4 out of 90 samples will be removed due to having more than 100.0% missing genotypes
2014-01-27 15:45:03,634: DEBUG: In 'CCDC165', 12 out of 90 samples will be removed due to having more than 100.0% missing genotypes
2014-01-27 15:45:03,661: DEBUG: In 'CCDC63', 2 out of 90 samples will be removed due to having more than 100.0% missing genotypes
2014-01-27 15:45:03,700: DEBUG: In 'CCDC69', 19 out of 90 samples will be removed due to having more than 100.0% missing genotypes
2014-01-27 15:45:03,776: DEBUG: In 'CCKAR', 7 out of 90 samples will be removed due to having more than 100.0% missing genotypes
2014-01-27 15:45:03,840: DEBUG: In 'CCT6B', 12 out of 90 samples will be removed due to having more than 100.0% missing genotypes
2014-01-27 15:45:03,928: DEBUG: In 'CD46', 21 out of 90 samples will be removed due to having more than 100.0% missing genotypes
2014-01-27 15:45:04,026: DEBUG: In 'CDH1', 3 out of 90 samples will be removed due to having more than 100.0% missing genotypes
2014-01-27 15:45:04,030: DEBUG: In 'CDCA2', 3 out of 90 samples will be removed due to having more than 100.0% missing genotypes
2014-01-27 15:45:04,105: DEBUG: In 'CDHR2', 15 out of 90 samples will be removed due to having more than 100.0% missing genotypes
2014-01-27 15:45:04,106: DEBUG: In 'CDHR2', 1 out of 3 loci will be removed due to having no minor allele or having more than 100.0% missing genotypes
2014-01-27 15:45:04,118: DEBUG: In 'CDH7', 1 out of 90 samples will be removed due to having more than 100.0% missing genotypes
2014-01-27 15:45:04,212: DEBUG: In 'CDHR5', 57 out of 90 samples will be removed due to having more than 100.0% missing genotypes
2014-01-27 15:45:04,212: DEBUG: In 'CDHR5', 1 out of 1 loci will be removed due to having no minor allele or having more than 100.0% missing genotypes
2014-01-27 15:45:04,212: DEBUG: An ERROR has occurred in process 2 while processing 'CDHR5': No variant found in genotype data for 'CDHR5'.
2014-01-27 15:45:04,256: DEBUG: In 'CECR1', 27 out of 90 samples will be removed due to having more than 100.0% missing genotypes
2014-01-27 15:45:04,265: DEBUG: In 'CENPE', 12 out of 90 samples will be removed due to having more than 100.0% missing genotypes
2014-01-27 15:45:04,320: DEBUG: In 'CEP128', 3 out of 90 samples will be removed due to having more than 100.0% missing genotypes
2014-01-27 15:45:04,400: DEBUG: In 'CEP250', 10 out of 90 samples will be removed due to having more than 100.0% missing genotypes
2014-01-27 15:45:04,485: DEBUG: In 'CERS3', 11 out of 90 samples will be removed due to having more than 100.0% missing genotypes
2014-01-27 15:45:04,486: DEBUG: In 'CERS3', 1 out of 1 loci will be removed due to having no minor allele or having more than 100.0% missing genotypes
2014-01-27 15:45:04,486: DEBUG: An ERROR has occurred in process 4 while processing 'CERS3': No variant found in genotype data for 'CERS3'.
2014-01-27 15:45:04,508: DEBUG: In 'CHAT', 3 out of 90 samples will be removed due to having more than 100.0% missing genotypes
2014-01-27 15:45:04,509: DEBUG: In 'CHAT', 1 out of 4 loci will be removed due to having no minor allele or having more than 100.0% missing genotypes
2014-01-27 15:45:04,528: DEBUG: In 'CHPT1', 23 out of 90 samples will be removed due to having more than 100.0% missing genotypes
2014-01-27 15:45:04,548: DEBUG: In 'CIDEA', 17 out of 90 samples will be removed due to having more than 100.0% missing genotypes
2014-01-27 15:45:04,568: DEBUG: In 'CLRN3', 1 out of 90 samples will be removed due to having more than 100.0% missing genotypes
2014-01-27 15:45:04,641: DEBUG: In 'CLSPN', 1 out of 90 samples will be removed due to having more than 100.0% missing genotypes
2014-01-27 15:45:04,708: DEBUG: In 'COL14A1', 5 out of 90 samples will be removed due to having more than 100.0% missing genotypes
2014-01-27 15:45:04,828: DEBUG: In 'COPS8', 7 out of 90 samples will be removed due to having more than 100.0% missing genotypes
2014-01-27 15:45:04,912: DEBUG: In 'CREB5', 17 out of 90 samples will be removed due to having more than 100.0% missing genotypes
2014-01-27 15:45:04,948: DEBUG: In 'CRELD1', 20 out of 90 samples will be removed due to having more than 100.0% missing genotypes
2014-01-27 15:45:04,949: DEBUG: In 'CRELD1', 1 out of 2 loci will be removed due to having no minor allele or having more than 100.0% missing genotypes
2014-01-27 15:45:04,952: DEBUG: In 'CRIPAK', 66 out of 90 samples will be removed due to having more than 100.0% missing genotypes
2014-01-27 15:45:05,008: DEBUG: In 'CRNN', 17 out of 90 samples will be removed due to having more than 100.0% missing genotypes
2014-01-27 15:45:05,119: DEBUG: In 'CRTAP', 13 out of 90 samples will be removed due to having more than 100.0% missing genotypes
2014-01-27 15:45:05,137: DEBUG: In 'CTSW', 15 out of 90 samples will be removed due to having more than 100.0% missing genotypes
2014-01-27 15:45:05,137: DEBUG: In 'CTSW', 1 out of 1 loci will be removed due to having no minor allele or having more than 100.0% missing genotypes
2014-01-27 15:45:05,137: DEBUG: An ERROR has occurred in process 2 while processing 'CTSW': No variant found in genotype data for 'CTSW'.
2014-01-27 15:45:05,200: DEBUG: In 'CYP2C18', 13 out of 90 samples will be removed due to having more than 100.0% missing genotypes
2014-01-27 15:45:05,211: DEBUG: In 'CYP24A1', 7 out of 90 samples will be removed due to having more than 100.0% missing genotypes
2014-01-27 15:45:05,211: DEBUG: In 'CYP24A1', 1 out of 2 loci will be removed due to having no minor allele or having more than 100.0% missing genotypes
2014-01-27 15:45:05,237: DEBUG: In 'CYP7B1', 10 out of 90 samples will be removed due to having more than 100.0% missing genotypes
2014-01-27 15:45:05,240: DEBUG: In 'CYP3A7', 13 out of 90 samples will be removed due to having more than 100.0% missing genotypes
2014-01-27 15:45:05,316: DEBUG: In 'DCTN5', 17 out of 90 samples will be removed due to having more than 100.0% missing genotypes
2014-01-27 15:45:05,355: DEBUG: In 'DDX49', 36 out of 90 samples will be removed due to having more than 100.0% missing genotypes
2014-01-27 15:45:05,416: DEBUG: In 'DGKZ', 49 out of 90 samples will be removed due to having more than 100.0% missing genotypes
2014-01-27 15:45:05,416: DEBUG: In 'DGKZ', 1 out of 1 loci will be removed due to having no minor allele or having more than 100.0% missing genotypes
2014-01-27 15:45:05,416: DEBUG: An ERROR has occurred in process 0 while processing 'DGKZ': No variant found in genotype data for 'DGKZ'.
2014-01-27 15:45:05,479: DEBUG: In 'DHX37', 31 out of 90 samples will be removed due to having more than 100.0% missing genotypes
2014-01-27 15:45:05,608: DEBUG: In 'DLGAP4', 24 out of 90 samples will be removed due to having more than 100.0% missing genotypes
2014-01-27 15:45:05,642: DEBUG: In 'DNAH12', 21 out of 90 samples will be removed due to having more than 100.0% missing genotypes
2014-01-27 15:45:05,676: DEBUG: In 'DSC3', 8 out of 90 samples will be removed due to having more than 100.0% missing genotypes
2014-01-27 15:45:05,686: DEBUG: In 'DNMBP', 8 out of 90 samples will be removed due to having more than 100.0% missing genotypes
2014-01-27 15:45:05,701: DEBUG: In 'DUS1L', 27 out of 90 samples will be removed due to having more than 100.0% missing genotypes
2014-01-27 15:45:05,725: DEBUG: In 'DUSP10', 1 out of 90 samples will be removed due to having more than 100.0% missing genotypes
2014-01-27 15:45:05,832: DEBUG: In 'DYX1C1', 16 out of 90 samples will be removed due to having more than 100.0% missing genotypes
2014-01-27 15:45:05,887: DEBUG: In 'DYX1C1-CCPG1', 16 out of 90 samples will be removed due to having more than 100.0% missing genotypes
2014-01-27 15:45:06,004: DEBUG: In 'EFCAB3', 13 out of 90 samples will be removed due to having more than 100.0% missing genotypes
2014-01-27 15:45:06,032: DEBUG: In 'EIF2D', 3 out of 90 samples will be removed due to having more than 100.0% missing genotypes
2014-01-27 15:45:06,085: DEBUG: In 'ELAVL4', 2 out of 90 samples will be removed due to having more than 100.0% missing genotypes
2014-01-27 15:45:06,101: DEBUG: In 'EPB42', 1 out of 90 samples will be removed due to having more than 100.0% missing genotypes
2014-01-27 15:45:06,174: DEBUG: In 'EPYC', 3 out of 90 samples will be removed due to having more than 100.0% missing genotypes
2014-01-27 15:45:06,209: DEBUG: In 'ERCC3', 14 out of 90 samples will be removed due to having more than 100.0% missing genotypes
2014-01-27 15:45:06,233: DEBUG: In 'ERCC6', 3 out of 90 samples will be removed due to having more than 100.0% missing genotypes
2014-01-27 15:45:06,288: DEBUG: In 'ETS2', 2 out of 90 samples will be removed due to having more than 100.0% missing genotypes
2014-01-27 15:45:06,450: DEBUG: In 'EXPH5', 1 out of 5 loci will be removed due to having no minor allele or having more than 100.0% missing genotypes
2014-01-27 15:45:06,488: DEBUG: In 'F2RL1', 1 out of 90 samples will be removed due to having more than 100.0% missing genotypes
2014-01-27 15:45:06,536: DEBUG: In 'FAM13A', 4 out of 90 samples will be removed due to having more than 100.0% missing genotypes
2014-01-27 15:45:06,553: DEBUG: In 'FAM47E-STBD1', 1 out of 90 samples will be removed due to having more than 100.0% missing genotypes
2014-01-27 15:45:06,610: DEBUG: In 'FASTKD5', 1 out of 3 loci will be removed due to having no minor allele or having more than 100.0% missing genotypes
2014-01-27 15:45:06,632: DEBUG: In 'FBXL13', 9 out of 90 samples will be removed due to having more than 100.0% missing genotypes
2014-01-27 15:45:06,633: DEBUG: In 'FBXL13', 1 out of 2 loci will be removed due to having no minor allele or having more than 100.0% missing genotypes
2014-01-27 15:45:06,669: DEBUG: In 'FBXL4', 3 out of 90 samples will be removed due to having more than 100.0% missing genotypes
2014-01-27 15:45:06,756: DEBUG: In 'FCF1', 17 out of 90 samples will be removed due to having more than 100.0% missing genotypes
2014-01-27 15:45:06,892: DEBUG: In 'FLJ39534', 2 out of 90 samples will be removed due to having more than 100.0% missing genotypes
2014-01-27 15:45:06,928: DEBUG: In 'FLT1', 9 out of 90 samples will be removed due to having more than 100.0% missing genotypes
2014-01-27 15:45:07,009: DEBUG: In 'FRMPD2', 1 out of 90 samples will be removed due to having more than 100.0% missing genotypes
2014-01-27 15:45:07,034: DEBUG: In 'FTSJ3', 4 out of 90 samples will be removed due to having more than 100.0% missing genotypes
2014-01-27 15:45:07,076: DEBUG: In 'FUCA2', 10 out of 90 samples will be removed due to having more than 100.0% missing genotypes
2014-01-27 15:45:07,140: DEBUG: In 'GAL3ST1', 45 out of 90 samples will be removed due to having more than 100.0% missing genotypes
2014-01-27 15:45:07,146: DEBUG: In 'GAL3ST1', 1 out of 1 loci will be removed due to having no minor allele or having more than 100.0% missing genotypes
2014-01-27 15:45:07,147: DEBUG: An ERROR has occurred in process 7 while processing 'GAL3ST1': No variant found in genotype data for 'GAL3ST1'.
2014-01-27 15:45:07,202: DEBUG: In 'GALM', 3 out of 90 samples will be removed due to having more than 100.0% missing genotypes
2014-01-27 15:45:07,330: DEBUG: In 'GATA4', 37 out of 90 samples will be removed due to having more than 100.0% missing genotypes
2014-01-27 15:45:07,342: DEBUG: In 'GBP6', 23 out of 90 samples will be removed due to having more than 100.0% missing genotypes
2014-01-27 15:45:07,437: DEBUG: In 'GIGYF2', 1 out of 90 samples will be removed due to having more than 100.0% missing genotypes
2014-01-27 15:45:07,481: DEBUG: In 'GLP2R', 27 out of 90 samples will be removed due to having more than 100.0% missing genotypes
2014-01-27 15:45:07,492: DEBUG: In 'GLOD4', 2 out of 90 samples will be removed due to having more than 100.0% missing genotypes
2014-01-27 15:45:07,545: DEBUG: In 'GOLGB1', 1 out of 90 samples will be removed due to having more than 100.0% missing genotypes
2014-01-27 15:45:07,628: DEBUG: In 'GOPC', 2 out of 90 samples will be removed due to having more than 100.0% missing genotypes
2014-01-27 15:45:07,664: DEBUG: In 'GPD2', 2 out of 90 samples will be removed due to having more than 100.0% missing genotypes
2014-01-27 15:45:07,728: DEBUG: In 'GPR114', 17 out of 90 samples will be removed due to having more than 100.0% missing genotypes
2014-01-27 15:45:07,856: DEBUG: In 'GPR128', 20 out of 90 samples will be removed due to having more than 100.0% missing genotypes
2014-01-27 15:45:07,896: DEBUG: In 'GSDMC', 2 out of 90 samples will be removed due to having more than 100.0% missing genotypes
2014-01-27 15:45:07,912: DEBUG: In 'GTF2E2', 6 out of 90 samples will be removed due to having more than 100.0% missing genotypes
2014-01-27 15:45:07,913: DEBUG: In 'GTF2E2', 1 out of 2 loci will be removed due to having no minor allele or having more than 100.0% missing genotypes
2014-01-27 15:45:07,947: DEBUG: In 'GUF1', 17 out of 90 samples will be removed due to having more than 100.0% missing genotypes
2014-01-27 15:45:07,992: DEBUG: In 'H2AFY2', 4 out of 90 samples will be removed due to having more than 100.0% missing genotypes
2014-01-27 15:45:08,064: DEBUG: In 'HAGH', 32 out of 90 samples will be removed due to having more than 100.0% missing genotypes
2014-01-27 15:45:08,109: DEBUG: In 'HCG9', 29 out of 90 samples will be removed due to having more than 100.0% missing genotypes
2014-01-27 15:45:08,128: DEBUG: In 'HAX1', 25 out of 90 samples will be removed due to having more than 100.0% missing genotypes
2014-01-27 15:45:08,241: DEBUG: In 'HEATR6', 1 out of 90 samples will be removed due to having more than 100.0% missing genotypes
2014-01-27 15:45:08,328: DEBUG: In 'HIPK1', 3 out of 90 samples will be removed due to having more than 100.0% missing genotypes
2014-01-27 15:45:08,336: DEBUG: In 'HIST1H2BC', 23 out of 90 samples will be removed due to having more than 100.0% missing genotypes
2014-01-27 15:45:08,349: DEBUG: In 'HLA-A', 59 out of 90 samples will be removed due to having more than 100.0% missing genotypes
2014-01-27 15:45:08,350: DEBUG: In 'HLA-A', 5 out of 6 loci will be removed due to having no minor allele or having more than 100.0% missing genotypes
2014-01-27 15:45:08,417: DEBUG: In 'HNRNPUL1', 1 out of 90 samples will be removed due to having more than 100.0% missing genotypes
2014-01-27 15:45:08,432: DEBUG: In 'HOGA1', 17 out of 90 samples will be removed due to having more than 100.0% missing genotypes
2014-01-27 15:45:08,492: DEBUG: In 'HSPA14', 26 out of 90 samples will be removed due to having more than 100.0% missing genotypes
2014-01-27 15:45:08,512: DEBUG: In 'HTR7', 1 out of 90 samples will be removed due to having more than 100.0% missing genotypes
2014-01-27 15:45:08,646: DEBUG: In 'IFNGR2', 3 out of 90 samples will be removed due to having more than 100.0% missing genotypes
2014-01-27 15:45:08,716: DEBUG: In 'IFT57', 4 out of 90 samples will be removed due to having more than 100.0% missing genotypes
2014-01-27 15:45:08,742: DEBUG: In 'INSL3', 21 out of 90 samples will be removed due to having more than 100.0% missing genotypes
2014-01-27 15:45:08,768: DEBUG: In 'INVS', 4 out of 90 samples will be removed due to having more than 100.0% missing genotypes
2014-01-27 15:45:08,822: DEBUG: In 'IRAK4', 27 out of 90 samples will be removed due to having more than 100.0% missing genotypes
2014-01-27 15:45:08,862: DEBUG: In 'IRF4', 4 out of 90 samples will be removed due to having more than 100.0% missing genotypes
2014-01-27 15:45:08,991: DEBUG: In 'KCNH5', 13 out of 90 samples will be removed due to having more than 100.0% missing genotypes
2014-01-27 15:45:09,088: DEBUG: In 'KCNJ11', 27 out of 90 samples will be removed due to having more than 100.0% missing genotypes
2014-01-27 15:45:09,129: DEBUG: In 'KIF9', 1 out of 90 samples will be removed due to having more than 100.0% missing genotypes
2014-01-27 15:45:09,153: DEBUG: In 'KIF9', 1 out of 4 loci will be removed due to having no minor allele or having more than 100.0% missing genotypes
2014-01-27 15:45:09,164: DEBUG: In 'KLHL12', 16 out of 90 samples will be removed due to having more than 100.0% missing genotypes
2014-01-27 15:45:09,204: DEBUG: In 'KRR1', 15 out of 90 samples will be removed due to having more than 100.0% missing genotypes
2014-01-27 15:45:09,209: DEBUG: In 'KRT73', 13 out of 90 samples will be removed due to having more than 100.0% missing genotypes
2014-01-27 15:45:09,209: DEBUG: In 'KRT73', 1 out of 2 loci will be removed due to having no minor allele or having more than 100.0% missing genotypes
2014-01-27 15:45:09,340: DEBUG: In 'KRT9', 1 out of 90 samples will be removed due to having more than 100.0% missing genotypes
2014-01-27 15:45:09,385: DEBUG: In 'LAMB3', 12 out of 90 samples will be removed due to having more than 100.0% missing genotypes
2014-01-27 15:45:09,468: DEBUG: In 'LENG9', 37 out of 90 samples will be removed due to having more than 100.0% missing genotypes
2014-01-27 15:45:09,572: DEBUG: In 'LEO1', 7 out of 90 samples will be removed due to having more than 100.0% missing genotypes
2014-01-27 15:45:09,600: DEBUG: In 'LIMK2', 3 out of 90 samples will be removed due to having more than 100.0% missing genotypes
2014-01-27 15:45:09,602: DEBUG: In 'LEPREL1', 1 out of 90 samples will be removed due to having more than 100.0% missing genotypes
2014-01-27 15:45:09,620: DEBUG: In 'LIPJ', 6 out of 90 samples will be removed due to having more than 100.0% missing genotypes
2014-01-27 15:45:09,789: DEBUG: In 'LOC100134015', 1 out of 3 loci will be removed due to having no minor allele or having more than 100.0% missing genotypes
2014-01-27 15:45:09,812: DEBUG: In 'LOC100287722', 2 out of 90 samples will be removed due to having more than 100.0% missing genotypes
2014-01-27 15:45:09,813: DEBUG: In 'LOC100287722', 1 out of 1 loci will be removed due to having no minor allele or having more than 100.0% missing genotypes
2014-01-27 15:45:09,813: DEBUG: An ERROR has occurred in process 1 while processing 'LOC100287722': No variant found in genotype data for 'LOC100287722'.
2014-01-27 15:45:09,794: DEBUG: In 'LOC100507433', 19 out of 90 samples will be removed due to having more than 100.0% missing genotypes
2014-01-27 15:45:09,823: DEBUG: In 'LOC100507433', 1 out of 2 loci will be removed due to having no minor allele or having more than 100.0% missing genotypes
2014-01-27 15:45:09,872: DEBUG: In 'LOC100616530', 30 out of 90 samples will be removed due to having more than 100.0% missing genotypes
2014-01-27 15:45:09,920: DEBUG: In 'LONRF2', 15 out of 90 samples will be removed due to having more than 100.0% missing genotypes
2014-01-27 15:45:09,996: DEBUG: In 'LPL', 2 out of 90 samples will be removed due to having more than 100.0% missing genotypes
2014-01-27 15:45:10,030: DEBUG: In 'LRRN2', 30 out of 90 samples will be removed due to having more than 100.0% missing genotypes
2014-01-27 15:45:10,010: DEBUG: In 'LRFN3', 61 out of 90 samples will be removed due to having more than 100.0% missing genotypes
2014-01-27 15:45:10,038: DEBUG: In 'LRFN3', 1 out of 1 loci will be removed due to having no minor allele or having more than 100.0% missing genotypes
2014-01-27 15:45:10,039: DEBUG: An ERROR has occurred in process 3 while processing 'LRFN3': No variant found in genotype data for 'LRFN3'.
2014-01-27 15:45:10,044: DEBUG: In 'LRRC27', 11 out of 90 samples will be removed due to having more than 100.0% missing genotypes
2014-01-27 15:45:10,089: DEBUG: In 'LY75', 3 out of 90 samples will be removed due to having more than 100.0% missing genotypes
2014-01-27 15:45:10,201: DEBUG: In 'LY75-CD302', 3 out of 90 samples will be removed due to having more than 100.0% missing genotypes
2014-01-27 15:45:10,236: DEBUG: In 'MAP1S', 22 out of 90 samples will be removed due to having more than 100.0% missing genotypes
2014-01-27 15:45:10,240: DEBUG: In 'LYPD5', 25 out of 90 samples will be removed due to having more than 100.0% missing genotypes
2014-01-27 15:45:10,316: DEBUG: In 'MAP3K12', 32 out of 90 samples will be removed due to having more than 100.0% missing genotypes
2014-01-27 15:45:10,412: DEBUG: In 'MARCH1', 21 out of 90 samples will be removed due to having more than 100.0% missing genotypes
2014-01-27 15:45:10,440: DEBUG: In 'MASP1', 1 out of 90 samples will be removed due to having more than 100.0% missing genotypes
2014-01-27 15:45:10,441: DEBUG: In 'MASP1', 1 out of 4 loci will be removed due to having no minor allele or having more than 100.0% missing genotypes
2014-01-27 15:45:10,545: DEBUG: In 'MDN1', 2 out of 90 samples will be removed due to having more than 100.0% missing genotypes
2014-01-27 15:45:10,571: DEBUG: In 'MDN1', 1 out of 6 loci will be removed due to having no minor allele or having more than 100.0% missing genotypes
2014-01-27 15:45:10,620: DEBUG: In 'MELK', 13 out of 90 samples will be removed due to having more than 100.0% missing genotypes
2014-01-27 15:45:10,630: DEBUG: In 'MFAP1', 4 out of 90 samples will be removed due to having more than 100.0% missing genotypes
2014-01-27 15:45:10,665: DEBUG: In 'MKL2', 1 out of 90 samples will be removed due to having more than 100.0% missing genotypes
2014-01-27 15:45:10,665: DEBUG: In 'MKL2', 1 out of 3 loci will be removed due to having no minor allele or having more than 100.0% missing genotypes
2014-01-27 15:45:10,698: DEBUG: In 'MORC1', 3 out of 90 samples will be removed due to having more than 100.0% missing genotypes
2014-01-27 15:45:10,699: DEBUG: In 'MORC1', 1 out of 4 loci will be removed due to having no minor allele or having more than 100.0% missing genotypes
2014-01-27 15:45:10,804: DEBUG: In 'MRAP2', 1 out of 90 samples will be removed due to having more than 100.0% missing genotypes
2014-01-27 15:45:10,888: DEBUG: In 'MRPS18B', 32 out of 90 samples will be removed due to having more than 100.0% missing genotypes
2014-01-27 15:45:10,925: DEBUG: In 'MRPS7', 14 out of 90 samples will be removed due to having more than 100.0% missing genotypes
2014-01-27 15:45:11,024: DEBUG: In 'MSH4', 10 out of 90 samples will be removed due to having more than 100.0% missing genotypes
2014-01-27 15:45:11,006: DEBUG: In 'MTMR2', 1 out of 90 samples will be removed due to having more than 100.0% missing genotypes
2014-01-27 15:45:11,061: DEBUG: In 'MUDENG', 14 out of 90 samples will be removed due to having more than 100.0% missing genotypes
2014-01-27 15:45:11,136: DEBUG: In 'MYO18A', 5 out of 90 samples will be removed due to having more than 100.0% missing genotypes
2014-01-27 15:45:11,139: DEBUG: In 'MYEOV2', 1 out of 90 samples will be removed due to having more than 100.0% missing genotypes
2014-01-27 15:45:11,252: DEBUG: In 'NEIL3', 12 out of 90 samples will be removed due to having more than 100.0% missing genotypes
2014-01-27 15:45:11,255: DEBUG: In 'NEK7', 19 out of 90 samples will be removed due to having more than 100.0% missing genotypes
2014-01-27 15:45:11,352: DEBUG: In 'NFIA', 2 out of 90 samples will be removed due to having more than 100.0% missing genotypes
2014-01-27 15:45:11,444: DEBUG: In 'NFKBIZ', 1 out of 90 samples will be removed due to having more than 100.0% missing genotypes
2014-01-27 15:45:11,456: DEBUG: In 'NLRP11', 1 out of 90 samples will be removed due to having more than 100.0% missing genotypes
2014-01-27 15:45:11,499: DEBUG: In 'NOL6', 9 out of 90 samples will be removed due to having more than 100.0% missing genotypes
2014-01-27 15:45:11,560: DEBUG: In 'NOM1', 25 out of 90 samples will be removed due to having more than 100.0% missing genotypes
2014-01-27 15:45:11,561: DEBUG: In 'NOM1', 1 out of 1 loci will be removed due to having no minor allele or having more than 100.0% missing genotypes
2014-01-27 15:45:11,561: DEBUG: An ERROR has occurred in process 2 while processing 'NOM1': No variant found in genotype data for 'NOM1'.
2014-01-27 15:45:11,568: DEBUG: In 'NOTCH3', 13 out of 90 samples will be removed due to having more than 100.0% missing genotypes
2014-01-27 15:45:11,620: DEBUG: In 'NPC1L1', 24 out of 90 samples will be removed due to having more than 100.0% missing genotypes
2014-01-27 15:45:11,651: DEBUG: In 'NPHS1', 22 out of 90 samples will be removed due to having more than 100.0% missing genotypes
2014-01-27 15:45:11,656: DEBUG: In 'NPR1', 11 out of 90 samples will be removed due to having more than 100.0% missing genotypes
2014-01-27 15:45:11,792: DEBUG: In 'NPR2', 40 out of 90 samples will be removed due to having more than 100.0% missing genotypes
2014-01-27 15:45:11,792: DEBUG: In 'NPR2', 1 out of 1 loci will be removed due to having no minor allele or having more than 100.0% missing genotypes
2014-01-27 15:45:11,792: DEBUG: An ERROR has occurred in process 5 while processing 'NPR2': No variant found in genotype data for 'NPR2'.
2014-01-27 15:45:11,852: DEBUG: In 'NPSR1', 5 out of 90 samples will be removed due to having more than 100.0% missing genotypes
2014-01-27 15:45:11,889: DEBUG: In 'NR2C2AP', 27 out of 90 samples will be removed due to having more than 100.0% missing genotypes
2014-01-27 15:45:11,899: DEBUG: In 'NRG1', 3 out of 90 samples will be removed due to having more than 100.0% missing genotypes
2014-01-27 15:45:11,924: DEBUG: In 'NUAK2', 26 out of 90 samples will be removed due to having more than 100.0% missing genotypes
2014-01-27 15:45:11,995: DEBUG: In 'O3FAR1', 3 out of 90 samples will be removed due to having more than 100.0% missing genotypes
2014-01-27 15:45:12,018: DEBUG: In 'ODC1', 3 out of 90 samples will be removed due to having more than 100.0% missing genotypes
2014-01-27 15:45:12,043: DEBUG: In 'OLFM1', 3 out of 90 samples will be removed due to having more than 100.0% missing genotypes
2014-01-27 15:45:12,064: DEBUG: In 'OR10J1', 1 out of 1 loci will be removed due to having no minor allele or having more than 100.0% missing genotypes
2014-01-27 15:45:12,064: DEBUG: An ERROR has occurred in process 4 while processing 'OR10J1': No variant found in genotype data for 'OR10J1'.
2014-01-27 15:45:12,124: DEBUG: In 'OR2D3', 2 out of 90 samples will be removed due to having more than 100.0% missing genotypes
2014-01-27 15:45:12,250: DEBUG: In 'OR4D11', 10 out of 90 samples will be removed due to having more than 100.0% missing genotypes
2014-01-27 15:45:12,287: DEBUG: In 'OR52H1', 2 out of 90 samples will be removed due to having more than 100.0% missing genotypes
2014-01-27 15:45:12,328: DEBUG: In 'OSGIN2', 2 out of 90 samples will be removed due to having more than 100.0% missing genotypes
2014-01-27 15:45:12,433: DEBUG: In 'PAK1', 3 out of 90 samples will be removed due to having more than 100.0% missing genotypes
2014-01-27 15:45:12,470: DEBUG: In 'PALLD', 4 out of 90 samples will be removed due to having more than 100.0% missing genotypes
2014-01-27 15:45:12,562: DEBUG: In 'PAX4', 4 out of 90 samples will be removed due to having more than 100.0% missing genotypes
2014-01-27 15:45:12,692: DEBUG: In 'PCDH10', 15 out of 90 samples will be removed due to having more than 100.0% missing genotypes
2014-01-27 15:45:12,693: DEBUG: In 'PCDH10', 1 out of 1 loci will be removed due to having no minor allele or having more than 100.0% missing genotypes
2014-01-27 15:45:12,693: DEBUG: An ERROR has occurred in process 3 while processing 'PCDH10': No variant found in genotype data for 'PCDH10'.
2014-01-27 15:45:12,739: DEBUG: In 'PCDHB11', 3 out of 90 samples will be removed due to having more than 100.0% missing genotypes
2014-01-27 15:45:12,757: DEBUG: In 'PCDHGA10', 2 out of 90 samples will be removed due to having more than 100.0% missing genotypes
2014-01-27 15:45:12,758: DEBUG: In 'PCDHGA10', 1 out of 4 loci will be removed due to having no minor allele or having more than 100.0% missing genotypes
2014-01-27 15:45:12,761: DEBUG: In 'PCDHGA11', 2 out of 90 samples will be removed due to having more than 100.0% missing genotypes
2014-01-27 15:45:12,782: DEBUG: In 'PCDHGA1', 1 out of 5 loci will be removed due to having no minor allele or having more than 100.0% missing genotypes
2014-01-27 15:45:12,790: DEBUG: In 'PCDHGA11', 1 out of 4 loci will be removed due to having no minor allele or having more than 100.0% missing genotypes
2014-01-27 15:45:12,873: DEBUG: In 'PCDHGA12', 2 out of 90 samples will be removed due to having more than 100.0% missing genotypes
2014-01-27 15:45:12,874: DEBUG: In 'PCDHGA12', 1 out of 4 loci will be removed due to having no minor allele or having more than 100.0% missing genotypes
2014-01-27 15:45:12,877: DEBUG: In 'PCDHGA2', 2 out of 90 samples will be removed due to having more than 100.0% missing genotypes
2014-01-27 15:45:12,878: DEBUG: In 'PCDHGA2', 1 out of 4 loci will be removed due to having no minor allele or having more than 100.0% missing genotypes
2014-01-27 15:45:12,938: DEBUG: In 'PCDHGA3', 2 out of 90 samples will be removed due to having more than 100.0% missing genotypes
2014-01-27 15:45:12,939: DEBUG: In 'PCDHGA3', 1 out of 4 loci will be removed due to having no minor allele or having more than 100.0% missing genotypes
2014-01-27 15:45:12,989: DEBUG: In 'PCDHGA4', 2 out of 90 samples will be removed due to having more than 100.0% missing genotypes
2014-01-27 15:45:13,018: DEBUG: In 'PCDHGA4', 1 out of 4 loci will be removed due to having no minor allele or having more than 100.0% missing genotypes
2014-01-27 15:45:13,157: DEBUG: In 'PCDHGA5', 2 out of 90 samples will be removed due to having more than 100.0% missing genotypes
2014-01-27 15:45:13,158: DEBUG: In 'PCDHGA5', 1 out of 4 loci will be removed due to having no minor allele or having more than 100.0% missing genotypes
2014-01-27 15:45:13,209: DEBUG: In 'PCDHGA6', 2 out of 90 samples will be removed due to having more than 100.0% missing genotypes
2014-01-27 15:45:13,214: DEBUG: In 'PCDHGA7', 2 out of 90 samples will be removed due to having more than 100.0% missing genotypes
2014-01-27 15:45:13,239: DEBUG: In 'PCDHGA7', 1 out of 4 loci will be removed due to having no minor allele or having more than 100.0% missing genotypes
2014-01-27 15:45:13,229: DEBUG: In 'PCDHGA8', 2 out of 90 samples will be removed due to having more than 100.0% missing genotypes
2014-01-27 15:45:13,247: DEBUG: In 'PCDHGA8', 1 out of 4 loci will be removed due to having no minor allele or having more than 100.0% missing genotypes
2014-01-27 15:45:13,238: DEBUG: In 'PCDHGA6', 1 out of 4 loci will be removed due to having no minor allele or having more than 100.0% missing genotypes
2014-01-27 15:45:13,329: DEBUG: In 'PCDHGB1', 2 out of 90 samples will be removed due to having more than 100.0% missing genotypes
2014-01-27 15:45:13,333: DEBUG: In 'PCDHGA9', 2 out of 90 samples will be removed due to having more than 100.0% missing genotypes
2014-01-27 15:45:13,334: DEBUG: In 'PCDHGA9', 1 out of 4 loci will be removed due to having no minor allele or having more than 100.0% missing genotypes
2014-01-27 15:45:13,358: DEBUG: In 'PCDHGB1', 1 out of 4 loci will be removed due to having no minor allele or having more than 100.0% missing genotypes
2014-01-27 15:45:13,373: DEBUG: In 'PCDHGB2', 2 out of 90 samples will be removed due to having more than 100.0% missing genotypes
2014-01-27 15:45:13,402: DEBUG: In 'PCDHGB2', 1 out of 4 loci will be removed due to having no minor allele or having more than 100.0% missing genotypes
2014-01-27 15:45:13,457: DEBUG: In 'PCDHGB3', 2 out of 90 samples will be removed due to having more than 100.0% missing genotypes
2014-01-27 15:45:13,458: DEBUG: In 'PCDHGB3', 1 out of 4 loci will be removed due to having no minor allele or having more than 100.0% missing genotypes
2014-01-27 15:45:13,643: DEBUG: In 'PCDHGB4', 2 out of 90 samples will be removed due to having more than 100.0% missing genotypes
2014-01-27 15:45:13,644: DEBUG: In 'PCDHGB4', 1 out of 4 loci will be removed due to having no minor allele or having more than 100.0% missing genotypes
2014-01-27 15:45:13,686: DEBUG: In 'PCDHGB7', 2 out of 90 samples will be removed due to having more than 100.0% missing genotypes
2014-01-27 15:45:13,689: DEBUG: In 'PCDHGB5', 2 out of 90 samples will be removed due to having more than 100.0% missing genotypes
2014-01-27 15:45:13,690: DEBUG: In 'PCDHGB5', 1 out of 4 loci will be removed due to having no minor allele or having more than 100.0% missing genotypes
2014-01-27 15:45:13,674: DEBUG: In 'PCDHGB6', 2 out of 90 samples will be removed due to having more than 100.0% missing genotypes
2014-01-27 15:45:13,703: DEBUG: In 'PCDHGB6', 1 out of 4 loci will be removed due to having no minor allele or having more than 100.0% missing genotypes
2014-01-27 15:45:13,715: DEBUG: In 'PCDHGB7', 1 out of 4 loci will be removed due to having no minor allele or having more than 100.0% missing genotypes
2014-01-27 15:45:13,789: DEBUG: In 'PCDHGC3', 2 out of 90 samples will be removed due to having more than 100.0% missing genotypes
2014-01-27 15:45:13,790: DEBUG: In 'PCDHGC3', 1 out of 4 loci will be removed due to having no minor allele or having more than 100.0% missing genotypes
2014-01-27 15:45:13,801: DEBUG: In 'PCDHGC4', 2 out of 90 samples will be removed due to having more than 100.0% missing genotypes
2014-01-27 15:45:13,802: DEBUG: In 'PCDHGC4', 1 out of 4 loci will be removed due to having no minor allele or having more than 100.0% missing genotypes
2014-01-27 15:45:13,844: DEBUG: In 'PCDHGC5', 36 out of 90 samples will be removed due to having more than 100.0% missing genotypes
2014-01-27 15:45:13,844: DEBUG: In 'PCDHGC5', 1 out of 1 loci will be removed due to having no minor allele or having more than 100.0% missing genotypes
2014-01-27 15:45:13,844: DEBUG: An ERROR has occurred in process 0 while processing 'PCDHGC5': No variant found in genotype data for 'PCDHGC5'.
2014-01-27 15:45:13,892: DEBUG: In 'PDE4B', 1 out of 90 samples will be removed due to having more than 100.0% missing genotypes
2014-01-27 15:45:13,917: DEBUG: In 'PDLIM5', 2 out of 90 samples will be removed due to having more than 100.0% missing genotypes
2014-01-27 15:45:14,091: DEBUG: In 'PDSS1', 35 out of 90 samples will be removed due to having more than 100.0% missing genotypes
2014-01-27 15:45:14,129: DEBUG: In 'PDZD8', 1 out of 90 samples will be removed due to having more than 100.0% missing genotypes
2014-01-27 15:45:14,140: DEBUG: In 'PHF15', 24 out of 90 samples will be removed due to having more than 100.0% missing genotypes
2014-01-27 15:45:14,144: DEBUG: In 'PIBF1', 10 out of 90 samples will be removed due to having more than 100.0% missing genotypes
2014-01-27 15:45:14,241: DEBUG: In 'PIGP', 16 out of 90 samples will be removed due to having more than 100.0% missing genotypes
2014-01-27 15:45:14,252: DEBUG: In 'PIGS', 2 out of 90 samples will be removed due to having more than 100.0% missing genotypes
2014-01-27 15:45:14,270: DEBUG: In 'PIGP', 1 out of 2 loci will be removed due to having no minor allele or having more than 100.0% missing genotypes
2014-01-27 15:45:14,364: DEBUG: In 'PILRA', 9 out of 90 samples will be removed due to having more than 100.0% missing genotypes
2014-01-27 15:45:14,441: DEBUG: In 'PKN3', 19 out of 90 samples will be removed due to having more than 100.0% missing genotypes
2014-01-27 15:45:14,513: DEBUG: In 'PLEKHG4B', 25 out of 90 samples will be removed due to having more than 100.0% missing genotypes
2014-01-27 15:45:14,513: DEBUG: In 'PLEKHG4B', 1 out of 2 loci will be removed due to having no minor allele or having more than 100.0% missing genotypes
2014-01-27 15:45:14,563: DEBUG: In 'PLXDC1', 11 out of 90 samples will be removed due to having more than 100.0% missing genotypes
2014-01-27 15:45:14,658: DEBUG: In 'PMM2', 12 out of 90 samples will be removed due to having more than 100.0% missing genotypes
2014-01-27 15:45:14,696: DEBUG: In 'PMS2', 2 out of 90 samples will be removed due to having more than 100.0% missing genotypes
2014-01-27 15:45:14,697: DEBUG: In 'PMS2', 1 out of 2 loci will be removed due to having no minor allele or having more than 100.0% missing genotypes
2014-01-27 15:45:14,796: DEBUG: In 'PNMAL1', 4 out of 90 samples will be removed due to having more than 100.0% missing genotypes
2014-01-27 15:45:14,840: DEBUG: In 'PPIG', 13 out of 90 samples will be removed due to having more than 100.0% missing genotypes
2014-01-27 15:45:14,908: DEBUG: In 'PPM1J', 13 out of 90 samples will be removed due to having more than 100.0% missing genotypes
2014-01-27 15:45:14,909: DEBUG: In 'PPM1J', 1 out of 2 loci will be removed due to having no minor allele or having more than 100.0% missing genotypes
2014-01-27 15:45:14,964: DEBUG: In 'PPP2R1B', 6 out of 90 samples will be removed due to having more than 100.0% missing genotypes
2014-01-27 15:45:15,048: DEBUG: In 'PPP2R5C', 2 out of 90 samples will be removed due to having more than 100.0% missing genotypes
2014-01-27 15:45:15,064: DEBUG: In 'PPYR1', 3 out of 90 samples will be removed due to having more than 100.0% missing genotypes
2014-01-27 15:45:15,140: DEBUG: In 'PQLC1', 35 out of 90 samples will be removed due to having more than 100.0% missing genotypes
2014-01-27 15:45:15,217: DEBUG: In 'PRG3', 4 out of 90 samples will be removed due to having more than 100.0% missing genotypes
2014-01-27 15:45:15,217: DEBUG: In 'PRG3', 2 out of 2 loci will be removed due to having no minor allele or having more than 100.0% missing genotypes
2014-01-27 15:45:15,217: DEBUG: An ERROR has occurred in process 4 while processing 'PRG3': No variant found in genotype data for 'PRG3'.
2014-01-27 15:45:15,264: DEBUG: In 'PRH1-PRR4', 26 out of 90 samples will be removed due to having more than 100.0% missing genotypes
2014-01-27 15:45:15,276: DEBUG: In 'PRKCG', 20 out of 90 samples will be removed due to having more than 100.0% missing genotypes
2014-01-27 15:45:15,280: DEBUG: In 'PRRC2A', 20 out of 90 samples will be removed due to having more than 100.0% missing genotypes
2014-01-27 15:45:15,332: DEBUG: In 'PSMB8', 3 out of 90 samples will be removed due to having more than 100.0% missing genotypes
2014-01-27 15:45:15,392: DEBUG: In 'PSMD2', 2 out of 90 samples will be removed due to having more than 100.0% missing genotypes
2014-01-27 15:45:15,480: DEBUG: In 'PTGFR', 3 out of 90 samples will be removed due to having more than 100.0% missing genotypes
2014-01-27 15:45:15,488: DEBUG: In 'PSRC1', 21 out of 90 samples will be removed due to having more than 100.0% missing genotypes
2014-01-27 15:45:15,497: DEBUG: In 'PTPRS', 10 out of 90 samples will be removed due to having more than 100.0% missing genotypes
2014-01-27 15:45:15,624: DEBUG: In 'PYGM', 17 out of 90 samples will be removed due to having more than 100.0% missing genotypes
2014-01-27 15:45:15,683: DEBUG: In 'RAD51AP1', 13 out of 90 samples will be removed due to having more than 100.0% missing genotypes
2014-01-27 15:45:15,688: DEBUG: In 'RAB38', 4 out of 90 samples will be removed due to having more than 100.0% missing genotypes
2014-01-27 15:45:15,784: DEBUG: In 'RAD54B', 9 out of 90 samples will be removed due to having more than 100.0% missing genotypes
2014-01-27 15:45:15,839: DEBUG: In 'RARB', 1 out of 90 samples will be removed due to having more than 100.0% missing genotypes
2014-01-27 15:45:15,876: DEBUG: In 'RBPJ', 13 out of 90 samples will be removed due to having more than 100.0% missing genotypes
2014-01-27 15:45:15,920: DEBUG: In 'RCL1', 1 out of 90 samples will be removed due to having more than 100.0% missing genotypes
2014-01-27 15:45:15,948: DEBUG: In 'RDH12', 4 out of 90 samples will be removed due to having more than 100.0% missing genotypes
2014-01-27 15:45:16,028: DEBUG: In 'RELN', 1 out of 90 samples will be removed due to having more than 100.0% missing genotypes
2014-01-27 15:45:16,092: DEBUG: In 'RFXANK', 27 out of 90 samples will be removed due to having more than 100.0% missing genotypes
2014-01-27 15:45:16,120: DEBUG: In 'RGL2', 3 out of 90 samples will be removed due to having more than 100.0% missing genotypes
2014-01-27 15:45:16,208: DEBUG: In 'RIC8A', 11 out of 90 samples will be removed due to having more than 100.0% missing genotypes
2014-01-27 15:45:16,300: DEBUG: In 'RIPK3', 1 out of 90 samples will be removed due to having more than 100.0% missing genotypes
2014-01-27 15:45:16,368: DEBUG: In 'RNF150', 8 out of 90 samples will be removed due to having more than 100.0% missing genotypes
2014-01-27 15:45:16,472: DEBUG: In 'RNMT', 25 out of 90 samples will be removed due to having more than 100.0% missing genotypes
2014-01-27 15:45:16,488: DEBUG: In 'RREB1', 24 out of 90 samples will be removed due to having more than 100.0% missing genotypes
2014-01-27 15:45:16,489: DEBUG: In 'RREB1', 1 out of 2 loci will be removed due to having no minor allele or having more than 100.0% missing genotypes
2014-01-27 15:45:16,556: DEBUG: In 'RTEL1', 30 out of 90 samples will be removed due to having more than 100.0% missing genotypes
2014-01-27 15:45:16,620: DEBUG: In 'RTEL1-TNFRSF6B', 30 out of 90 samples will be removed due to having more than 100.0% missing genotypes
2014-01-27 15:45:16,738: DEBUG: In 'SAMD14', 36 out of 90 samples will be removed due to having more than 100.0% missing genotypes
2014-01-27 15:45:16,760: DEBUG: In 'SBNO1', 5 out of 90 samples will be removed due to having more than 100.0% missing genotypes
2014-01-27 15:45:16,773: DEBUG: In 'SCGB2B2', 19 out of 90 samples will be removed due to having more than 100.0% missing genotypes
2014-01-27 15:45:16,844: DEBUG: In 'SDPR', 2 out of 90 samples will be removed due to having more than 100.0% missing genotypes
2014-01-27 15:45:16,855: DEBUG: In 'SERAC1', 4 out of 90 samples will be removed due to having more than 100.0% missing genotypes
2014-01-27 15:45:16,868: DEBUG: In 'SERPINA11', 8 out of 90 samples will be removed due to having more than 100.0% missing genotypes
2014-01-27 15:45:16,992: DEBUG: In 'SETD8', 18 out of 90 samples will be removed due to having more than 100.0% missing genotypes
2014-01-27 15:45:16,992: DEBUG: In 'SETD8', 1 out of 1 loci will be removed due to having no minor allele or having more than 100.0% missing genotypes
2014-01-27 15:45:16,992: DEBUG: An ERROR has occurred in process 3 while processing 'SETD8': No variant found in genotype data for 'SETD8'.
2014-01-27 15:45:17,043: DEBUG: In 'SF3A2', 82 out of 90 samples will be removed due to having more than 100.0% missing genotypes
2014-01-27 15:45:17,044: DEBUG: In 'SF3A2', 1 out of 1 loci will be removed due to having no minor allele or having more than 100.0% missing genotypes
2014-01-27 15:45:17,044: DEBUG: An ERROR has occurred in process 3 while processing 'SF3A2': No variant found in genotype data for 'SF3A2'.
2014-01-27 15:45:17,084: DEBUG: In 'SHKBP1', 3 out of 90 samples will be removed due to having more than 100.0% missing genotypes
2014-01-27 15:45:17,096: DEBUG: In 'SLA', 1 out of 90 samples will be removed due to having more than 100.0% missing genotypes
2014-01-27 15:45:17,176: DEBUG: In 'SLAMF8', 1 out of 90 samples will be removed due to having more than 100.0% missing genotypes
2014-01-27 15:45:17,184: DEBUG: In 'SLC16A10', 10 out of 90 samples will be removed due to having more than 100.0% missing genotypes
2014-01-27 15:45:17,292: DEBUG: In 'SLC20A2', 10 out of 90 samples will be removed due to having more than 100.0% missing genotypes
2014-01-27 15:45:17,297: DEBUG: In 'SLC23A1', 10 out of 90 samples will be removed due to having more than 100.0% missing genotypes
2014-01-27 15:45:17,392: DEBUG: In 'SLC26A2', 1 out of 90 samples will be removed due to having more than 100.0% missing genotypes
2014-01-27 15:45:17,521: DEBUG: In 'SLC28A1', 11 out of 90 samples will be removed due to having more than 100.0% missing genotypes
2014-01-27 15:45:17,535: DEBUG: In 'SLC26A8', 2 out of 90 samples will be removed due to having more than 100.0% missing genotypes
2014-01-27 15:45:17,624: DEBUG: In 'SLC30A1', 2 out of 90 samples will be removed due to having more than 100.0% missing genotypes
2014-01-27 15:45:17,717: DEBUG: In 'SLC3A2', 1 out of 90 samples will be removed due to having more than 100.0% missing genotypes
2014-01-27 15:45:17,744: DEBUG: In 'SLC44A2', 4 out of 90 samples will be removed due to having more than 100.0% missing genotypes
2014-01-27 15:45:17,829: DEBUG: In 'SLC4A1AP', 14 out of 90 samples will be removed due to having more than 100.0% missing genotypes
2014-01-27 15:45:17,931: DEBUG: In 'SLC6A3', 12 out of 90 samples will be removed due to having more than 100.0% missing genotypes
2014-01-27 15:45:18,061: DEBUG: In 'SMO', 5 out of 90 samples will be removed due to having more than 100.0% missing genotypes
2014-01-27 15:45:18,064: DEBUG: In 'SMC5', 18 out of 90 samples will be removed due to having more than 100.0% missing genotypes
2014-01-27 15:45:18,164: DEBUG: In 'SOCS4', 1 out of 90 samples will be removed due to having more than 100.0% missing genotypes
2014-01-27 15:45:18,173: DEBUG: In 'SPG7', 18 out of 90 samples will be removed due to having more than 100.0% missing genotypes
2014-01-27 15:45:18,174: DEBUG: In 'SPG7', 1 out of 1 loci will be removed due to having no minor allele or having more than 100.0% missing genotypes
2014-01-27 15:45:18,174: DEBUG: An ERROR has occurred in process 1 while processing 'SPG7': No variant found in genotype data for 'SPG7'.
2014-01-27 15:45:18,181: DEBUG: In 'SORBS1', 1 out of 90 samples will be removed due to having more than 100.0% missing genotypes
2014-01-27 15:45:18,210: DEBUG: In 'SORBS1', 1 out of 5 loci will be removed due to having no minor allele or having more than 100.0% missing genotypes
2014-01-27 15:45:18,236: DEBUG: In 'SREBF1', 29 out of 90 samples will be removed due to having more than 100.0% missing genotypes
2014-01-27 15:45:18,237: DEBUG: In 'SREBF1', 1 out of 2 loci will be removed due to having no minor allele or having more than 100.0% missing genotypes
2014-01-27 15:45:18,341: DEBUG: In 'SRGAP1', 1 out of 90 samples will be removed due to having more than 100.0% missing genotypes
2014-01-27 15:45:18,428: DEBUG: In 'SRPR', 1 out of 90 samples will be removed due to having more than 100.0% missing genotypes
2014-01-27 15:45:18,447: DEBUG: In 'ST7L', 14 out of 90 samples will be removed due to having more than 100.0% missing genotypes
2014-01-27 15:45:18,448: DEBUG: In 'ST7L', 1 out of 3 loci will be removed due to having no minor allele or having more than 100.0% missing genotypes
2014-01-27 15:45:18,508: DEBUG: In 'STBD1', 1 out of 90 samples will be removed due to having more than 100.0% missing genotypes
2014-01-27 15:45:18,605: DEBUG: In 'STK10', 11 out of 90 samples will be removed due to having more than 100.0% missing genotypes
2014-01-27 15:45:18,608: DEBUG: In 'STOM', 1 out of 90 samples will be removed due to having more than 100.0% missing genotypes
2014-01-27 15:45:18,668: DEBUG: In 'SULF2', 22 out of 90 samples will be removed due to having more than 100.0% missing genotypes
2014-01-27 15:45:18,678: DEBUG: In 'STXBP4', 11 out of 90 samples will be removed due to having more than 100.0% missing genotypes
2014-01-27 15:45:18,811: DEBUG: In 'SULT1A1', 63 out of 90 samples will be removed due to having more than 100.0% missing genotypes
2014-01-27 15:45:18,812: DEBUG: In 'SULT1A1', 1 out of 1 loci will be removed due to having no minor allele or having more than 100.0% missing genotypes
2014-01-27 15:45:18,812: DEBUG: An ERROR has occurred in process 3 while processing 'SULT1A1': No variant found in genotype data for 'SULT1A1'.
2014-01-27 15:45:18,849: DEBUG: In 'SYCP3', 23 out of 90 samples will be removed due to having more than 100.0% missing genotypes
2014-01-27 15:45:18,856: DEBUG: In 'SUN3', 2 out of 90 samples will be removed due to having more than 100.0% missing genotypes
2014-01-27 15:45:18,876: DEBUG: In 'SYNGR1', 25 out of 90 samples will be removed due to having more than 100.0% missing genotypes
2014-01-27 15:45:18,953: DEBUG: In 'SYTL2', 1 out of 90 samples will be removed due to having more than 100.0% missing genotypes
2014-01-27 15:45:19,037: DEBUG: In 'TACC2', 1 out of 90 samples will be removed due to having more than 100.0% missing genotypes
2014-01-27 15:45:19,044: DEBUG: In 'TAS2R19', 26 out of 90 samples will be removed due to having more than 100.0% missing genotypes
2014-01-27 15:45:19,090: DEBUG: In 'TFB1M', 6 out of 90 samples will be removed due to having more than 100.0% missing genotypes
2014-01-27 15:45:19,236: DEBUG: In 'TGM5', 6 out of 90 samples will be removed due to having more than 100.0% missing genotypes
2014-01-27 15:45:19,278: DEBUG: In 'TG', 1 out of 5 loci will be removed due to having no minor allele or having more than 100.0% missing genotypes
2014-01-27 15:45:19,397: DEBUG: In 'TIA1', 1 out of 90 samples will be removed due to having more than 100.0% missing genotypes
2014-01-27 15:45:19,416: DEBUG: In 'TIAF1', 5 out of 90 samples will be removed due to having more than 100.0% missing genotypes
2014-01-27 15:45:19,485: DEBUG: In 'TIMM50', 49 out of 90 samples will be removed due to having more than 100.0% missing genotypes
2014-01-27 15:45:19,512: DEBUG: In 'TKTL2', 3 out of 90 samples will be removed due to having more than 100.0% missing genotypes
2014-01-27 15:45:19,486: DEBUG: In 'TIMM50', 1 out of 1 loci will be removed due to having no minor allele or having more than 100.0% missing genotypes
2014-01-27 15:45:19,514: DEBUG: An ERROR has occurred in process 0 while processing 'TIMM50': No variant found in genotype data for 'TIMM50'.
2014-01-27 15:45:19,526: DEBUG: In 'TIAM2', 1 out of 90 samples will be removed due to having more than 100.0% missing genotypes
2014-01-27 15:45:19,548: DEBUG: In 'TMC4', 22 out of 90 samples will be removed due to having more than 100.0% missing genotypes
2014-01-27 15:45:19,693: DEBUG: In 'TMCC1', 1 out of 90 samples will be removed due to having more than 100.0% missing genotypes
2014-01-27 15:45:19,693: DEBUG: In 'TMCC1', 1 out of 2 loci will be removed due to having no minor allele or having more than 100.0% missing genotypes
2014-01-27 15:45:19,720: DEBUG: In 'TMEM106C', 1 out of 90 samples will be removed due to having more than 100.0% missing genotypes
2014-01-27 15:45:19,744: DEBUG: In 'TMEM177', 15 out of 90 samples will be removed due to having more than 100.0% missing genotypes
2014-01-27 15:45:19,836: DEBUG: In 'TMEM225', 12 out of 90 samples will be removed due to having more than 100.0% missing genotypes
2014-01-27 15:45:19,837: DEBUG: In 'TMEM225', 1 out of 2 loci will be removed due to having no minor allele or having more than 100.0% missing genotypes
2014-01-27 15:45:19,841: DEBUG: In 'TMEM50B', 5 out of 90 samples will be removed due to having more than 100.0% missing genotypes
2014-01-27 15:45:19,960: DEBUG: In 'TMEM67', 5 out of 90 samples will be removed due to having more than 100.0% missing genotypes
2014-01-27 15:45:19,978: DEBUG: In 'TRAFD1', 1 out of 90 samples will be removed due to having more than 100.0% missing genotypes
2014-01-27 15:45:20,121: DEBUG: In 'TRAPPC2L', 15 out of 90 samples will be removed due to having more than 100.0% missing genotypes
2014-01-27 15:45:20,148: DEBUG: In 'TRIM3', 1 out of 90 samples will be removed due to having more than 100.0% missing genotypes
2014-01-27 15:45:20,153: DEBUG: In 'TRIM33', 1 out of 90 samples will be removed due to having more than 100.0% missing genotypes
2014-01-27 15:45:20,269: DEBUG: In 'TRMT5', 1 out of 3 loci will be removed due to having no minor allele or having more than 100.0% missing genotypes
2014-01-27 15:45:20,262: DEBUG: In 'TRIM42', 1 out of 2 loci will be removed due to having no minor allele or having more than 100.0% missing genotypes
2014-01-27 15:45:20,384: DEBUG: In 'TRPV3', 3 out of 90 samples will be removed due to having more than 100.0% missing genotypes
2014-01-27 15:45:20,385: DEBUG: In 'TRPV3', 1 out of 3 loci will be removed due to having no minor allele or having more than 100.0% missing genotypes
2014-01-27 15:45:20,401: DEBUG: In 'TTC26', 7 out of 90 samples will be removed due to having more than 100.0% missing genotypes
2014-01-27 15:45:20,401: DEBUG: In 'TTC26', 1 out of 2 loci will be removed due to having no minor allele or having more than 100.0% missing genotypes
2014-01-27 15:45:20,404: DEBUG: In 'TRPV4', 14 out of 90 samples will be removed due to having more than 100.0% missing genotypes
2014-01-27 15:45:20,536: DEBUG: In 'TTLL10', 32 out of 90 samples will be removed due to having more than 100.0% missing genotypes
2014-01-27 15:45:20,536: DEBUG: In 'TTLL10', 1 out of 1 loci will be removed due to having no minor allele or having more than 100.0% missing genotypes
2014-01-27 15:45:20,536: DEBUG: An ERROR has occurred in process 7 while processing 'TTLL10': No variant found in genotype data for 'TTLL10'.
2014-01-27 15:45:20,578: DEBUG: In 'TTLL13', 1 out of 90 samples will be removed due to having more than 100.0% missing genotypes
2014-01-27 15:45:20,600: DEBUG: In 'TTLL11', 10 out of 90 samples will be removed due to having more than 100.0% missing genotypes
2014-01-27 15:45:20,708: DEBUG: In 'UAP1', 9 out of 90 samples will be removed due to having more than 100.0% missing genotypes
2014-01-27 15:45:20,713: DEBUG: In 'UBOX5', 1 out of 3 loci will be removed due to having no minor allele or having more than 100.0% missing genotypes
2014-01-27 15:45:20,809: DEBUG: In 'UGT1A10', 11 out of 90 samples will be removed due to having more than 100.0% missing genotypes
2014-01-27 15:45:20,812: DEBUG: In 'UGT1A3', 11 out of 90 samples will be removed due to having more than 100.0% missing genotypes
2014-01-27 15:45:20,828: DEBUG: In 'UGT1A1', 11 out of 90 samples will be removed due to having more than 100.0% missing genotypes
2014-01-27 15:45:21,012: DEBUG: In 'UGT1A4', 11 out of 90 samples will be removed due to having more than 100.0% missing genotypes
2014-01-27 15:45:21,024: DEBUG: In 'UGT1A5', 11 out of 90 samples will be removed due to having more than 100.0% missing genotypes
2014-01-27 15:45:21,070: DEBUG: In 'UGT1A6', 11 out of 90 samples will be removed due to having more than 100.0% missing genotypes
2014-01-27 15:45:21,127: DEBUG: In 'UGT1A7', 11 out of 90 samples will be removed due to having more than 100.0% missing genotypes
2014-01-27 15:45:21,179: DEBUG: In 'UGT1A8', 11 out of 90 samples will be removed due to having more than 100.0% missing genotypes
2014-01-27 15:45:21,216: DEBUG: In 'UGT1A9', 11 out of 90 samples will be removed due to having more than 100.0% missing genotypes
2014-01-27 15:45:21,221: DEBUG: In 'UNC50', 11 out of 90 samples will be removed due to having more than 100.0% missing genotypes
2014-01-27 15:45:21,428: DEBUG: In 'URB2', 2 out of 90 samples will be removed due to having more than 100.0% missing genotypes
2014-01-27 15:45:21,437: DEBUG: In 'USP31', 2 out of 90 samples will be removed due to having more than 100.0% missing genotypes
2014-01-27 15:45:21,473: DEBUG: In 'UTRN', 1 out of 90 samples will be removed due to having more than 100.0% missing genotypes
2014-01-27 15:45:21,536: DEBUG: In 'VAMP3', 14 out of 90 samples will be removed due to having more than 100.0% missing genotypes
2014-01-27 15:45:21,577: DEBUG: In 'VLDLR', 1 out of 90 samples will be removed due to having more than 100.0% missing genotypes
2014-01-27 15:45:21,617: DEBUG: In 'VNN3', 3 out of 90 samples will be removed due to having more than 100.0% missing genotypes
2014-01-27 15:45:21,636: DEBUG: In 'VPS13C', 4 out of 90 samples will be removed due to having more than 100.0% missing genotypes
2014-01-27 15:45:21,672: DEBUG: In 'VSIG2', 14 out of 90 samples will be removed due to having more than 100.0% missing genotypes
2014-01-27 15:45:21,859: DEBUG: In 'WFDC3', 2 out of 90 samples will be removed due to having more than 100.0% missing genotypes
2014-01-27 15:45:21,864: DEBUG: In 'WNT16', 2 out of 90 samples will be removed due to having more than 100.0% missing genotypes
2014-01-27 15:45:21,924: DEBUG: In 'WRAP73', 9 out of 90 samples will be removed due to having more than 100.0% missing genotypes
2014-01-27 15:45:21,940: DEBUG: In 'ZBTB7C', 3 out of 90 samples will be removed due to having more than 100.0% missing genotypes
2014-01-27 15:45:22,030: DEBUG: In 'ZC3H18', 15 out of 90 samples will be removed due to having more than 100.0% missing genotypes
2014-01-27 15:45:22,052: DEBUG: In 'ZDHHC6', 3 out of 90 samples will be removed due to having more than 100.0% missing genotypes
2014-01-27 15:45:22,077: DEBUG: In 'ZKSCAN5', 18 out of 90 samples will be removed due to having more than 100.0% missing genotypes
2014-01-27 15:45:22,080: DEBUG: In 'ZFP2', 12 out of 90 samples will be removed due to having more than 100.0% missing genotypes
2014-01-27 15:45:22,300: DEBUG: In 'ZNF282', 3 out of 90 samples will be removed due to having more than 100.0% missing genotypes
2014-01-27 15:45:22,345: DEBUG: In 'ZNF329', 1 out of 90 samples will be removed due to having more than 100.0% missing genotypes
2014-01-27 15:45:22,392: DEBUG: In 'ZNF474', 2 out of 90 samples will be removed due to having more than 100.0% missing genotypes
2014-01-27 15:45:22,412: DEBUG: In 'ZNF493', 36 out of 90 samples will be removed due to having more than 100.0% missing genotypes
2014-01-27 15:45:22,412: DEBUG: In 'ZNF493', 1 out of 2 loci will be removed due to having no minor allele or having more than 100.0% missing genotypes
2014-01-27 15:45:22,465: DEBUG: In 'ZNF521', 1 out of 90 samples will be removed due to having more than 100.0% missing genotypes
2014-01-27 15:45:22,488: DEBUG: In 'ZNF540', 19 out of 90 samples will be removed due to having more than 100.0% missing genotypes
2014-01-27 15:45:22,489: DEBUG: In 'ZNF540', 1 out of 2 loci will be removed due to having no minor allele or having more than 100.0% missing genotypes
2014-01-27 15:45:22,496: DEBUG: In 'ZNF571', 19 out of 90 samples will be removed due to having more than 100.0% missing genotypes
2014-01-27 15:45:22,497: DEBUG: In 'ZNF571', 1 out of 2 loci will be removed due to having no minor allele or having more than 100.0% missing genotypes
2014-01-27 15:45:22,732: DEBUG: In 'ZNF616', 5 out of 90 samples will be removed due to having more than 100.0% missing genotypes
2014-01-27 15:45:22,739: DEBUG: In 'ZNF642', 10 out of 90 samples will be removed due to having more than 100.0% missing genotypes
2014-01-27 15:45:22,756: DEBUG: In 'ZPBP2', 8 out of 90 samples will be removed due to having more than 100.0% missing genotypes
2014-01-27 15:45:22,796: DEBUG: In 'ZSWIM1', 8 out of 90 samples will be removed due to having more than 100.0% missing genotypes
2014-01-27 15:45:23,388: INFO: Association tests on 432 groups have completed. 25 failed.
2014-01-27 15:45:23,389: DEBUG: Loading annotation database EA_RV
2014-01-27 15:45:23,395: DEBUG: CREATE INDEX IF NOT EXISTS refGene.refGene_name2 ON refGene (name2 ASC);
2014-01-27 15:45:23,396: INFO: Using annotation DB EA_RV as EA_RV in project ceu.
2014-01-27 15:45:23,397: INFO: Annotation database used to record results of association tests. Created on Mon, 27 Jan 2014 20:41:45
2014-01-27 15:45:24,005: INFO: 432 out of 23269 refGene.refGene.name2 are annotated through annotation database EA_RV
2014-01-27 15:45:24,027: DEBUG: The first 100 values not annotated are: PPP3CB, AMZ2P1, ARFGEF2, CCDC34, S100A8, KCNJ13, LOC100506660, KIAA0753, SEC31A, HEY1, ATG4B, CDK15, FAM25A, MLLT10P1, ATXN1, C9orf25, PCDHGB8P, TEKT4P2, SERGEF, LOC100130700, GMPPB, SFTPD, LOC100288077, MIR1301, LMO1, LRRC28, MIR4257, PFKFB2, SYT5, METTL9, RSPH6A, MS4A8B, FRK, SNW1, MIR3917, MYH4, SEMG2, KRT6A, FFAR3, RPS14, DDX47, HEXIM2, LOC728537, PHKG1, NR4A1, BRPF1, NXT1, DUSP11, PECR, CDKL5, SETD7, FLJ35282, STAM2, RPS6KC1, CD72, WDR85, LOC728431, TAAR6, TAF7L, PLK2, NANOGNB, GMIP, ATF2, PDRG1, KIAA1407, LOC100507194, MYH10, LEPRE1, FAM123B, KRTAP4-1, MIR548Q, SMPD4, IL22RA2, SMAD5, BCL2L11, KCNQ4, SPRED1, C12orf34, GRPEL1, RANBP17, GRID1, UBE2L6, C20orf43, IGFALS, GUCA2B, CRAT, CHAC1, PIGW, PAAF1, KLF16, RNF44, PPP1R2, RXRA, ATP2B3, ATP6V1G2, CCL2, C9orf142, C1orf114, OR2A14, NGFR
2014-01-27 15:47:12,111: DEBUG: 
2014-01-27 15:47:12,111: DEBUG: vtools select 'rare_ceu' "refGene.name2='ABCC6'" -o chr pos ref alt 'CEU_afGD10' 'mut_type'
2014-01-27 15:47:12,112: DEBUG: Using temporary directory /tmp/tmpOFIcPA
2014-01-27 15:47:12,112: DEBUG: Opening project ceu.proj
2014-01-27 15:47:12,116: DEBUG: Loading annotation database refGene.DB as refGene
2014-01-27 15:47:12,118: DEBUG: Loading annotation database EA_CV as EA_CV
2014-01-27 15:47:12,122: DEBUG: Loading annotation database EA_RV as EA_RV
2014-01-27 15:47:12,125: DEBUG: CREATE INDEX IF NOT EXISTS refGene.refGene_refGene_name2 ON refGene (name2 ASC);
2014-01-27 15:47:12,252: DEBUG: Running query SELECT variant.chr ,variant.pos ,variant.ref ,variant.alt ,variant.CEU_afGD10 ,variant.mut_type  FROM rare_ceu  LEFT OUTER JOIN variant ON rare_ceu.variant_id = variant.variant_id WHERE (rare_ceu.variant_id  IN (SELECT DISTINCT rare_ceu.variant_id FROM rare_ceu  LEFT OUTER JOIN variant ON rare_ceu.variant_id = variant.variant_id LEFT OUTER JOIN refGene.__rng_refgene_hg19_chr_txStart_txEnd ON variant.alt_bin = refGene.__rng_refgene_hg19_chr_txStart_txEnd.bin AND variant.alt_chr = refGene.__rng_refgene_hg19_chr_txStart_txEnd.chr AND variant.alt_pos >= refGene.__rng_refgene_hg19_chr_txStart_txEnd.start AND variant.alt_pos <= refGene.__rng_refgene_hg19_chr_txStart_txEnd.end  LEFT OUTER JOIN refGene.refGene ON refGene.refGene.rowid = refGene.__rng_refgene_hg19_chr_txStart_txEnd.range_id  WHERE ((refGene.refGene.name2 ='ABCC6'))))   ;
