2014-01-27 16:07:11,134: DEBUG: 
====================================================================================================
spower 'LOGIT' 'Kryukov2009European1800.sfs' --sample_size 1000 --OR_rare_deleterious 1.5 --method 'CFisher' -r 1000 - 'j' 4 -l 1 -o 'exercise'
====================================================================================================
2014-01-27 16:07:11,134: INFO: Loading data from [Kryukov2009European1800.sfs] ...
2014-01-27 16:07:11,291: INFO: 200 units found
2014-01-27 16:07:11,292: INFO: 1 units will be analyzed
2014-01-27 16:08:16,446: DEBUG: 
====================================================================================================
spower 'LOGIT' 'Kryukov2009European1800.sfs' --sample_size 1000 --OR_rare_deleterious 1.5 --method 'CFisher' -r 1000 -j 4 -l 1 -o 'exercise'
====================================================================================================
2014-01-27 16:08:16,446: INFO: Loading data from [Kryukov2009European1800.sfs] ...
2014-01-27 16:08:16,581: INFO: 200 units found
2014-01-27 16:08:16,581: INFO: 1 units will be analyzed
2014-01-27 16:08:19,444: DEBUG: In 'R1', 365 out of 383 loci will be removed due to having no minor allele or having more than 100.0% missing genotypes
2014-01-27 16:08:19,453: DEBUG: In 'R1', 366 out of 383 loci will be removed due to having no minor allele or having more than 100.0% missing genotypes
2014-01-27 16:08:19,442: DEBUG: In 'R1', 366 out of 383 loci will be removed due to having no minor allele or having more than 100.0% missing genotypes
2014-01-27 16:08:19,461: DEBUG: In 'R1', 370 out of 383 loci will be removed due to having no minor allele or having more than 100.0% missing genotypes
2014-01-27 16:08:22,240: DEBUG: In 'R1', 366 out of 383 loci will be removed due to having no minor allele or having more than 100.0% missing genotypes
2014-01-27 16:08:22,243: DEBUG: In 'R1', 359 out of 383 loci will be removed due to having no minor allele or having more than 100.0% missing genotypes
2014-01-27 16:08:22,247: DEBUG: In 'R1', 364 out of 383 loci will be removed due to having no minor allele or having more than 100.0% missing genotypes
2014-01-27 16:08:22,253: DEBUG: In 'R1', 364 out of 383 loci will be removed due to having no minor allele or having more than 100.0% missing genotypes
2014-01-27 16:08:25,028: DEBUG: In 'R1', 364 out of 383 loci will be removed due to having no minor allele or having more than 100.0% missing genotypes
2014-01-27 16:08:25,038: DEBUG: In 'R1', 363 out of 383 loci will be removed due to having no minor allele or having more than 100.0% missing genotypes
2014-01-27 16:08:25,044: DEBUG: In 'R1', 370 out of 383 loci will be removed due to having no minor allele or having more than 100.0% missing genotypes
2014-01-27 16:08:25,049: DEBUG: In 'R1', 360 out of 383 loci will be removed due to having no minor allele or having more than 100.0% missing genotypes
2014-01-27 16:08:27,788: DEBUG: In 'R1', 365 out of 383 loci will be removed due to having no minor allele or having more than 100.0% missing genotypes
2014-01-27 16:08:27,808: DEBUG: In 'R1', 363 out of 383 loci will be removed due to having no minor allele or having more than 100.0% missing genotypes
2014-01-27 16:08:27,813: DEBUG: In 'R1', 363 out of 383 loci will be removed due to having no minor allele or having more than 100.0% missing genotypes
2014-01-27 16:08:27,828: DEBUG: In 'R1', 363 out of 383 loci will be removed due to having no minor allele or having more than 100.0% missing genotypes
2014-01-27 16:08:30,569: DEBUG: In 'R1', 365 out of 383 loci will be removed due to having no minor allele or having more than 100.0% missing genotypes
2014-01-27 16:08:30,592: DEBUG: In 'R1', 368 out of 383 loci will be removed due to having no minor allele or having more than 100.0% missing genotypes
2014-01-27 16:08:30,605: DEBUG: In 'R1', 367 out of 383 loci will be removed due to having no minor allele or having more than 100.0% missing genotypes
2014-01-27 16:08:30,616: DEBUG: In 'R1', 361 out of 383 loci will be removed due to having no minor allele or having more than 100.0% missing genotypes
2014-01-27 16:08:33,366: DEBUG: In 'R1', 366 out of 383 loci will be removed due to having no minor allele or having more than 100.0% missing genotypes
2014-01-27 16:08:33,379: DEBUG: In 'R1', 367 out of 383 loci will be removed due to having no minor allele or having more than 100.0% missing genotypes
2014-01-27 16:08:33,387: DEBUG: In 'R1', 362 out of 383 loci will be removed due to having no minor allele or having more than 100.0% missing genotypes
2014-01-27 16:08:33,441: DEBUG: In 'R1', 365 out of 383 loci will be removed due to having no minor allele or having more than 100.0% missing genotypes
2014-01-27 16:08:36,165: DEBUG: In 'R1', 362 out of 383 loci will be removed due to having no minor allele or having more than 100.0% missing genotypes
2014-01-27 16:08:36,182: DEBUG: In 'R1', 365 out of 383 loci will be removed due to having no minor allele or having more than 100.0% missing genotypes
2014-01-27 16:08:36,191: DEBUG: In 'R1', 368 out of 383 loci will be removed due to having no minor allele or having more than 100.0% missing genotypes
2014-01-27 16:08:36,277: DEBUG: In 'R1', 363 out of 383 loci will be removed due to having no minor allele or having more than 100.0% missing genotypes
2014-01-27 16:08:39,044: DEBUG: In 'R1', 368 out of 383 loci will be removed due to having no minor allele or having more than 100.0% missing genotypes
2014-01-27 16:08:39,062: DEBUG: In 'R1', 364 out of 383 loci will be removed due to having no minor allele or having more than 100.0% missing genotypes
2014-01-27 16:08:39,095: DEBUG: In 'R1', 362 out of 383 loci will be removed due to having no minor allele or having more than 100.0% missing genotypes
2014-01-27 16:08:39,242: DEBUG: In 'R1', 366 out of 383 loci will be removed due to having no minor allele or having more than 100.0% missing genotypes
2014-01-27 16:08:41,901: DEBUG: In 'R1', 363 out of 383 loci will be removed due to having no minor allele or having more than 100.0% missing genotypes
2014-01-27 16:08:41,932: DEBUG: In 'R1', 365 out of 383 loci will be removed due to having no minor allele or having more than 100.0% missing genotypes
2014-01-27 16:08:41,959: DEBUG: In 'R1', 361 out of 383 loci will be removed due to having no minor allele or having more than 100.0% missing genotypes
2014-01-27 16:08:42,092: DEBUG: In 'R1', 365 out of 383 loci will be removed due to having no minor allele or having more than 100.0% missing genotypes
2014-01-27 16:08:44,688: DEBUG: In 'R1', 363 out of 383 loci will be removed due to having no minor allele or having more than 100.0% missing genotypes
2014-01-27 16:08:44,707: DEBUG: In 'R1', 368 out of 383 loci will be removed due to having no minor allele or having more than 100.0% missing genotypes
2014-01-27 16:08:44,748: DEBUG: In 'R1', 353 out of 383 loci will be removed due to having no minor allele or having more than 100.0% missing genotypes
2014-01-27 16:08:44,881: DEBUG: In 'R1', 360 out of 383 loci will be removed due to having no minor allele or having more than 100.0% missing genotypes
2014-01-27 16:08:47,481: DEBUG: In 'R1', 365 out of 383 loci will be removed due to having no minor allele or having more than 100.0% missing genotypes
2014-01-27 16:08:47,505: DEBUG: In 'R1', 361 out of 383 loci will be removed due to having no minor allele or having more than 100.0% missing genotypes
2014-01-27 16:08:47,584: DEBUG: In 'R1', 364 out of 383 loci will be removed due to having no minor allele or having more than 100.0% missing genotypes
2014-01-27 16:08:47,702: DEBUG: In 'R1', 365 out of 383 loci will be removed due to having no minor allele or having more than 100.0% missing genotypes
2014-01-27 16:08:50,303: DEBUG: In 'R1', 356 out of 383 loci will be removed due to having no minor allele or having more than 100.0% missing genotypes
2014-01-27 16:08:50,313: DEBUG: In 'R1', 367 out of 383 loci will be removed due to having no minor allele or having more than 100.0% missing genotypes
2014-01-27 16:08:50,395: DEBUG: In 'R1', 371 out of 383 loci will be removed due to having no minor allele or having more than 100.0% missing genotypes
2014-01-27 16:08:50,513: DEBUG: In 'R1', 366 out of 383 loci will be removed due to having no minor allele or having more than 100.0% missing genotypes
2014-01-27 16:08:53,100: DEBUG: In 'R1', 363 out of 383 loci will be removed due to having no minor allele or having more than 100.0% missing genotypes
2014-01-27 16:08:53,114: DEBUG: In 'R1', 363 out of 383 loci will be removed due to having no minor allele or having more than 100.0% missing genotypes
2014-01-27 16:08:53,198: DEBUG: In 'R1', 362 out of 383 loci will be removed due to having no minor allele or having more than 100.0% missing genotypes
2014-01-27 16:08:53,327: DEBUG: In 'R1', 371 out of 383 loci will be removed due to having no minor allele or having more than 100.0% missing genotypes
2014-01-27 16:08:55,909: DEBUG: In 'R1', 366 out of 383 loci will be removed due to having no minor allele or having more than 100.0% missing genotypes
2014-01-27 16:08:55,921: DEBUG: In 'R1', 363 out of 383 loci will be removed due to having no minor allele or having more than 100.0% missing genotypes
2014-01-27 16:08:56,019: DEBUG: In 'R1', 362 out of 383 loci will be removed due to having no minor allele or having more than 100.0% missing genotypes
2014-01-27 16:08:56,160: DEBUG: In 'R1', 359 out of 383 loci will be removed due to having no minor allele or having more than 100.0% missing genotypes
2014-01-27 16:08:58,720: DEBUG: In 'R1', 370 out of 383 loci will be removed due to having no minor allele or having more than 100.0% missing genotypes
2014-01-27 16:08:58,740: DEBUG: In 'R1', 362 out of 383 loci will be removed due to having no minor allele or having more than 100.0% missing genotypes
2014-01-27 16:08:58,838: DEBUG: In 'R1', 362 out of 383 loci will be removed due to having no minor allele or having more than 100.0% missing genotypes
2014-01-27 16:08:58,997: DEBUG: In 'R1', 364 out of 383 loci will be removed due to having no minor allele or having more than 100.0% missing genotypes
2014-01-27 16:09:01,509: DEBUG: In 'R1', 368 out of 383 loci will be removed due to having no minor allele or having more than 100.0% missing genotypes
2014-01-27 16:09:01,536: DEBUG: In 'R1', 361 out of 383 loci will be removed due to having no minor allele or having more than 100.0% missing genotypes
2014-01-27 16:09:01,629: DEBUG: In 'R1', 364 out of 383 loci will be removed due to having no minor allele or having more than 100.0% missing genotypes
2014-01-27 16:09:01,804: DEBUG: In 'R1', 365 out of 383 loci will be removed due to having no minor allele or having more than 100.0% missing genotypes
2014-01-27 16:09:04,333: DEBUG: In 'R1', 366 out of 383 loci will be removed due to having no minor allele or having more than 100.0% missing genotypes
2014-01-27 16:09:04,372: DEBUG: In 'R1', 360 out of 383 loci will be removed due to having no minor allele or having more than 100.0% missing genotypes
2014-01-27 16:09:04,459: DEBUG: In 'R1', 364 out of 383 loci will be removed due to having no minor allele or having more than 100.0% missing genotypes
2014-01-27 16:09:04,625: DEBUG: In 'R1', 364 out of 383 loci will be removed due to having no minor allele or having more than 100.0% missing genotypes
2014-01-27 16:09:07,142: DEBUG: In 'R1', 366 out of 383 loci will be removed due to having no minor allele or having more than 100.0% missing genotypes
2014-01-27 16:09:07,174: DEBUG: In 'R1', 359 out of 383 loci will be removed due to having no minor allele or having more than 100.0% missing genotypes
2014-01-27 16:09:07,257: DEBUG: In 'R1', 363 out of 383 loci will be removed due to having no minor allele or having more than 100.0% missing genotypes
2014-01-27 16:09:07,448: DEBUG: In 'R1', 366 out of 383 loci will be removed due to having no minor allele or having more than 100.0% missing genotypes
2014-01-27 16:09:09,967: DEBUG: In 'R1', 356 out of 383 loci will be removed due to having no minor allele or having more than 100.0% missing genotypes
2014-01-27 16:09:10,010: DEBUG: In 'R1', 367 out of 383 loci will be removed due to having no minor allele or having more than 100.0% missing genotypes
2014-01-27 16:09:10,099: DEBUG: In 'R1', 365 out of 383 loci will be removed due to having no minor allele or having more than 100.0% missing genotypes
2014-01-27 16:09:10,273: DEBUG: In 'R1', 365 out of 383 loci will be removed due to having no minor allele or having more than 100.0% missing genotypes
2014-01-27 16:09:12,829: DEBUG: In 'R1', 366 out of 383 loci will be removed due to having no minor allele or having more than 100.0% missing genotypes
2014-01-27 16:09:12,871: DEBUG: In 'R1', 371 out of 383 loci will be removed due to having no minor allele or having more than 100.0% missing genotypes
2014-01-27 16:09:12,959: DEBUG: In 'R1', 363 out of 383 loci will be removed due to having no minor allele or having more than 100.0% missing genotypes
2014-01-27 16:09:13,134: DEBUG: In 'R1', 360 out of 383 loci will be removed due to having no minor allele or having more than 100.0% missing genotypes
2014-01-27 16:09:15,612: DEBUG: In 'R1', 363 out of 383 loci will be removed due to having no minor allele or having more than 100.0% missing genotypes
2014-01-27 16:09:15,654: DEBUG: In 'R1', 362 out of 383 loci will be removed due to having no minor allele or having more than 100.0% missing genotypes
2014-01-27 16:09:15,748: DEBUG: In 'R1', 368 out of 383 loci will be removed due to having no minor allele or having more than 100.0% missing genotypes
2014-01-27 16:09:15,931: DEBUG: In 'R1', 363 out of 383 loci will be removed due to having no minor allele or having more than 100.0% missing genotypes
2014-01-27 16:09:18,445: DEBUG: In 'R1', 368 out of 383 loci will be removed due to having no minor allele or having more than 100.0% missing genotypes
2014-01-27 16:09:18,469: DEBUG: In 'R1', 362 out of 383 loci will be removed due to having no minor allele or having more than 100.0% missing genotypes
2014-01-27 16:09:18,563: DEBUG: In 'R1', 368 out of 383 loci will be removed due to having no minor allele or having more than 100.0% missing genotypes
2014-01-27 16:09:18,762: DEBUG: In 'R1', 365 out of 383 loci will be removed due to having no minor allele or having more than 100.0% missing genotypes
2014-01-27 16:09:21,271: DEBUG: In 'R1', 368 out of 383 loci will be removed due to having no minor allele or having more than 100.0% missing genotypes
2014-01-27 16:09:21,303: DEBUG: In 'R1', 366 out of 383 loci will be removed due to having no minor allele or having more than 100.0% missing genotypes
2014-01-27 16:09:21,387: DEBUG: In 'R1', 359 out of 383 loci will be removed due to having no minor allele or having more than 100.0% missing genotypes
2014-01-27 16:09:21,570: DEBUG: In 'R1', 363 out of 383 loci will be removed due to having no minor allele or having more than 100.0% missing genotypes
2014-01-27 16:09:24,084: DEBUG: In 'R1', 365 out of 383 loci will be removed due to having no minor allele or having more than 100.0% missing genotypes
2014-01-27 16:09:24,109: DEBUG: In 'R1', 364 out of 383 loci will be removed due to having no minor allele or having more than 100.0% missing genotypes
2014-01-27 16:09:24,226: DEBUG: In 'R1', 356 out of 383 loci will be removed due to having no minor allele or having more than 100.0% missing genotypes
2014-01-27 16:09:24,407: DEBUG: In 'R1', 360 out of 383 loci will be removed due to having no minor allele or having more than 100.0% missing genotypes
2014-01-27 16:09:26,900: DEBUG: In 'R1', 365 out of 383 loci will be removed due to having no minor allele or having more than 100.0% missing genotypes
2014-01-27 16:09:26,926: DEBUG: In 'R1', 358 out of 383 loci will be removed due to having no minor allele or having more than 100.0% missing genotypes
2014-01-27 16:09:27,037: DEBUG: In 'R1', 360 out of 383 loci will be removed due to having no minor allele or having more than 100.0% missing genotypes
2014-01-27 16:09:27,217: DEBUG: In 'R1', 364 out of 383 loci will be removed due to having no minor allele or having more than 100.0% missing genotypes
2014-01-27 16:09:29,702: DEBUG: In 'R1', 354 out of 383 loci will be removed due to having no minor allele or having more than 100.0% missing genotypes
2014-01-27 16:09:29,739: DEBUG: In 'R1', 366 out of 383 loci will be removed due to having no minor allele or having more than 100.0% missing genotypes
2014-01-27 16:09:29,858: DEBUG: In 'R1', 367 out of 383 loci will be removed due to having no minor allele or having more than 100.0% missing genotypes
2014-01-27 16:09:30,027: DEBUG: In 'R1', 369 out of 383 loci will be removed due to having no minor allele or having more than 100.0% missing genotypes
2014-01-27 16:09:32,500: DEBUG: In 'R1', 357 out of 383 loci will be removed due to having no minor allele or having more than 100.0% missing genotypes
2014-01-27 16:09:32,529: DEBUG: In 'R1', 361 out of 383 loci will be removed due to having no minor allele or having more than 100.0% missing genotypes
2014-01-27 16:09:32,640: DEBUG: In 'R1', 366 out of 383 loci will be removed due to having no minor allele or having more than 100.0% missing genotypes
2014-01-27 16:09:32,820: DEBUG: In 'R1', 361 out of 383 loci will be removed due to having no minor allele or having more than 100.0% missing genotypes
2014-01-27 16:09:35,303: DEBUG: In 'R1', 368 out of 383 loci will be removed due to having no minor allele or having more than 100.0% missing genotypes
2014-01-27 16:09:35,309: DEBUG: In 'R1', 373 out of 383 loci will be removed due to having no minor allele or having more than 100.0% missing genotypes
2014-01-27 16:09:35,448: DEBUG: In 'R1', 363 out of 383 loci will be removed due to having no minor allele or having more than 100.0% missing genotypes
2014-01-27 16:09:35,629: DEBUG: In 'R1', 368 out of 383 loci will be removed due to having no minor allele or having more than 100.0% missing genotypes
2014-01-27 16:09:38,129: DEBUG: In 'R1', 367 out of 383 loci will be removed due to having no minor allele or having more than 100.0% missing genotypes
2014-01-27 16:09:38,157: DEBUG: In 'R1', 365 out of 383 loci will be removed due to having no minor allele or having more than 100.0% missing genotypes
2014-01-27 16:09:38,307: DEBUG: In 'R1', 357 out of 383 loci will be removed due to having no minor allele or having more than 100.0% missing genotypes
2014-01-27 16:09:38,474: DEBUG: In 'R1', 361 out of 383 loci will be removed due to having no minor allele or having more than 100.0% missing genotypes
2014-01-27 16:09:40,974: DEBUG: In 'R1', 363 out of 383 loci will be removed due to having no minor allele or having more than 100.0% missing genotypes
2014-01-27 16:09:40,985: DEBUG: In 'R1', 359 out of 383 loci will be removed due to having no minor allele or having more than 100.0% missing genotypes
2014-01-27 16:09:41,154: DEBUG: In 'R1', 361 out of 383 loci will be removed due to having no minor allele or having more than 100.0% missing genotypes
2014-01-27 16:09:41,329: DEBUG: In 'R1', 363 out of 383 loci will be removed due to having no minor allele or having more than 100.0% missing genotypes
2014-01-27 16:09:43,913: DEBUG: In 'R1', 365 out of 383 loci will be removed due to having no minor allele or having more than 100.0% missing genotypes
2014-01-27 16:09:43,956: DEBUG: In 'R1', 362 out of 383 loci will be removed due to having no minor allele or having more than 100.0% missing genotypes
2014-01-27 16:09:44,136: DEBUG: In 'R1', 367 out of 383 loci will be removed due to having no minor allele or having more than 100.0% missing genotypes
2014-01-27 16:09:44,323: DEBUG: In 'R1', 362 out of 383 loci will be removed due to having no minor allele or having more than 100.0% missing genotypes
2014-01-27 16:09:46,822: DEBUG: In 'R1', 367 out of 383 loci will be removed due to having no minor allele or having more than 100.0% missing genotypes
2014-01-27 16:09:46,865: DEBUG: In 'R1', 368 out of 383 loci will be removed due to having no minor allele or having more than 100.0% missing genotypes
2014-01-27 16:09:47,049: DEBUG: In 'R1', 365 out of 383 loci will be removed due to having no minor allele or having more than 100.0% missing genotypes
2014-01-27 16:09:47,228: DEBUG: In 'R1', 360 out of 383 loci will be removed due to having no minor allele or having more than 100.0% missing genotypes
2014-01-27 16:09:49,720: DEBUG: In 'R1', 362 out of 383 loci will be removed due to having no minor allele or having more than 100.0% missing genotypes
2014-01-27 16:09:49,763: DEBUG: In 'R1', 367 out of 383 loci will be removed due to having no minor allele or having more than 100.0% missing genotypes
2014-01-27 16:09:49,967: DEBUG: In 'R1', 363 out of 383 loci will be removed due to having no minor allele or having more than 100.0% missing genotypes
2014-01-27 16:09:50,139: DEBUG: In 'R1', 362 out of 383 loci will be removed due to having no minor allele or having more than 100.0% missing genotypes
2014-01-27 16:09:52,624: DEBUG: In 'R1', 361 out of 383 loci will be removed due to having no minor allele or having more than 100.0% missing genotypes
2014-01-27 16:09:52,666: DEBUG: In 'R1', 364 out of 383 loci will be removed due to having no minor allele or having more than 100.0% missing genotypes
2014-01-27 16:09:52,859: DEBUG: In 'R1', 368 out of 383 loci will be removed due to having no minor allele or having more than 100.0% missing genotypes
2014-01-27 16:09:53,014: DEBUG: In 'R1', 367 out of 383 loci will be removed due to having no minor allele or having more than 100.0% missing genotypes
2014-01-27 16:09:55,471: DEBUG: In 'R1', 366 out of 383 loci will be removed due to having no minor allele or having more than 100.0% missing genotypes
2014-01-27 16:09:55,516: DEBUG: In 'R1', 363 out of 383 loci will be removed due to having no minor allele or having more than 100.0% missing genotypes
2014-01-27 16:09:55,710: DEBUG: In 'R1', 368 out of 383 loci will be removed due to having no minor allele or having more than 100.0% missing genotypes
2014-01-27 16:09:55,878: DEBUG: In 'R1', 367 out of 383 loci will be removed due to having no minor allele or having more than 100.0% missing genotypes
2014-01-27 16:09:58,292: DEBUG: In 'R1', 369 out of 383 loci will be removed due to having no minor allele or having more than 100.0% missing genotypes
2014-01-27 16:09:58,353: DEBUG: In 'R1', 364 out of 383 loci will be removed due to having no minor allele or having more than 100.0% missing genotypes
2014-01-27 16:09:58,551: DEBUG: In 'R1', 365 out of 383 loci will be removed due to having no minor allele or having more than 100.0% missing genotypes
2014-01-27 16:09:58,704: DEBUG: In 'R1', 369 out of 383 loci will be removed due to having no minor allele or having more than 100.0% missing genotypes
2014-01-27 16:10:01,107: DEBUG: In 'R1', 367 out of 383 loci will be removed due to having no minor allele or having more than 100.0% missing genotypes
2014-01-27 16:10:01,165: DEBUG: In 'R1', 357 out of 383 loci will be removed due to having no minor allele or having more than 100.0% missing genotypes
2014-01-27 16:10:01,376: DEBUG: In 'R1', 366 out of 383 loci will be removed due to having no minor allele or having more than 100.0% missing genotypes
2014-01-27 16:10:01,512: DEBUG: In 'R1', 362 out of 383 loci will be removed due to having no minor allele or having more than 100.0% missing genotypes
2014-01-27 16:10:04,002: DEBUG: In 'R1', 363 out of 383 loci will be removed due to having no minor allele or having more than 100.0% missing genotypes
2014-01-27 16:10:04,061: DEBUG: In 'R1', 366 out of 383 loci will be removed due to having no minor allele or having more than 100.0% missing genotypes
2014-01-27 16:10:04,270: DEBUG: In 'R1', 364 out of 383 loci will be removed due to having no minor allele or having more than 100.0% missing genotypes
2014-01-27 16:10:04,403: DEBUG: In 'R1', 365 out of 383 loci will be removed due to having no minor allele or having more than 100.0% missing genotypes
2014-01-27 16:10:06,824: DEBUG: In 'R1', 368 out of 383 loci will be removed due to having no minor allele or having more than 100.0% missing genotypes
2014-01-27 16:10:06,880: DEBUG: In 'R1', 365 out of 383 loci will be removed due to having no minor allele or having more than 100.0% missing genotypes
2014-01-27 16:10:07,103: DEBUG: In 'R1', 361 out of 383 loci will be removed due to having no minor allele or having more than 100.0% missing genotypes
2014-01-27 16:10:07,223: DEBUG: In 'R1', 361 out of 383 loci will be removed due to having no minor allele or having more than 100.0% missing genotypes
2014-01-27 16:10:09,625: DEBUG: In 'R1', 360 out of 383 loci will be removed due to having no minor allele or having more than 100.0% missing genotypes
2014-01-27 16:10:09,699: DEBUG: In 'R1', 370 out of 383 loci will be removed due to having no minor allele or having more than 100.0% missing genotypes
2014-01-27 16:10:09,901: DEBUG: In 'R1', 363 out of 383 loci will be removed due to having no minor allele or having more than 100.0% missing genotypes
2014-01-27 16:10:10,028: DEBUG: In 'R1', 364 out of 383 loci will be removed due to having no minor allele or having more than 100.0% missing genotypes
2014-01-27 16:10:12,451: DEBUG: In 'R1', 359 out of 383 loci will be removed due to having no minor allele or having more than 100.0% missing genotypes
2014-01-27 16:10:12,505: DEBUG: In 'R1', 361 out of 383 loci will be removed due to having no minor allele or having more than 100.0% missing genotypes
2014-01-27 16:10:12,744: DEBUG: In 'R1', 364 out of 383 loci will be removed due to having no minor allele or having more than 100.0% missing genotypes
2014-01-27 16:10:12,854: DEBUG: In 'R1', 367 out of 383 loci will be removed due to having no minor allele or having more than 100.0% missing genotypes
2014-01-27 16:10:15,338: DEBUG: In 'R1', 359 out of 383 loci will be removed due to having no minor allele or having more than 100.0% missing genotypes
2014-01-27 16:10:15,398: DEBUG: In 'R1', 359 out of 383 loci will be removed due to having no minor allele or having more than 100.0% missing genotypes
2014-01-27 16:10:15,632: DEBUG: In 'R1', 365 out of 383 loci will be removed due to having no minor allele or having more than 100.0% missing genotypes
2014-01-27 16:10:15,737: DEBUG: In 'R1', 360 out of 383 loci will be removed due to having no minor allele or having more than 100.0% missing genotypes
2014-01-27 16:10:18,130: DEBUG: In 'R1', 361 out of 383 loci will be removed due to having no minor allele or having more than 100.0% missing genotypes
2014-01-27 16:10:18,210: DEBUG: In 'R1', 362 out of 383 loci will be removed due to having no minor allele or having more than 100.0% missing genotypes
2014-01-27 16:10:18,433: DEBUG: In 'R1', 363 out of 383 loci will be removed due to having no minor allele or having more than 100.0% missing genotypes
2014-01-27 16:10:18,560: DEBUG: In 'R1', 360 out of 383 loci will be removed due to having no minor allele or having more than 100.0% missing genotypes
2014-01-27 16:10:20,991: DEBUG: In 'R1', 361 out of 383 loci will be removed due to having no minor allele or having more than 100.0% missing genotypes
2014-01-27 16:10:21,068: DEBUG: In 'R1', 359 out of 383 loci will be removed due to having no minor allele or having more than 100.0% missing genotypes
2014-01-27 16:10:21,293: DEBUG: In 'R1', 366 out of 383 loci will be removed due to having no minor allele or having more than 100.0% missing genotypes
2014-01-27 16:10:21,424: DEBUG: In 'R1', 358 out of 383 loci will be removed due to having no minor allele or having more than 100.0% missing genotypes
2014-01-27 16:10:23,850: DEBUG: In 'R1', 364 out of 383 loci will be removed due to having no minor allele or having more than 100.0% missing genotypes
2014-01-27 16:10:23,937: DEBUG: In 'R1', 360 out of 383 loci will be removed due to having no minor allele or having more than 100.0% missing genotypes
2014-01-27 16:10:24,165: DEBUG: In 'R1', 366 out of 383 loci will be removed due to having no minor allele or having more than 100.0% missing genotypes
2014-01-27 16:10:24,293: DEBUG: In 'R1', 366 out of 383 loci will be removed due to having no minor allele or having more than 100.0% missing genotypes
2014-01-27 16:10:26,722: DEBUG: In 'R1', 363 out of 383 loci will be removed due to having no minor allele or having more than 100.0% missing genotypes
2014-01-27 16:10:26,815: DEBUG: In 'R1', 366 out of 383 loci will be removed due to having no minor allele or having more than 100.0% missing genotypes
2014-01-27 16:10:27,034: DEBUG: In 'R1', 363 out of 383 loci will be removed due to having no minor allele or having more than 100.0% missing genotypes
2014-01-27 16:10:27,157: DEBUG: In 'R1', 359 out of 383 loci will be removed due to having no minor allele or having more than 100.0% missing genotypes
2014-01-27 16:10:29,526: DEBUG: In 'R1', 364 out of 383 loci will be removed due to having no minor allele or having more than 100.0% missing genotypes
2014-01-27 16:10:29,623: DEBUG: In 'R1', 361 out of 383 loci will be removed due to having no minor allele or having more than 100.0% missing genotypes
2014-01-27 16:10:29,839: DEBUG: In 'R1', 368 out of 383 loci will be removed due to having no minor allele or having more than 100.0% missing genotypes
2014-01-27 16:10:29,976: DEBUG: In 'R1', 363 out of 383 loci will be removed due to having no minor allele or having more than 100.0% missing genotypes
2014-01-27 16:10:32,335: DEBUG: In 'R1', 364 out of 383 loci will be removed due to having no minor allele or having more than 100.0% missing genotypes
2014-01-27 16:10:32,416: DEBUG: In 'R1', 366 out of 383 loci will be removed due to having no minor allele or having more than 100.0% missing genotypes
2014-01-27 16:10:32,659: DEBUG: In 'R1', 359 out of 383 loci will be removed due to having no minor allele or having more than 100.0% missing genotypes
2014-01-27 16:10:32,778: DEBUG: In 'R1', 358 out of 383 loci will be removed due to having no minor allele or having more than 100.0% missing genotypes
2014-01-27 16:10:35,163: DEBUG: In 'R1', 367 out of 383 loci will be removed due to having no minor allele or having more than 100.0% missing genotypes
2014-01-27 16:10:35,253: DEBUG: In 'R1', 359 out of 383 loci will be removed due to having no minor allele or having more than 100.0% missing genotypes
2014-01-27 16:10:35,508: DEBUG: In 'R1', 362 out of 383 loci will be removed due to having no minor allele or having more than 100.0% missing genotypes
2014-01-27 16:10:35,626: DEBUG: In 'R1', 362 out of 383 loci will be removed due to having no minor allele or having more than 100.0% missing genotypes
2014-01-27 16:10:38,012: DEBUG: In 'R1', 357 out of 383 loci will be removed due to having no minor allele or having more than 100.0% missing genotypes
2014-01-27 16:10:38,112: DEBUG: In 'R1', 359 out of 383 loci will be removed due to having no minor allele or having more than 100.0% missing genotypes
2014-01-27 16:10:38,365: DEBUG: In 'R1', 366 out of 383 loci will be removed due to having no minor allele or having more than 100.0% missing genotypes
2014-01-27 16:10:38,488: DEBUG: In 'R1', 364 out of 383 loci will be removed due to having no minor allele or having more than 100.0% missing genotypes
2014-01-27 16:10:40,857: DEBUG: In 'R1', 361 out of 383 loci will be removed due to having no minor allele or having more than 100.0% missing genotypes
2014-01-27 16:10:40,952: DEBUG: In 'R1', 363 out of 383 loci will be removed due to having no minor allele or having more than 100.0% missing genotypes
2014-01-27 16:10:41,220: DEBUG: In 'R1', 365 out of 383 loci will be removed due to having no minor allele or having more than 100.0% missing genotypes
2014-01-27 16:10:41,344: DEBUG: In 'R1', 365 out of 383 loci will be removed due to having no minor allele or having more than 100.0% missing genotypes
2014-01-27 16:10:43,695: DEBUG: In 'R1', 365 out of 383 loci will be removed due to having no minor allele or having more than 100.0% missing genotypes
2014-01-27 16:10:43,802: DEBUG: In 'R1', 362 out of 383 loci will be removed due to having no minor allele or having more than 100.0% missing genotypes
2014-01-27 16:10:44,070: DEBUG: In 'R1', 356 out of 383 loci will be removed due to having no minor allele or having more than 100.0% missing genotypes
2014-01-27 16:10:44,189: DEBUG: In 'R1', 366 out of 383 loci will be removed due to having no minor allele or having more than 100.0% missing genotypes
2014-01-27 16:10:46,674: DEBUG: In 'R1', 367 out of 383 loci will be removed due to having no minor allele or having more than 100.0% missing genotypes
2014-01-27 16:10:46,769: DEBUG: In 'R1', 359 out of 383 loci will be removed due to having no minor allele or having more than 100.0% missing genotypes
2014-01-27 16:10:47,083: DEBUG: In 'R1', 360 out of 383 loci will be removed due to having no minor allele or having more than 100.0% missing genotypes
2014-01-27 16:10:47,184: DEBUG: In 'R1', 362 out of 383 loci will be removed due to having no minor allele or having more than 100.0% missing genotypes
2014-01-27 16:10:49,465: DEBUG: In 'R1', 359 out of 383 loci will be removed due to having no minor allele or having more than 100.0% missing genotypes
2014-01-27 16:10:49,584: DEBUG: In 'R1', 360 out of 383 loci will be removed due to having no minor allele or having more than 100.0% missing genotypes
2014-01-27 16:10:49,886: DEBUG: In 'R1', 366 out of 383 loci will be removed due to having no minor allele or having more than 100.0% missing genotypes
2014-01-27 16:10:49,999: DEBUG: In 'R1', 362 out of 383 loci will be removed due to having no minor allele or having more than 100.0% missing genotypes
2014-01-27 16:10:52,314: DEBUG: In 'R1', 362 out of 383 loci will be removed due to having no minor allele or having more than 100.0% missing genotypes
2014-01-27 16:10:52,420: DEBUG: In 'R1', 358 out of 383 loci will be removed due to having no minor allele or having more than 100.0% missing genotypes
2014-01-27 16:10:52,735: DEBUG: In 'R1', 363 out of 383 loci will be removed due to having no minor allele or having more than 100.0% missing genotypes
2014-01-27 16:10:52,846: DEBUG: In 'R1', 360 out of 383 loci will be removed due to having no minor allele or having more than 100.0% missing genotypes
2014-01-27 16:10:55,154: DEBUG: In 'R1', 366 out of 383 loci will be removed due to having no minor allele or having more than 100.0% missing genotypes
2014-01-27 16:10:55,250: DEBUG: In 'R1', 362 out of 383 loci will be removed due to having no minor allele or having more than 100.0% missing genotypes
2014-01-27 16:10:55,603: DEBUG: In 'R1', 359 out of 383 loci will be removed due to having no minor allele or having more than 100.0% missing genotypes
2014-01-27 16:10:55,690: DEBUG: In 'R1', 367 out of 383 loci will be removed due to having no minor allele or having more than 100.0% missing genotypes
2014-01-27 16:10:58,001: DEBUG: In 'R1', 357 out of 383 loci will be removed due to having no minor allele or having more than 100.0% missing genotypes
2014-01-27 16:10:58,106: DEBUG: In 'R1', 364 out of 383 loci will be removed due to having no minor allele or having more than 100.0% missing genotypes
2014-01-27 16:10:58,453: DEBUG: In 'R1', 359 out of 383 loci will be removed due to having no minor allele or having more than 100.0% missing genotypes
2014-01-27 16:10:58,525: DEBUG: In 'R1', 362 out of 383 loci will be removed due to having no minor allele or having more than 100.0% missing genotypes
2014-01-27 16:11:00,842: DEBUG: In 'R1', 361 out of 383 loci will be removed due to having no minor allele or having more than 100.0% missing genotypes
2014-01-27 16:11:00,927: DEBUG: In 'R1', 362 out of 383 loci will be removed due to having no minor allele or having more than 100.0% missing genotypes
2014-01-27 16:11:01,292: DEBUG: In 'R1', 367 out of 383 loci will be removed due to having no minor allele or having more than 100.0% missing genotypes
2014-01-27 16:11:01,368: DEBUG: In 'R1', 361 out of 383 loci will be removed due to having no minor allele or having more than 100.0% missing genotypes
2014-01-27 16:11:03,689: DEBUG: In 'R1', 366 out of 383 loci will be removed due to having no minor allele or having more than 100.0% missing genotypes
2014-01-27 16:11:03,791: DEBUG: In 'R1', 364 out of 383 loci will be removed due to having no minor allele or having more than 100.0% missing genotypes
2014-01-27 16:11:04,178: DEBUG: In 'R1', 363 out of 383 loci will be removed due to having no minor allele or having more than 100.0% missing genotypes
2014-01-27 16:11:04,233: DEBUG: In 'R1', 363 out of 383 loci will be removed due to having no minor allele or having more than 100.0% missing genotypes
2014-01-27 16:11:06,518: DEBUG: In 'R1', 365 out of 383 loci will be removed due to having no minor allele or having more than 100.0% missing genotypes
2014-01-27 16:11:06,617: DEBUG: In 'R1', 357 out of 383 loci will be removed due to having no minor allele or having more than 100.0% missing genotypes
2014-01-27 16:11:07,011: DEBUG: In 'R1', 363 out of 383 loci will be removed due to having no minor allele or having more than 100.0% missing genotypes
2014-01-27 16:11:07,064: DEBUG: In 'R1', 367 out of 383 loci will be removed due to having no minor allele or having more than 100.0% missing genotypes
2014-01-27 16:11:09,382: DEBUG: In 'R1', 360 out of 383 loci will be removed due to having no minor allele or having more than 100.0% missing genotypes
2014-01-27 16:11:09,478: DEBUG: In 'R1', 359 out of 383 loci will be removed due to having no minor allele or having more than 100.0% missing genotypes
2014-01-27 16:11:09,902: DEBUG: In 'R1', 361 out of 383 loci will be removed due to having no minor allele or having more than 100.0% missing genotypes
2014-01-27 16:11:09,936: DEBUG: In 'R1', 362 out of 383 loci will be removed due to having no minor allele or having more than 100.0% missing genotypes
2014-01-27 16:11:12,177: DEBUG: In 'R1', 362 out of 383 loci will be removed due to having no minor allele or having more than 100.0% missing genotypes
2014-01-27 16:11:12,281: DEBUG: In 'R1', 367 out of 383 loci will be removed due to having no minor allele or having more than 100.0% missing genotypes
2014-01-27 16:11:12,716: DEBUG: In 'R1', 365 out of 383 loci will be removed due to having no minor allele or having more than 100.0% missing genotypes
2014-01-27 16:11:12,756: DEBUG: In 'R1', 365 out of 383 loci will be removed due to having no minor allele or having more than 100.0% missing genotypes
2014-01-27 16:11:15,008: DEBUG: In 'R1', 368 out of 383 loci will be removed due to having no minor allele or having more than 100.0% missing genotypes
2014-01-27 16:11:15,102: DEBUG: In 'R1', 364 out of 383 loci will be removed due to having no minor allele or having more than 100.0% missing genotypes
2014-01-27 16:11:15,555: DEBUG: In 'R1', 366 out of 383 loci will be removed due to having no minor allele or having more than 100.0% missing genotypes
2014-01-27 16:11:15,590: DEBUG: In 'R1', 361 out of 383 loci will be removed due to having no minor allele or having more than 100.0% missing genotypes
2014-01-27 16:11:17,905: DEBUG: In 'R1', 367 out of 383 loci will be removed due to having no minor allele or having more than 100.0% missing genotypes
2014-01-27 16:11:17,995: DEBUG: In 'R1', 366 out of 383 loci will be removed due to having no minor allele or having more than 100.0% missing genotypes
2014-01-27 16:11:18,458: DEBUG: In 'R1', 364 out of 383 loci will be removed due to having no minor allele or having more than 100.0% missing genotypes
2014-01-27 16:11:18,487: DEBUG: In 'R1', 363 out of 383 loci will be removed due to having no minor allele or having more than 100.0% missing genotypes
2014-01-27 16:11:20,772: DEBUG: In 'R1', 359 out of 383 loci will be removed due to having no minor allele or having more than 100.0% missing genotypes
2014-01-27 16:11:20,862: DEBUG: In 'R1', 366 out of 383 loci will be removed due to having no minor allele or having more than 100.0% missing genotypes
2014-01-27 16:11:21,320: DEBUG: In 'R1', 356 out of 383 loci will be removed due to having no minor allele or having more than 100.0% missing genotypes
2014-01-27 16:11:21,355: DEBUG: In 'R1', 364 out of 383 loci will be removed due to having no minor allele or having more than 100.0% missing genotypes
2014-01-27 16:11:23,622: DEBUG: In 'R1', 369 out of 383 loci will be removed due to having no minor allele or having more than 100.0% missing genotypes
2014-01-27 16:11:23,703: DEBUG: In 'R1', 364 out of 383 loci will be removed due to having no minor allele or having more than 100.0% missing genotypes
2014-01-27 16:11:24,165: DEBUG: In 'R1', 361 out of 383 loci will be removed due to having no minor allele or having more than 100.0% missing genotypes
2014-01-27 16:11:24,193: DEBUG: In 'R1', 361 out of 383 loci will be removed due to having no minor allele or having more than 100.0% missing genotypes
2014-01-27 16:11:26,494: DEBUG: In 'R1', 366 out of 383 loci will be removed due to having no minor allele or having more than 100.0% missing genotypes
2014-01-27 16:11:26,573: DEBUG: In 'R1', 367 out of 383 loci will be removed due to having no minor allele or having more than 100.0% missing genotypes
2014-01-27 16:11:27,045: DEBUG: In 'R1', 366 out of 383 loci will be removed due to having no minor allele or having more than 100.0% missing genotypes
2014-01-27 16:11:27,070: DEBUG: In 'R1', 357 out of 383 loci will be removed due to having no minor allele or having more than 100.0% missing genotypes
2014-01-27 16:11:29,323: DEBUG: In 'R1', 365 out of 383 loci will be removed due to having no minor allele or having more than 100.0% missing genotypes
2014-01-27 16:11:29,416: DEBUG: In 'R1', 366 out of 383 loci will be removed due to having no minor allele or having more than 100.0% missing genotypes
2014-01-27 16:11:29,906: DEBUG: In 'R1', 363 out of 383 loci will be removed due to having no minor allele or having more than 100.0% missing genotypes
2014-01-27 16:11:29,933: DEBUG: In 'R1', 362 out of 383 loci will be removed due to having no minor allele or having more than 100.0% missing genotypes
2014-01-27 16:11:32,204: DEBUG: In 'R1', 365 out of 383 loci will be removed due to having no minor allele or having more than 100.0% missing genotypes
2014-01-27 16:11:32,304: DEBUG: In 'R1', 365 out of 383 loci will be removed due to having no minor allele or having more than 100.0% missing genotypes
2014-01-27 16:11:32,803: DEBUG: In 'R1', 363 out of 383 loci will be removed due to having no minor allele or having more than 100.0% missing genotypes
2014-01-27 16:11:32,828: DEBUG: In 'R1', 366 out of 383 loci will be removed due to having no minor allele or having more than 100.0% missing genotypes
2014-01-27 16:11:35,027: DEBUG: In 'R1', 365 out of 383 loci will be removed due to having no minor allele or having more than 100.0% missing genotypes
2014-01-27 16:11:35,116: DEBUG: In 'R1', 363 out of 383 loci will be removed due to having no minor allele or having more than 100.0% missing genotypes
2014-01-27 16:11:35,628: DEBUG: In 'R1', 367 out of 383 loci will be removed due to having no minor allele or having more than 100.0% missing genotypes
2014-01-27 16:11:35,643: DEBUG: In 'R1', 361 out of 383 loci will be removed due to having no minor allele or having more than 100.0% missing genotypes
2014-01-27 16:11:37,902: DEBUG: In 'R1', 366 out of 383 loci will be removed due to having no minor allele or having more than 100.0% missing genotypes
2014-01-27 16:11:37,997: DEBUG: In 'R1', 363 out of 383 loci will be removed due to having no minor allele or having more than 100.0% missing genotypes
2014-01-27 16:11:38,508: DEBUG: In 'R1', 361 out of 383 loci will be removed due to having no minor allele or having more than 100.0% missing genotypes
2014-01-27 16:11:38,536: DEBUG: In 'R1', 366 out of 383 loci will be removed due to having no minor allele or having more than 100.0% missing genotypes
2014-01-27 16:11:40,782: DEBUG: In 'R1', 367 out of 383 loci will be removed due to having no minor allele or having more than 100.0% missing genotypes
2014-01-27 16:11:40,885: DEBUG: In 'R1', 363 out of 383 loci will be removed due to having no minor allele or having more than 100.0% missing genotypes
2014-01-27 16:11:41,373: DEBUG: In 'R1', 360 out of 383 loci will be removed due to having no minor allele or having more than 100.0% missing genotypes
2014-01-27 16:11:41,403: DEBUG: In 'R1', 363 out of 383 loci will be removed due to having no minor allele or having more than 100.0% missing genotypes
2014-01-27 16:11:43,655: DEBUG: In 'R1', 364 out of 383 loci will be removed due to having no minor allele or having more than 100.0% missing genotypes
2014-01-27 16:11:43,760: DEBUG: In 'R1', 362 out of 383 loci will be removed due to having no minor allele or having more than 100.0% missing genotypes
2014-01-27 16:11:44,261: DEBUG: In 'R1', 361 out of 383 loci will be removed due to having no minor allele or having more than 100.0% missing genotypes
2014-01-27 16:11:44,280: DEBUG: In 'R1', 372 out of 383 loci will be removed due to having no minor allele or having more than 100.0% missing genotypes
2014-01-27 16:11:46,478: DEBUG: In 'R1', 365 out of 383 loci will be removed due to having no minor allele or having more than 100.0% missing genotypes
2014-01-27 16:11:46,595: DEBUG: In 'R1', 367 out of 383 loci will be removed due to having no minor allele or having more than 100.0% missing genotypes
2014-01-27 16:11:47,103: DEBUG: In 'R1', 366 out of 383 loci will be removed due to having no minor allele or having more than 100.0% missing genotypes
2014-01-27 16:11:47,110: DEBUG: In 'R1', 365 out of 383 loci will be removed due to having no minor allele or having more than 100.0% missing genotypes
2014-01-27 16:11:49,473: DEBUG: In 'R1', 362 out of 383 loci will be removed due to having no minor allele or having more than 100.0% missing genotypes
2014-01-27 16:11:49,573: DEBUG: In 'R1', 367 out of 383 loci will be removed due to having no minor allele or having more than 100.0% missing genotypes
2014-01-27 16:11:50,103: DEBUG: In 'R1', 362 out of 383 loci will be removed due to having no minor allele or having more than 100.0% missing genotypes
2014-01-27 16:11:50,106: DEBUG: In 'R1', 362 out of 383 loci will be removed due to having no minor allele or having more than 100.0% missing genotypes
2014-01-27 16:11:52,380: DEBUG: In 'R1', 361 out of 383 loci will be removed due to having no minor allele or having more than 100.0% missing genotypes
2014-01-27 16:11:52,492: DEBUG: In 'R1', 362 out of 383 loci will be removed due to having no minor allele or having more than 100.0% missing genotypes
2014-01-27 16:11:53,001: DEBUG: In 'R1', 365 out of 383 loci will be removed due to having no minor allele or having more than 100.0% missing genotypes
2014-01-27 16:11:53,011: DEBUG: In 'R1', 364 out of 383 loci will be removed due to having no minor allele or having more than 100.0% missing genotypes
2014-01-27 16:11:55,193: DEBUG: In 'R1', 366 out of 383 loci will be removed due to having no minor allele or having more than 100.0% missing genotypes
2014-01-27 16:11:55,324: DEBUG: In 'R1', 364 out of 383 loci will be removed due to having no minor allele or having more than 100.0% missing genotypes
2014-01-27 16:11:55,839: DEBUG: In 'R1', 363 out of 383 loci will be removed due to having no minor allele or having more than 100.0% missing genotypes
2014-01-27 16:11:55,844: DEBUG: In 'R1', 371 out of 383 loci will be removed due to having no minor allele or having more than 100.0% missing genotypes
2014-01-27 16:11:58,017: DEBUG: In 'R1', 367 out of 383 loci will be removed due to having no minor allele or having more than 100.0% missing genotypes
2014-01-27 16:11:58,153: DEBUG: In 'R1', 363 out of 383 loci will be removed due to having no minor allele or having more than 100.0% missing genotypes
2014-01-27 16:11:58,672: DEBUG: In 'R1', 367 out of 383 loci will be removed due to having no minor allele or having more than 100.0% missing genotypes
2014-01-27 16:11:58,679: DEBUG: In 'R1', 361 out of 383 loci will be removed due to having no minor allele or having more than 100.0% missing genotypes
2014-01-27 16:12:00,837: DEBUG: In 'R1', 361 out of 383 loci will be removed due to having no minor allele or having more than 100.0% missing genotypes
2014-01-27 16:12:00,969: DEBUG: In 'R1', 364 out of 383 loci will be removed due to having no minor allele or having more than 100.0% missing genotypes
2014-01-27 16:12:01,474: DEBUG: In 'R1', 366 out of 383 loci will be removed due to having no minor allele or having more than 100.0% missing genotypes
2014-01-27 16:12:01,478: DEBUG: In 'R1', 363 out of 383 loci will be removed due to having no minor allele or having more than 100.0% missing genotypes
2014-01-27 16:12:03,644: DEBUG: In 'R1', 366 out of 383 loci will be removed due to having no minor allele or having more than 100.0% missing genotypes
2014-01-27 16:12:03,764: DEBUG: In 'R1', 363 out of 383 loci will be removed due to having no minor allele or having more than 100.0% missing genotypes
2014-01-27 16:12:04,281: DEBUG: In 'R1', 365 out of 383 loci will be removed due to having no minor allele or having more than 100.0% missing genotypes
2014-01-27 16:12:04,304: DEBUG: In 'R1', 363 out of 383 loci will be removed due to having no minor allele or having more than 100.0% missing genotypes
2014-01-27 16:12:06,464: DEBUG: In 'R1', 364 out of 383 loci will be removed due to having no minor allele or having more than 100.0% missing genotypes
2014-01-27 16:12:06,580: DEBUG: In 'R1', 359 out of 383 loci will be removed due to having no minor allele or having more than 100.0% missing genotypes
2014-01-27 16:12:07,097: DEBUG: In 'R1', 365 out of 383 loci will be removed due to having no minor allele or having more than 100.0% missing genotypes
2014-01-27 16:12:07,110: DEBUG: In 'R1', 365 out of 383 loci will be removed due to having no minor allele or having more than 100.0% missing genotypes
2014-01-27 16:12:09,261: DEBUG: In 'R1', 361 out of 383 loci will be removed due to having no minor allele or having more than 100.0% missing genotypes
2014-01-27 16:12:09,388: DEBUG: In 'R1', 365 out of 383 loci will be removed due to having no minor allele or having more than 100.0% missing genotypes
2014-01-27 16:12:09,913: DEBUG: In 'R1', 365 out of 383 loci will be removed due to having no minor allele or having more than 100.0% missing genotypes
2014-01-27 16:12:09,923: DEBUG: In 'R1', 361 out of 383 loci will be removed due to having no minor allele or having more than 100.0% missing genotypes
2014-01-27 16:12:12,129: DEBUG: In 'R1', 362 out of 383 loci will be removed due to having no minor allele or having more than 100.0% missing genotypes
2014-01-27 16:12:12,258: DEBUG: In 'R1', 364 out of 383 loci will be removed due to having no minor allele or having more than 100.0% missing genotypes
2014-01-27 16:12:12,778: DEBUG: In 'R1', 368 out of 383 loci will be removed due to having no minor allele or having more than 100.0% missing genotypes
2014-01-27 16:12:12,792: DEBUG: In 'R1', 356 out of 383 loci will be removed due to having no minor allele or having more than 100.0% missing genotypes
2014-01-27 16:12:14,963: DEBUG: In 'R1', 364 out of 383 loci will be removed due to having no minor allele or having more than 100.0% missing genotypes
2014-01-27 16:12:15,087: DEBUG: In 'R1', 367 out of 383 loci will be removed due to having no minor allele or having more than 100.0% missing genotypes
2014-01-27 16:12:15,609: DEBUG: In 'R1', 362 out of 383 loci will be removed due to having no minor allele or having more than 100.0% missing genotypes
2014-01-27 16:12:15,631: DEBUG: In 'R1', 363 out of 383 loci will be removed due to having no minor allele or having more than 100.0% missing genotypes
2014-01-27 16:12:17,787: DEBUG: In 'R1', 366 out of 383 loci will be removed due to having no minor allele or having more than 100.0% missing genotypes
2014-01-27 16:12:17,923: DEBUG: In 'R1', 360 out of 383 loci will be removed due to having no minor allele or having more than 100.0% missing genotypes
2014-01-27 16:12:18,453: DEBUG: In 'R1', 358 out of 383 loci will be removed due to having no minor allele or having more than 100.0% missing genotypes
2014-01-27 16:12:18,459: DEBUG: In 'R1', 366 out of 383 loci will be removed due to having no minor allele or having more than 100.0% missing genotypes
2014-01-27 16:12:20,635: DEBUG: In 'R1', 368 out of 383 loci will be removed due to having no minor allele or having more than 100.0% missing genotypes
2014-01-27 16:12:20,769: DEBUG: In 'R1', 365 out of 383 loci will be removed due to having no minor allele or having more than 100.0% missing genotypes
2014-01-27 16:12:21,301: DEBUG: In 'R1', 363 out of 383 loci will be removed due to having no minor allele or having more than 100.0% missing genotypes
2014-01-27 16:12:21,309: DEBUG: In 'R1', 366 out of 383 loci will be removed due to having no minor allele or having more than 100.0% missing genotypes
2014-01-27 16:12:23,459: DEBUG: In 'R1', 365 out of 383 loci will be removed due to having no minor allele or having more than 100.0% missing genotypes
2014-01-27 16:12:23,618: DEBUG: In 'R1', 369 out of 383 loci will be removed due to having no minor allele or having more than 100.0% missing genotypes
2014-01-27 16:12:24,134: DEBUG: In 'R1', 365 out of 383 loci will be removed due to having no minor allele or having more than 100.0% missing genotypes
2014-01-27 16:12:24,143: DEBUG: In 'R1', 368 out of 383 loci will be removed due to having no minor allele or having more than 100.0% missing genotypes
2014-01-27 16:12:26,283: DEBUG: In 'R1', 367 out of 383 loci will be removed due to having no minor allele or having more than 100.0% missing genotypes
2014-01-27 16:12:26,435: DEBUG: In 'R1', 366 out of 383 loci will be removed due to having no minor allele or having more than 100.0% missing genotypes
2014-01-27 16:12:26,982: DEBUG: In 'R1', 369 out of 383 loci will be removed due to having no minor allele or having more than 100.0% missing genotypes
2014-01-27 16:12:26,994: DEBUG: In 'R1', 361 out of 383 loci will be removed due to having no minor allele or having more than 100.0% missing genotypes
2014-01-27 16:12:29,102: DEBUG: In 'R1', 359 out of 383 loci will be removed due to having no minor allele or having more than 100.0% missing genotypes
2014-01-27 16:12:29,257: DEBUG: In 'R1', 361 out of 383 loci will be removed due to having no minor allele or having more than 100.0% missing genotypes
2014-01-27 16:12:29,801: DEBUG: In 'R1', 361 out of 383 loci will be removed due to having no minor allele or having more than 100.0% missing genotypes
2014-01-27 16:12:29,821: DEBUG: In 'R1', 365 out of 383 loci will be removed due to having no minor allele or having more than 100.0% missing genotypes
2014-01-27 16:12:31,937: DEBUG: In 'R1', 360 out of 383 loci will be removed due to having no minor allele or having more than 100.0% missing genotypes
2014-01-27 16:12:32,110: DEBUG: In 'R1', 370 out of 383 loci will be removed due to having no minor allele or having more than 100.0% missing genotypes
2014-01-27 16:12:32,630: DEBUG: In 'R1', 367 out of 383 loci will be removed due to having no minor allele or having more than 100.0% missing genotypes
2014-01-27 16:12:32,656: DEBUG: In 'R1', 366 out of 383 loci will be removed due to having no minor allele or having more than 100.0% missing genotypes
2014-01-27 16:12:34,782: DEBUG: In 'R1', 360 out of 383 loci will be removed due to having no minor allele or having more than 100.0% missing genotypes
2014-01-27 16:12:34,955: DEBUG: In 'R1', 363 out of 383 loci will be removed due to having no minor allele or having more than 100.0% missing genotypes
2014-01-27 16:12:35,476: DEBUG: In 'R1', 363 out of 383 loci will be removed due to having no minor allele or having more than 100.0% missing genotypes
2014-01-27 16:12:35,499: DEBUG: In 'R1', 364 out of 383 loci will be removed due to having no minor allele or having more than 100.0% missing genotypes
2014-01-27 16:12:37,623: DEBUG: In 'R1', 363 out of 383 loci will be removed due to having no minor allele or having more than 100.0% missing genotypes
2014-01-27 16:12:37,803: DEBUG: In 'R1', 367 out of 383 loci will be removed due to having no minor allele or having more than 100.0% missing genotypes
2014-01-27 16:12:38,315: DEBUG: In 'R1', 363 out of 383 loci will be removed due to having no minor allele or having more than 100.0% missing genotypes
2014-01-27 16:12:38,343: DEBUG: In 'R1', 367 out of 383 loci will be removed due to having no minor allele or having more than 100.0% missing genotypes
2014-01-27 16:12:40,454: DEBUG: In 'R1', 364 out of 383 loci will be removed due to having no minor allele or having more than 100.0% missing genotypes
2014-01-27 16:12:40,628: DEBUG: In 'R1', 365 out of 383 loci will be removed due to having no minor allele or having more than 100.0% missing genotypes
2014-01-27 16:12:41,134: DEBUG: In 'R1', 369 out of 383 loci will be removed due to having no minor allele or having more than 100.0% missing genotypes
2014-01-27 16:12:41,160: DEBUG: In 'R1', 368 out of 383 loci will be removed due to having no minor allele or having more than 100.0% missing genotypes
2014-01-27 16:12:43,288: DEBUG: In 'R1', 368 out of 383 loci will be removed due to having no minor allele or having more than 100.0% missing genotypes
2014-01-27 16:12:43,463: DEBUG: In 'R1', 363 out of 383 loci will be removed due to having no minor allele or having more than 100.0% missing genotypes
2014-01-27 16:12:43,964: DEBUG: In 'R1', 368 out of 383 loci will be removed due to having no minor allele or having more than 100.0% missing genotypes
2014-01-27 16:12:43,985: DEBUG: In 'R1', 365 out of 383 loci will be removed due to having no minor allele or having more than 100.0% missing genotypes
2014-01-27 16:12:46,167: DEBUG: In 'R1', 362 out of 383 loci will be removed due to having no minor allele or having more than 100.0% missing genotypes
2014-01-27 16:12:46,341: DEBUG: In 'R1', 357 out of 383 loci will be removed due to having no minor allele or having more than 100.0% missing genotypes
2014-01-27 16:12:46,856: DEBUG: In 'R1', 360 out of 383 loci will be removed due to having no minor allele or having more than 100.0% missing genotypes
2014-01-27 16:12:46,875: DEBUG: In 'R1', 364 out of 383 loci will be removed due to having no minor allele or having more than 100.0% missing genotypes
2014-01-27 16:12:49,022: DEBUG: In 'R1', 362 out of 383 loci will be removed due to having no minor allele or having more than 100.0% missing genotypes
2014-01-27 16:12:49,205: DEBUG: In 'R1', 361 out of 383 loci will be removed due to having no minor allele or having more than 100.0% missing genotypes
2014-01-27 16:12:49,712: DEBUG: In 'R1', 365 out of 383 loci will be removed due to having no minor allele or having more than 100.0% missing genotypes
2014-01-27 16:12:49,736: DEBUG: In 'R1', 363 out of 383 loci will be removed due to having no minor allele or having more than 100.0% missing genotypes
2014-01-27 16:12:52,014: DEBUG: In 'R1', 360 out of 383 loci will be removed due to having no minor allele or having more than 100.0% missing genotypes
2014-01-27 16:12:52,186: DEBUG: In 'R1', 369 out of 383 loci will be removed due to having no minor allele or having more than 100.0% missing genotypes
2014-01-27 16:12:52,689: DEBUG: In 'R1', 364 out of 383 loci will be removed due to having no minor allele or having more than 100.0% missing genotypes
2014-01-27 16:12:52,730: DEBUG: In 'R1', 361 out of 383 loci will be removed due to having no minor allele or having more than 100.0% missing genotypes
2014-01-27 16:12:54,880: DEBUG: In 'R1', 367 out of 383 loci will be removed due to having no minor allele or having more than 100.0% missing genotypes
2014-01-27 16:12:55,071: DEBUG: In 'R1', 367 out of 383 loci will be removed due to having no minor allele or having more than 100.0% missing genotypes
2014-01-27 16:12:55,549: DEBUG: In 'R1', 363 out of 383 loci will be removed due to having no minor allele or having more than 100.0% missing genotypes
2014-01-27 16:12:55,581: DEBUG: In 'R1', 361 out of 383 loci will be removed due to having no minor allele or having more than 100.0% missing genotypes
2014-01-27 16:12:57,699: DEBUG: In 'R1', 365 out of 383 loci will be removed due to having no minor allele or having more than 100.0% missing genotypes
2014-01-27 16:12:57,897: DEBUG: In 'R1', 367 out of 383 loci will be removed due to having no minor allele or having more than 100.0% missing genotypes
2014-01-27 16:12:58,397: DEBUG: In 'R1', 361 out of 383 loci will be removed due to having no minor allele or having more than 100.0% missing genotypes
2014-01-27 16:12:58,421: DEBUG: In 'R1', 358 out of 383 loci will be removed due to having no minor allele or having more than 100.0% missing genotypes
2014-01-27 16:13:00,513: DEBUG: In 'R1', 371 out of 383 loci will be removed due to having no minor allele or having more than 100.0% missing genotypes
2014-01-27 16:13:00,722: DEBUG: In 'R1', 363 out of 383 loci will be removed due to having no minor allele or having more than 100.0% missing genotypes
2014-01-27 16:13:01,230: DEBUG: In 'R1', 364 out of 383 loci will be removed due to having no minor allele or having more than 100.0% missing genotypes
2014-01-27 16:13:01,245: DEBUG: In 'R1', 366 out of 383 loci will be removed due to having no minor allele or having more than 100.0% missing genotypes
2014-01-27 16:13:03,353: DEBUG: In 'R1', 366 out of 383 loci will be removed due to having no minor allele or having more than 100.0% missing genotypes
2014-01-27 16:13:03,591: DEBUG: In 'R1', 361 out of 383 loci will be removed due to having no minor allele or having more than 100.0% missing genotypes
2014-01-27 16:13:04,068: DEBUG: In 'R1', 364 out of 383 loci will be removed due to having no minor allele or having more than 100.0% missing genotypes
2014-01-27 16:13:04,093: DEBUG: In 'R1', 361 out of 383 loci will be removed due to having no minor allele or having more than 100.0% missing genotypes
2014-01-27 16:13:06,201: DEBUG: In 'R1', 359 out of 383 loci will be removed due to having no minor allele or having more than 100.0% missing genotypes
2014-01-27 16:13:06,434: DEBUG: In 'R1', 359 out of 383 loci will be removed due to having no minor allele or having more than 100.0% missing genotypes
2014-01-27 16:13:06,904: DEBUG: In 'R1', 363 out of 383 loci will be removed due to having no minor allele or having more than 100.0% missing genotypes
2014-01-27 16:13:06,928: DEBUG: In 'R1', 367 out of 383 loci will be removed due to having no minor allele or having more than 100.0% missing genotypes
2014-01-27 16:13:09,055: DEBUG: In 'R1', 361 out of 383 loci will be removed due to having no minor allele or having more than 100.0% missing genotypes
2014-01-27 16:13:09,276: DEBUG: In 'R1', 359 out of 383 loci will be removed due to having no minor allele or having more than 100.0% missing genotypes
2014-01-27 16:13:09,761: DEBUG: In 'R1', 362 out of 383 loci will be removed due to having no minor allele or having more than 100.0% missing genotypes
2014-01-27 16:13:09,767: DEBUG: In 'R1', 368 out of 383 loci will be removed due to having no minor allele or having more than 100.0% missing genotypes
2014-01-27 16:13:11,910: DEBUG: In 'R1', 364 out of 383 loci will be removed due to having no minor allele or having more than 100.0% missing genotypes
2014-01-27 16:13:12,148: DEBUG: In 'R1', 364 out of 383 loci will be removed due to having no minor allele or having more than 100.0% missing genotypes
2014-01-27 16:13:12,633: DEBUG: In 'R1', 361 out of 383 loci will be removed due to having no minor allele or having more than 100.0% missing genotypes
2014-01-27 16:13:12,651: DEBUG: In 'R1', 363 out of 383 loci will be removed due to having no minor allele or having more than 100.0% missing genotypes
2014-01-27 16:13:14,749: DEBUG: In 'R1', 369 out of 383 loci will be removed due to having no minor allele or having more than 100.0% missing genotypes
2014-01-27 16:13:14,985: DEBUG: In 'R1', 357 out of 383 loci will be removed due to having no minor allele or having more than 100.0% missing genotypes
2014-01-27 16:13:15,470: DEBUG: In 'R1', 363 out of 383 loci will be removed due to having no minor allele or having more than 100.0% missing genotypes
2014-01-27 16:13:15,478: DEBUG: In 'R1', 365 out of 383 loci will be removed due to having no minor allele or having more than 100.0% missing genotypes
2014-01-27 16:13:17,572: DEBUG: In 'R1', 363 out of 383 loci will be removed due to having no minor allele or having more than 100.0% missing genotypes
2014-01-27 16:13:17,921: DEBUG: In 'R1', 369 out of 383 loci will be removed due to having no minor allele or having more than 100.0% missing genotypes
2014-01-27 16:13:18,286: DEBUG: In 'R1', 361 out of 383 loci will be removed due to having no minor allele or having more than 100.0% missing genotypes
2014-01-27 16:13:18,288: DEBUG: In 'R1', 357 out of 383 loci will be removed due to having no minor allele or having more than 100.0% missing genotypes
2014-01-27 16:13:20,424: DEBUG: In 'R1', 362 out of 383 loci will be removed due to having no minor allele or having more than 100.0% missing genotypes
2014-01-27 16:13:20,768: DEBUG: In 'R1', 364 out of 383 loci will be removed due to having no minor allele or having more than 100.0% missing genotypes
2014-01-27 16:13:21,140: DEBUG: In 'R1', 359 out of 383 loci will be removed due to having no minor allele or having more than 100.0% missing genotypes
2014-01-27 16:13:21,162: DEBUG: In 'R1', 360 out of 383 loci will be removed due to having no minor allele or having more than 100.0% missing genotypes
2014-01-27 16:13:23,254: DEBUG: In 'R1', 368 out of 383 loci will be removed due to having no minor allele or having more than 100.0% missing genotypes
2014-01-27 16:13:23,605: DEBUG: In 'R1', 367 out of 383 loci will be removed due to having no minor allele or having more than 100.0% missing genotypes
2014-01-27 16:13:23,982: DEBUG: In 'R1', 363 out of 383 loci will be removed due to having no minor allele or having more than 100.0% missing genotypes
2014-01-27 16:13:23,994: DEBUG: In 'R1', 366 out of 383 loci will be removed due to having no minor allele or having more than 100.0% missing genotypes
2014-01-27 16:13:26,097: DEBUG: In 'R1', 365 out of 383 loci will be removed due to having no minor allele or having more than 100.0% missing genotypes
2014-01-27 16:13:26,448: DEBUG: In 'R1', 367 out of 383 loci will be removed due to having no minor allele or having more than 100.0% missing genotypes
2014-01-27 16:13:26,839: DEBUG: In 'R1', 352 out of 383 loci will be removed due to having no minor allele or having more than 100.0% missing genotypes
2014-01-27 16:13:26,847: DEBUG: In 'R1', 365 out of 383 loci will be removed due to having no minor allele or having more than 100.0% missing genotypes
2014-01-27 16:13:28,968: DEBUG: In 'R1', 369 out of 383 loci will be removed due to having no minor allele or having more than 100.0% missing genotypes
2014-01-27 16:13:29,293: DEBUG: In 'R1', 369 out of 383 loci will be removed due to having no minor allele or having more than 100.0% missing genotypes
2014-01-27 16:13:29,704: DEBUG: In 'R1', 366 out of 383 loci will be removed due to having no minor allele or having more than 100.0% missing genotypes
2014-01-27 16:13:29,698: DEBUG: In 'R1', 358 out of 383 loci will be removed due to having no minor allele or having more than 100.0% missing genotypes
2014-01-27 16:13:31,821: DEBUG: In 'R1', 364 out of 383 loci will be removed due to having no minor allele or having more than 100.0% missing genotypes
2014-01-27 16:13:32,168: DEBUG: In 'R1', 361 out of 383 loci will be removed due to having no minor allele or having more than 100.0% missing genotypes
2014-01-27 16:13:32,545: DEBUG: In 'R1', 369 out of 383 loci will be removed due to having no minor allele or having more than 100.0% missing genotypes
2014-01-27 16:13:32,549: DEBUG: In 'R1', 365 out of 383 loci will be removed due to having no minor allele or having more than 100.0% missing genotypes
2014-01-27 16:13:34,675: DEBUG: In 'R1', 366 out of 383 loci will be removed due to having no minor allele or having more than 100.0% missing genotypes
2014-01-27 16:13:35,015: DEBUG: In 'R1', 362 out of 383 loci will be removed due to having no minor allele or having more than 100.0% missing genotypes
2014-01-27 16:13:35,390: DEBUG: In 'R1', 360 out of 383 loci will be removed due to having no minor allele or having more than 100.0% missing genotypes
2014-01-27 16:13:35,406: DEBUG: In 'R1', 362 out of 383 loci will be removed due to having no minor allele or having more than 100.0% missing genotypes
2014-01-27 16:13:37,514: DEBUG: In 'R1', 368 out of 383 loci will be removed due to having no minor allele or having more than 100.0% missing genotypes
2014-01-27 16:13:37,876: DEBUG: In 'R1', 356 out of 383 loci will be removed due to having no minor allele or having more than 100.0% missing genotypes
2014-01-27 16:13:38,240: DEBUG: In 'R1', 370 out of 383 loci will be removed due to having no minor allele or having more than 100.0% missing genotypes
2014-01-27 16:13:38,245: DEBUG: In 'R1', 364 out of 383 loci will be removed due to having no minor allele or having more than 100.0% missing genotypes
2014-01-27 16:13:40,360: DEBUG: In 'R1', 366 out of 383 loci will be removed due to having no minor allele or having more than 100.0% missing genotypes
2014-01-27 16:13:40,750: DEBUG: In 'R1', 364 out of 383 loci will be removed due to having no minor allele or having more than 100.0% missing genotypes
2014-01-27 16:13:41,093: DEBUG: In 'R1', 364 out of 383 loci will be removed due to having no minor allele or having more than 100.0% missing genotypes
2014-01-27 16:13:41,096: DEBUG: In 'R1', 360 out of 383 loci will be removed due to having no minor allele or having more than 100.0% missing genotypes
2014-01-27 16:13:43,206: DEBUG: In 'R1', 370 out of 383 loci will be removed due to having no minor allele or having more than 100.0% missing genotypes
2014-01-27 16:13:43,587: DEBUG: In 'R1', 367 out of 383 loci will be removed due to having no minor allele or having more than 100.0% missing genotypes
2014-01-27 16:13:43,932: DEBUG: In 'R1', 368 out of 383 loci will be removed due to having no minor allele or having more than 100.0% missing genotypes
2014-01-27 16:13:43,960: DEBUG: In 'R1', 365 out of 383 loci will be removed due to having no minor allele or having more than 100.0% missing genotypes
2014-01-27 16:13:46,047: DEBUG: In 'R1', 364 out of 383 loci will be removed due to having no minor allele or having more than 100.0% missing genotypes
2014-01-27 16:13:46,444: DEBUG: In 'R1', 361 out of 383 loci will be removed due to having no minor allele or having more than 100.0% missing genotypes
2014-01-27 16:13:46,757: DEBUG: In 'R1', 368 out of 383 loci will be removed due to having no minor allele or having more than 100.0% missing genotypes
2014-01-27 16:13:46,795: DEBUG: In 'R1', 364 out of 383 loci will be removed due to having no minor allele or having more than 100.0% missing genotypes
2014-01-27 16:13:48,894: DEBUG: In 'R1', 363 out of 383 loci will be removed due to having no minor allele or having more than 100.0% missing genotypes
2014-01-27 16:13:49,303: DEBUG: In 'R1', 369 out of 383 loci will be removed due to having no minor allele or having more than 100.0% missing genotypes
2014-01-27 16:13:49,614: DEBUG: In 'R1', 365 out of 383 loci will be removed due to having no minor allele or having more than 100.0% missing genotypes
2014-01-27 16:13:49,637: DEBUG: In 'R1', 369 out of 383 loci will be removed due to having no minor allele or having more than 100.0% missing genotypes
2014-01-27 16:13:51,755: DEBUG: In 'R1', 358 out of 383 loci will be removed due to having no minor allele or having more than 100.0% missing genotypes
2014-01-27 16:13:52,155: DEBUG: In 'R1', 368 out of 383 loci will be removed due to having no minor allele or having more than 100.0% missing genotypes
2014-01-27 16:13:52,463: DEBUG: In 'R1', 359 out of 383 loci will be removed due to having no minor allele or having more than 100.0% missing genotypes
2014-01-27 16:13:52,491: DEBUG: In 'R1', 365 out of 383 loci will be removed due to having no minor allele or having more than 100.0% missing genotypes
2014-01-27 16:13:54,741: DEBUG: In 'R1', 362 out of 383 loci will be removed due to having no minor allele or having more than 100.0% missing genotypes
2014-01-27 16:13:55,159: DEBUG: In 'R1', 365 out of 383 loci will be removed due to having no minor allele or having more than 100.0% missing genotypes
2014-01-27 16:13:55,447: DEBUG: In 'R1', 365 out of 383 loci will be removed due to having no minor allele or having more than 100.0% missing genotypes
2014-01-27 16:13:55,480: DEBUG: In 'R1', 359 out of 383 loci will be removed due to having no minor allele or having more than 100.0% missing genotypes
2014-01-27 16:13:57,571: DEBUG: In 'R1', 362 out of 383 loci will be removed due to having no minor allele or having more than 100.0% missing genotypes
2014-01-27 16:13:57,994: DEBUG: In 'R1', 361 out of 383 loci will be removed due to having no minor allele or having more than 100.0% missing genotypes
2014-01-27 16:13:58,264: DEBUG: In 'R1', 366 out of 383 loci will be removed due to having no minor allele or having more than 100.0% missing genotypes
2014-01-27 16:13:58,301: DEBUG: In 'R1', 369 out of 383 loci will be removed due to having no minor allele or having more than 100.0% missing genotypes
2014-01-27 16:14:00,441: DEBUG: In 'R1', 358 out of 383 loci will be removed due to having no minor allele or having more than 100.0% missing genotypes
2014-01-27 16:14:00,890: DEBUG: In 'R1', 355 out of 383 loci will be removed due to having no minor allele or having more than 100.0% missing genotypes
2014-01-27 16:14:01,138: DEBUG: In 'R1', 364 out of 383 loci will be removed due to having no minor allele or having more than 100.0% missing genotypes
2014-01-27 16:14:01,197: DEBUG: In 'R1', 367 out of 383 loci will be removed due to having no minor allele or having more than 100.0% missing genotypes
2014-01-27 16:14:03,289: DEBUG: In 'R1', 368 out of 383 loci will be removed due to having no minor allele or having more than 100.0% missing genotypes
2014-01-27 16:14:03,754: DEBUG: In 'R1', 361 out of 383 loci will be removed due to having no minor allele or having more than 100.0% missing genotypes
2014-01-27 16:14:04,003: DEBUG: In 'R1', 369 out of 383 loci will be removed due to having no minor allele or having more than 100.0% missing genotypes
2014-01-27 16:14:04,070: DEBUG: In 'R1', 365 out of 383 loci will be removed due to having no minor allele or having more than 100.0% missing genotypes
2014-01-27 16:14:06,162: DEBUG: In 'R1', 368 out of 383 loci will be removed due to having no minor allele or having more than 100.0% missing genotypes
2014-01-27 16:14:06,608: DEBUG: In 'R1', 368 out of 383 loci will be removed due to having no minor allele or having more than 100.0% missing genotypes
2014-01-27 16:14:06,844: DEBUG: In 'R1', 364 out of 383 loci will be removed due to having no minor allele or having more than 100.0% missing genotypes
2014-01-27 16:14:06,914: DEBUG: In 'R1', 367 out of 383 loci will be removed due to having no minor allele or having more than 100.0% missing genotypes
2014-01-27 16:14:08,997: DEBUG: In 'R1', 368 out of 383 loci will be removed due to having no minor allele or having more than 100.0% missing genotypes
2014-01-27 16:14:09,463: DEBUG: In 'R1', 361 out of 383 loci will be removed due to having no minor allele or having more than 100.0% missing genotypes
2014-01-27 16:14:09,684: DEBUG: In 'R1', 369 out of 383 loci will be removed due to having no minor allele or having more than 100.0% missing genotypes
2014-01-27 16:14:09,746: DEBUG: In 'R1', 361 out of 383 loci will be removed due to having no minor allele or having more than 100.0% missing genotypes
2014-01-27 16:14:11,842: DEBUG: In 'R1', 366 out of 383 loci will be removed due to having no minor allele or having more than 100.0% missing genotypes
2014-01-27 16:14:12,303: DEBUG: In 'R1', 362 out of 383 loci will be removed due to having no minor allele or having more than 100.0% missing genotypes
2014-01-27 16:14:12,547: DEBUG: In 'R1', 361 out of 383 loci will be removed due to having no minor allele or having more than 100.0% missing genotypes
2014-01-27 16:14:12,600: DEBUG: In 'R1', 364 out of 383 loci will be removed due to having no minor allele or having more than 100.0% missing genotypes
2014-01-27 16:14:14,707: DEBUG: In 'R1', 365 out of 383 loci will be removed due to having no minor allele or having more than 100.0% missing genotypes
2014-01-27 16:14:15,153: DEBUG: In 'R1', 366 out of 383 loci will be removed due to having no minor allele or having more than 100.0% missing genotypes
2014-01-27 16:14:15,412: DEBUG: In 'R1', 359 out of 383 loci will be removed due to having no minor allele or having more than 100.0% missing genotypes
2014-01-27 16:14:15,456: DEBUG: In 'R1', 367 out of 383 loci will be removed due to having no minor allele or having more than 100.0% missing genotypes
2014-01-27 16:14:17,557: DEBUG: In 'R1', 354 out of 383 loci will be removed due to having no minor allele or having more than 100.0% missing genotypes
2014-01-27 16:14:18,009: DEBUG: In 'R1', 367 out of 383 loci will be removed due to having no minor allele or having more than 100.0% missing genotypes
2014-01-27 16:14:18,257: DEBUG: In 'R1', 370 out of 383 loci will be removed due to having no minor allele or having more than 100.0% missing genotypes
2014-01-27 16:14:18,296: DEBUG: In 'R1', 365 out of 383 loci will be removed due to having no minor allele or having more than 100.0% missing genotypes
2014-01-27 16:14:20,426: DEBUG: In 'R1', 362 out of 383 loci will be removed due to having no minor allele or having more than 100.0% missing genotypes
2014-01-27 16:14:20,870: DEBUG: In 'R1', 365 out of 383 loci will be removed due to having no minor allele or having more than 100.0% missing genotypes
2014-01-27 16:14:21,124: DEBUG: In 'R1', 365 out of 383 loci will be removed due to having no minor allele or having more than 100.0% missing genotypes
2014-01-27 16:14:21,171: DEBUG: In 'R1', 362 out of 383 loci will be removed due to having no minor allele or having more than 100.0% missing genotypes
2014-01-27 16:14:23,292: DEBUG: In 'R1', 363 out of 383 loci will be removed due to having no minor allele or having more than 100.0% missing genotypes
2014-01-27 16:14:23,744: DEBUG: In 'R1', 369 out of 383 loci will be removed due to having no minor allele or having more than 100.0% missing genotypes
2014-01-27 16:14:24,033: DEBUG: In 'R1', 363 out of 383 loci will be removed due to having no minor allele or having more than 100.0% missing genotypes
2014-01-27 16:14:24,110: DEBUG: In 'R1', 358 out of 383 loci will be removed due to having no minor allele or having more than 100.0% missing genotypes
2014-01-27 16:14:26,249: DEBUG: In 'R1', 361 out of 383 loci will be removed due to having no minor allele or having more than 100.0% missing genotypes
2014-01-27 16:14:26,683: DEBUG: In 'R1', 360 out of 383 loci will be removed due to having no minor allele or having more than 100.0% missing genotypes
2014-01-27 16:14:26,961: DEBUG: In 'R1', 370 out of 383 loci will be removed due to having no minor allele or having more than 100.0% missing genotypes
2014-01-27 16:14:27,036: DEBUG: In 'R1', 358 out of 383 loci will be removed due to having no minor allele or having more than 100.0% missing genotypes
2014-01-27 16:14:29,185: DEBUG: In 'R1', 368 out of 383 loci will be removed due to having no minor allele or having more than 100.0% missing genotypes
2014-01-27 16:14:29,643: DEBUG: In 'R1', 362 out of 383 loci will be removed due to having no minor allele or having more than 100.0% missing genotypes
2014-01-27 16:14:29,892: DEBUG: In 'R1', 368 out of 383 loci will be removed due to having no minor allele or having more than 100.0% missing genotypes
2014-01-27 16:14:29,973: DEBUG: In 'R1', 361 out of 383 loci will be removed due to having no minor allele or having more than 100.0% missing genotypes
2014-01-27 16:14:32,096: DEBUG: In 'R1', 363 out of 383 loci will be removed due to having no minor allele or having more than 100.0% missing genotypes
2014-01-27 16:14:32,533: DEBUG: In 'R1', 362 out of 383 loci will be removed due to having no minor allele or having more than 100.0% missing genotypes
2014-01-27 16:14:32,781: DEBUG: In 'R1', 359 out of 383 loci will be removed due to having no minor allele or having more than 100.0% missing genotypes
2014-01-27 16:14:32,882: DEBUG: In 'R1', 365 out of 383 loci will be removed due to having no minor allele or having more than 100.0% missing genotypes
2014-01-27 16:14:34,995: DEBUG: In 'R1', 368 out of 383 loci will be removed due to having no minor allele or having more than 100.0% missing genotypes
2014-01-27 16:14:35,426: DEBUG: In 'R1', 363 out of 383 loci will be removed due to having no minor allele or having more than 100.0% missing genotypes
2014-01-27 16:14:35,656: DEBUG: In 'R1', 364 out of 383 loci will be removed due to having no minor allele or having more than 100.0% missing genotypes
2014-01-27 16:14:35,763: DEBUG: In 'R1', 364 out of 383 loci will be removed due to having no minor allele or having more than 100.0% missing genotypes
2014-01-27 16:14:37,857: DEBUG: In 'R1', 365 out of 383 loci will be removed due to having no minor allele or having more than 100.0% missing genotypes
2014-01-27 16:14:38,394: DEBUG: In 'R1', 363 out of 383 loci will be removed due to having no minor allele or having more than 100.0% missing genotypes
2014-01-27 16:14:38,546: DEBUG: In 'R1', 364 out of 383 loci will be removed due to having no minor allele or having more than 100.0% missing genotypes
2014-01-27 16:14:38,645: DEBUG: In 'R1', 363 out of 383 loci will be removed due to having no minor allele or having more than 100.0% missing genotypes
2014-01-27 16:14:40,760: DEBUG: In 'R1', 365 out of 383 loci will be removed due to having no minor allele or having more than 100.0% missing genotypes
2014-01-27 16:14:41,309: DEBUG: In 'R1', 366 out of 383 loci will be removed due to having no minor allele or having more than 100.0% missing genotypes
2014-01-27 16:14:41,460: DEBUG: In 'R1', 366 out of 383 loci will be removed due to having no minor allele or having more than 100.0% missing genotypes
2014-01-27 16:14:41,545: DEBUG: In 'R1', 364 out of 383 loci will be removed due to having no minor allele or having more than 100.0% missing genotypes
2014-01-27 16:14:43,614: DEBUG: In 'R1', 361 out of 383 loci will be removed due to having no minor allele or having more than 100.0% missing genotypes
2014-01-27 16:14:44,164: DEBUG: In 'R1', 368 out of 383 loci will be removed due to having no minor allele or having more than 100.0% missing genotypes
2014-01-27 16:14:44,314: DEBUG: In 'R1', 360 out of 383 loci will be removed due to having no minor allele or having more than 100.0% missing genotypes
2014-01-27 16:14:44,403: DEBUG: In 'R1', 364 out of 383 loci will be removed due to having no minor allele or having more than 100.0% missing genotypes
2014-01-27 16:14:46,455: DEBUG: In 'R1', 365 out of 383 loci will be removed due to having no minor allele or having more than 100.0% missing genotypes
2014-01-27 16:14:46,985: DEBUG: In 'R1', 363 out of 383 loci will be removed due to having no minor allele or having more than 100.0% missing genotypes
2014-01-27 16:14:47,143: DEBUG: In 'R1', 365 out of 383 loci will be removed due to having no minor allele or having more than 100.0% missing genotypes
2014-01-27 16:14:47,214: DEBUG: In 'R1', 371 out of 383 loci will be removed due to having no minor allele or having more than 100.0% missing genotypes
2014-01-27 16:14:49,433: DEBUG: In 'R1', 366 out of 383 loci will be removed due to having no minor allele or having more than 100.0% missing genotypes
2014-01-27 16:14:49,858: DEBUG: In 'R1', 362 out of 383 loci will be removed due to having no minor allele or having more than 100.0% missing genotypes
2014-01-27 16:14:50,008: DEBUG: In 'R1', 362 out of 383 loci will be removed due to having no minor allele or having more than 100.0% missing genotypes
2014-01-27 16:14:50,118: DEBUG: In 'R1', 364 out of 383 loci will be removed due to having no minor allele or having more than 100.0% missing genotypes
2014-01-27 16:14:52,286: DEBUG: In 'R1', 366 out of 383 loci will be removed due to having no minor allele or having more than 100.0% missing genotypes
2014-01-27 16:14:52,705: DEBUG: In 'R1', 369 out of 383 loci will be removed due to having no minor allele or having more than 100.0% missing genotypes
2014-01-27 16:14:52,858: DEBUG: In 'R1', 360 out of 383 loci will be removed due to having no minor allele or having more than 100.0% missing genotypes
2014-01-27 16:14:52,965: DEBUG: In 'R1', 365 out of 383 loci will be removed due to having no minor allele or having more than 100.0% missing genotypes
2014-01-27 16:14:55,188: DEBUG: In 'R1', 362 out of 383 loci will be removed due to having no minor allele or having more than 100.0% missing genotypes
2014-01-27 16:14:55,619: DEBUG: In 'R1', 362 out of 383 loci will be removed due to having no minor allele or having more than 100.0% missing genotypes
2014-01-27 16:14:55,763: DEBUG: In 'R1', 356 out of 383 loci will be removed due to having no minor allele or having more than 100.0% missing genotypes
2014-01-27 16:14:55,852: DEBUG: In 'R1', 362 out of 383 loci will be removed due to having no minor allele or having more than 100.0% missing genotypes
2014-01-27 16:14:58,198: DEBUG: In 'R1', 361 out of 383 loci will be removed due to having no minor allele or having more than 100.0% missing genotypes
2014-01-27 16:14:58,632: DEBUG: In 'R1', 366 out of 383 loci will be removed due to having no minor allele or having more than 100.0% missing genotypes
2014-01-27 16:14:58,780: DEBUG: In 'R1', 356 out of 383 loci will be removed due to having no minor allele or having more than 100.0% missing genotypes
2014-01-27 16:14:58,875: DEBUG: In 'R1', 368 out of 383 loci will be removed due to having no minor allele or having more than 100.0% missing genotypes
2014-01-27 16:15:01,048: DEBUG: In 'R1', 360 out of 383 loci will be removed due to having no minor allele or having more than 100.0% missing genotypes
2014-01-27 16:15:01,470: DEBUG: In 'R1', 369 out of 383 loci will be removed due to having no minor allele or having more than 100.0% missing genotypes
2014-01-27 16:15:01,619: DEBUG: In 'R1', 362 out of 383 loci will be removed due to having no minor allele or having more than 100.0% missing genotypes
2014-01-27 16:15:01,718: DEBUG: In 'R1', 359 out of 383 loci will be removed due to having no minor allele or having more than 100.0% missing genotypes
2014-01-27 16:15:03,936: DEBUG: In 'R1', 362 out of 383 loci will be removed due to having no minor allele or having more than 100.0% missing genotypes
2014-01-27 16:15:04,324: DEBUG: In 'R1', 364 out of 383 loci will be removed due to having no minor allele or having more than 100.0% missing genotypes
2014-01-27 16:15:04,491: DEBUG: In 'R1', 363 out of 383 loci will be removed due to having no minor allele or having more than 100.0% missing genotypes
2014-01-27 16:15:04,578: DEBUG: In 'R1', 361 out of 383 loci will be removed due to having no minor allele or having more than 100.0% missing genotypes
2014-01-27 16:15:06,792: DEBUG: In 'R1', 366 out of 383 loci will be removed due to having no minor allele or having more than 100.0% missing genotypes
2014-01-27 16:15:07,169: DEBUG: In 'R1', 361 out of 383 loci will be removed due to having no minor allele or having more than 100.0% missing genotypes
2014-01-27 16:15:07,328: DEBUG: In 'R1', 365 out of 383 loci will be removed due to having no minor allele or having more than 100.0% missing genotypes
2014-01-27 16:15:07,414: DEBUG: In 'R1', 361 out of 383 loci will be removed due to having no minor allele or having more than 100.0% missing genotypes
2014-01-27 16:15:09,632: DEBUG: In 'R1', 366 out of 383 loci will be removed due to having no minor allele or having more than 100.0% missing genotypes
2014-01-27 16:15:10,031: DEBUG: In 'R1', 360 out of 383 loci will be removed due to having no minor allele or having more than 100.0% missing genotypes
2014-01-27 16:15:10,166: DEBUG: In 'R1', 361 out of 383 loci will be removed due to having no minor allele or having more than 100.0% missing genotypes
2014-01-27 16:15:10,271: DEBUG: In 'R1', 369 out of 383 loci will be removed due to having no minor allele or having more than 100.0% missing genotypes
2014-01-27 16:15:12,550: DEBUG: In 'R1', 363 out of 383 loci will be removed due to having no minor allele or having more than 100.0% missing genotypes
2014-01-27 16:15:12,956: DEBUG: In 'R1', 366 out of 383 loci will be removed due to having no minor allele or having more than 100.0% missing genotypes
2014-01-27 16:15:13,102: DEBUG: In 'R1', 364 out of 383 loci will be removed due to having no minor allele or having more than 100.0% missing genotypes
2014-01-27 16:15:13,187: DEBUG: In 'R1', 361 out of 383 loci will be removed due to having no minor allele or having more than 100.0% missing genotypes
2014-01-27 16:15:15,410: DEBUG: In 'R1', 362 out of 383 loci will be removed due to having no minor allele or having more than 100.0% missing genotypes
2014-01-27 16:15:15,808: DEBUG: In 'R1', 369 out of 383 loci will be removed due to having no minor allele or having more than 100.0% missing genotypes
2014-01-27 16:15:15,942: DEBUG: In 'R1', 371 out of 383 loci will be removed due to having no minor allele or having more than 100.0% missing genotypes
2014-01-27 16:15:16,021: DEBUG: In 'R1', 367 out of 383 loci will be removed due to having no minor allele or having more than 100.0% missing genotypes
2014-01-27 16:15:18,277: DEBUG: In 'R1', 363 out of 383 loci will be removed due to having no minor allele or having more than 100.0% missing genotypes
2014-01-27 16:15:18,685: DEBUG: In 'R1', 358 out of 383 loci will be removed due to having no minor allele or having more than 100.0% missing genotypes
2014-01-27 16:15:18,810: DEBUG: In 'R1', 364 out of 383 loci will be removed due to having no minor allele or having more than 100.0% missing genotypes
2014-01-27 16:15:18,900: DEBUG: In 'R1', 363 out of 383 loci will be removed due to having no minor allele or having more than 100.0% missing genotypes
2014-01-27 16:15:21,157: DEBUG: In 'R1', 370 out of 383 loci will be removed due to having no minor allele or having more than 100.0% missing genotypes
2014-01-27 16:15:21,565: DEBUG: In 'R1', 362 out of 383 loci will be removed due to having no minor allele or having more than 100.0% missing genotypes
2014-01-27 16:15:21,688: DEBUG: In 'R1', 364 out of 383 loci will be removed due to having no minor allele or having more than 100.0% missing genotypes
2014-01-27 16:15:21,779: DEBUG: In 'R1', 366 out of 383 loci will be removed due to having no minor allele or having more than 100.0% missing genotypes
2014-01-27 16:15:23,994: DEBUG: In 'R1', 362 out of 383 loci will be removed due to having no minor allele or having more than 100.0% missing genotypes
2014-01-27 16:15:24,416: DEBUG: In 'R1', 364 out of 383 loci will be removed due to having no minor allele or having more than 100.0% missing genotypes
2014-01-27 16:15:24,522: DEBUG: In 'R1', 367 out of 383 loci will be removed due to having no minor allele or having more than 100.0% missing genotypes
2014-01-27 16:15:24,617: DEBUG: In 'R1', 366 out of 383 loci will be removed due to having no minor allele or having more than 100.0% missing genotypes
2014-01-27 16:15:26,839: DEBUG: In 'R1', 360 out of 383 loci will be removed due to having no minor allele or having more than 100.0% missing genotypes
2014-01-27 16:15:27,302: DEBUG: In 'R1', 358 out of 383 loci will be removed due to having no minor allele or having more than 100.0% missing genotypes
2014-01-27 16:15:27,400: DEBUG: In 'R1', 365 out of 383 loci will be removed due to having no minor allele or having more than 100.0% missing genotypes
2014-01-27 16:15:27,485: DEBUG: In 'R1', 367 out of 383 loci will be removed due to having no minor allele or having more than 100.0% missing genotypes
2014-01-27 16:15:29,732: DEBUG: In 'R1', 361 out of 383 loci will be removed due to having no minor allele or having more than 100.0% missing genotypes
2014-01-27 16:15:30,201: DEBUG: In 'R1', 363 out of 383 loci will be removed due to having no minor allele or having more than 100.0% missing genotypes
2014-01-27 16:15:30,297: DEBUG: In 'R1', 366 out of 383 loci will be removed due to having no minor allele or having more than 100.0% missing genotypes
2014-01-27 16:15:30,384: DEBUG: In 'R1', 364 out of 383 loci will be removed due to having no minor allele or having more than 100.0% missing genotypes
2014-01-27 16:15:32,615: DEBUG: In 'R1', 364 out of 383 loci will be removed due to having no minor allele or having more than 100.0% missing genotypes
2014-01-27 16:15:33,078: DEBUG: In 'R1', 363 out of 383 loci will be removed due to having no minor allele or having more than 100.0% missing genotypes
2014-01-27 16:15:33,167: DEBUG: In 'R1', 366 out of 383 loci will be removed due to having no minor allele or having more than 100.0% missing genotypes
2014-01-27 16:15:33,252: DEBUG: In 'R1', 367 out of 383 loci will be removed due to having no minor allele or having more than 100.0% missing genotypes
2014-01-27 16:15:35,520: DEBUG: In 'R1', 362 out of 383 loci will be removed due to having no minor allele or having more than 100.0% missing genotypes
2014-01-27 16:15:35,976: DEBUG: In 'R1', 356 out of 383 loci will be removed due to having no minor allele or having more than 100.0% missing genotypes
2014-01-27 16:15:36,066: DEBUG: In 'R1', 363 out of 383 loci will be removed due to having no minor allele or having more than 100.0% missing genotypes
2014-01-27 16:15:36,163: DEBUG: In 'R1', 362 out of 383 loci will be removed due to having no minor allele or having more than 100.0% missing genotypes
2014-01-27 16:15:38,402: DEBUG: In 'R1', 366 out of 383 loci will be removed due to having no minor allele or having more than 100.0% missing genotypes
2014-01-27 16:15:38,850: DEBUG: In 'R1', 364 out of 383 loci will be removed due to having no minor allele or having more than 100.0% missing genotypes
2014-01-27 16:15:38,925: DEBUG: In 'R1', 370 out of 383 loci will be removed due to having no minor allele or having more than 100.0% missing genotypes
2014-01-27 16:15:39,021: DEBUG: In 'R1', 367 out of 383 loci will be removed due to having no minor allele or having more than 100.0% missing genotypes
2014-01-27 16:15:41,346: DEBUG: In 'R1', 370 out of 383 loci will be removed due to having no minor allele or having more than 100.0% missing genotypes
2014-01-27 16:15:41,765: DEBUG: In 'R1', 367 out of 383 loci will be removed due to having no minor allele or having more than 100.0% missing genotypes
2014-01-27 16:15:41,872: DEBUG: In 'R1', 362 out of 383 loci will be removed due to having no minor allele or having more than 100.0% missing genotypes
2014-01-27 16:15:42,019: DEBUG: In 'R1', 359 out of 383 loci will be removed due to having no minor allele or having more than 100.0% missing genotypes
2014-01-27 16:15:44,819: DEBUG: In 'R1', 364 out of 383 loci will be removed due to having no minor allele or having more than 100.0% missing genotypes
2014-01-27 16:15:45,222: DEBUG: In 'R1', 371 out of 383 loci will be removed due to having no minor allele or having more than 100.0% missing genotypes
2014-01-27 16:15:45,312: DEBUG: In 'R1', 364 out of 383 loci will be removed due to having no minor allele or having more than 100.0% missing genotypes
2014-01-27 16:15:45,396: DEBUG: In 'R1', 365 out of 383 loci will be removed due to having no minor allele or having more than 100.0% missing genotypes
2014-01-27 16:15:47,685: DEBUG: In 'R1', 366 out of 383 loci will be removed due to having no minor allele or having more than 100.0% missing genotypes
2014-01-27 16:15:48,113: DEBUG: In 'R1', 367 out of 383 loci will be removed due to having no minor allele or having more than 100.0% missing genotypes
2014-01-27 16:15:48,196: DEBUG: In 'R1', 368 out of 383 loci will be removed due to having no minor allele or having more than 100.0% missing genotypes
2014-01-27 16:15:48,288: DEBUG: In 'R1', 369 out of 383 loci will be removed due to having no minor allele or having more than 100.0% missing genotypes
2014-01-27 16:15:50,573: DEBUG: In 'R1', 364 out of 383 loci will be removed due to having no minor allele or having more than 100.0% missing genotypes
2014-01-27 16:15:50,998: DEBUG: In 'R1', 364 out of 383 loci will be removed due to having no minor allele or having more than 100.0% missing genotypes
2014-01-27 16:15:51,090: DEBUG: In 'R1', 364 out of 383 loci will be removed due to having no minor allele or having more than 100.0% missing genotypes
2014-01-27 16:15:51,206: DEBUG: In 'R1', 364 out of 383 loci will be removed due to having no minor allele or having more than 100.0% missing genotypes
2014-01-27 16:15:53,428: DEBUG: In 'R1', 370 out of 383 loci will be removed due to having no minor allele or having more than 100.0% missing genotypes
2014-01-27 16:15:53,861: DEBUG: In 'R1', 360 out of 383 loci will be removed due to having no minor allele or having more than 100.0% missing genotypes
2014-01-27 16:15:53,935: DEBUG: In 'R1', 363 out of 383 loci will be removed due to having no minor allele or having more than 100.0% missing genotypes
2014-01-27 16:15:54,080: DEBUG: In 'R1', 360 out of 383 loci will be removed due to having no minor allele or having more than 100.0% missing genotypes
2014-01-27 16:15:56,385: DEBUG: In 'R1', 363 out of 383 loci will be removed due to having no minor allele or having more than 100.0% missing genotypes
2014-01-27 16:15:56,834: DEBUG: In 'R1', 366 out of 383 loci will be removed due to having no minor allele or having more than 100.0% missing genotypes
2014-01-27 16:15:56,908: DEBUG: In 'R1', 367 out of 383 loci will be removed due to having no minor allele or having more than 100.0% missing genotypes
2014-01-27 16:15:57,047: DEBUG: In 'R1', 357 out of 383 loci will be removed due to having no minor allele or having more than 100.0% missing genotypes
2014-01-27 16:15:59,456: DEBUG: In 'R1', 358 out of 383 loci will be removed due to having no minor allele or having more than 100.0% missing genotypes
2014-01-27 16:16:00,075: DEBUG: In 'R1', 362 out of 383 loci will be removed due to having no minor allele or having more than 100.0% missing genotypes
2014-01-27 16:16:00,149: DEBUG: In 'R1', 363 out of 383 loci will be removed due to having no minor allele or having more than 100.0% missing genotypes
2014-01-27 16:16:00,329: DEBUG: In 'R1', 367 out of 383 loci will be removed due to having no minor allele or having more than 100.0% missing genotypes
2014-01-27 16:16:02,628: DEBUG: In 'R1', 367 out of 383 loci will be removed due to having no minor allele or having more than 100.0% missing genotypes
2014-01-27 16:16:03,063: DEBUG: In 'R1', 360 out of 383 loci will be removed due to having no minor allele or having more than 100.0% missing genotypes
2014-01-27 16:16:03,136: DEBUG: In 'R1', 362 out of 383 loci will be removed due to having no minor allele or having more than 100.0% missing genotypes
2014-01-27 16:16:03,265: DEBUG: In 'R1', 364 out of 383 loci will be removed due to having no minor allele or having more than 100.0% missing genotypes
2014-01-27 16:16:05,479: DEBUG: In 'R1', 361 out of 383 loci will be removed due to having no minor allele or having more than 100.0% missing genotypes
2014-01-27 16:16:05,911: DEBUG: In 'R1', 364 out of 383 loci will be removed due to having no minor allele or having more than 100.0% missing genotypes
2014-01-27 16:16:05,995: DEBUG: In 'R1', 359 out of 383 loci will be removed due to having no minor allele or having more than 100.0% missing genotypes
2014-01-27 16:16:06,118: DEBUG: In 'R1', 368 out of 383 loci will be removed due to having no minor allele or having more than 100.0% missing genotypes
2014-01-27 16:16:08,329: DEBUG: In 'R1', 366 out of 383 loci will be removed due to having no minor allele or having more than 100.0% missing genotypes
2014-01-27 16:16:08,750: DEBUG: In 'R1', 365 out of 383 loci will be removed due to having no minor allele or having more than 100.0% missing genotypes
2014-01-27 16:16:08,830: DEBUG: In 'R1', 362 out of 383 loci will be removed due to having no minor allele or having more than 100.0% missing genotypes
2014-01-27 16:16:08,966: DEBUG: In 'R1', 367 out of 383 loci will be removed due to having no minor allele or having more than 100.0% missing genotypes
2014-01-27 16:16:11,231: DEBUG: In 'R1', 363 out of 383 loci will be removed due to having no minor allele or having more than 100.0% missing genotypes
2014-01-27 16:16:11,656: DEBUG: In 'R1', 363 out of 383 loci will be removed due to having no minor allele or having more than 100.0% missing genotypes
2014-01-27 16:16:11,728: DEBUG: In 'R1', 367 out of 383 loci will be removed due to having no minor allele or having more than 100.0% missing genotypes
2014-01-27 16:16:11,862: DEBUG: In 'R1', 360 out of 383 loci will be removed due to having no minor allele or having more than 100.0% missing genotypes
2014-01-27 16:16:14,228: DEBUG: In 'R1', 364 out of 383 loci will be removed due to having no minor allele or having more than 100.0% missing genotypes
2014-01-27 16:16:14,681: DEBUG: In 'R1', 362 out of 383 loci will be removed due to having no minor allele or having more than 100.0% missing genotypes
2014-01-27 16:16:14,737: DEBUG: In 'R1', 374 out of 383 loci will be removed due to having no minor allele or having more than 100.0% missing genotypes
2014-01-27 16:16:14,888: DEBUG: In 'R1', 363 out of 383 loci will be removed due to having no minor allele or having more than 100.0% missing genotypes
2014-01-27 16:16:17,100: DEBUG: In 'R1', 360 out of 383 loci will be removed due to having no minor allele or having more than 100.0% missing genotypes
2014-01-27 16:16:17,543: DEBUG: In 'R1', 368 out of 383 loci will be removed due to having no minor allele or having more than 100.0% missing genotypes
2014-01-27 16:16:17,601: DEBUG: In 'R1', 363 out of 383 loci will be removed due to having no minor allele or having more than 100.0% missing genotypes
2014-01-27 16:16:17,744: DEBUG: In 'R1', 363 out of 383 loci will be removed due to having no minor allele or having more than 100.0% missing genotypes
2014-01-27 16:16:19,995: DEBUG: In 'R1', 361 out of 383 loci will be removed due to having no minor allele or having more than 100.0% missing genotypes
2014-01-27 16:16:20,435: DEBUG: In 'R1', 361 out of 383 loci will be removed due to having no minor allele or having more than 100.0% missing genotypes
2014-01-27 16:16:20,494: DEBUG: In 'R1', 364 out of 383 loci will be removed due to having no minor allele or having more than 100.0% missing genotypes
2014-01-27 16:16:20,644: DEBUG: In 'R1', 359 out of 383 loci will be removed due to having no minor allele or having more than 100.0% missing genotypes
2014-01-27 16:16:22,874: DEBUG: In 'R1', 368 out of 383 loci will be removed due to having no minor allele or having more than 100.0% missing genotypes
2014-01-27 16:16:23,343: DEBUG: In 'R1', 364 out of 383 loci will be removed due to having no minor allele or having more than 100.0% missing genotypes
2014-01-27 16:16:23,400: DEBUG: In 'R1', 362 out of 383 loci will be removed due to having no minor allele or having more than 100.0% missing genotypes
2014-01-27 16:16:23,558: DEBUG: In 'R1', 363 out of 383 loci will be removed due to having no minor allele or having more than 100.0% missing genotypes
2014-01-27 16:16:25,736: DEBUG: In 'R1', 364 out of 383 loci will be removed due to having no minor allele or having more than 100.0% missing genotypes
2014-01-27 16:16:26,216: DEBUG: In 'R1', 367 out of 383 loci will be removed due to having no minor allele or having more than 100.0% missing genotypes
2014-01-27 16:16:26,267: DEBUG: In 'R1', 360 out of 383 loci will be removed due to having no minor allele or having more than 100.0% missing genotypes
2014-01-27 16:16:26,401: DEBUG: In 'R1', 359 out of 383 loci will be removed due to having no minor allele or having more than 100.0% missing genotypes
2014-01-27 16:16:28,571: DEBUG: In 'R1', 370 out of 383 loci will be removed due to having no minor allele or having more than 100.0% missing genotypes
2014-01-27 16:16:29,047: DEBUG: In 'R1', 364 out of 383 loci will be removed due to having no minor allele or having more than 100.0% missing genotypes
2014-01-27 16:16:29,104: DEBUG: In 'R1', 357 out of 383 loci will be removed due to having no minor allele or having more than 100.0% missing genotypes
2014-01-27 16:16:29,244: DEBUG: In 'R1', 362 out of 383 loci will be removed due to having no minor allele or having more than 100.0% missing genotypes
2014-01-27 16:16:31,448: DEBUG: In 'R1', 366 out of 383 loci will be removed due to having no minor allele or having more than 100.0% missing genotypes
2014-01-27 16:16:31,928: DEBUG: In 'R1', 367 out of 383 loci will be removed due to having no minor allele or having more than 100.0% missing genotypes
2014-01-27 16:16:31,997: DEBUG: In 'R1', 360 out of 383 loci will be removed due to having no minor allele or having more than 100.0% missing genotypes
2014-01-27 16:16:32,127: DEBUG: In 'R1', 366 out of 383 loci will be removed due to having no minor allele or having more than 100.0% missing genotypes
2014-01-27 16:16:34,312: DEBUG: In 'R1', 361 out of 383 loci will be removed due to having no minor allele or having more than 100.0% missing genotypes
2014-01-27 16:16:34,793: DEBUG: In 'R1', 365 out of 383 loci will be removed due to having no minor allele or having more than 100.0% missing genotypes
2014-01-27 16:16:34,886: DEBUG: In 'R1', 363 out of 383 loci will be removed due to having no minor allele or having more than 100.0% missing genotypes
2014-01-27 16:16:34,995: DEBUG: In 'R1', 365 out of 383 loci will be removed due to having no minor allele or having more than 100.0% missing genotypes
2014-01-27 16:16:37,184: DEBUG: In 'R1', 374 out of 383 loci will be removed due to having no minor allele or having more than 100.0% missing genotypes
2014-01-27 16:16:37,684: DEBUG: In 'R1', 368 out of 383 loci will be removed due to having no minor allele or having more than 100.0% missing genotypes
2014-01-27 16:16:37,760: DEBUG: In 'R1', 366 out of 383 loci will be removed due to having no minor allele or having more than 100.0% missing genotypes
2014-01-27 16:16:37,865: DEBUG: In 'R1', 370 out of 383 loci will be removed due to having no minor allele or having more than 100.0% missing genotypes
2014-01-27 16:16:40,047: DEBUG: In 'R1', 361 out of 383 loci will be removed due to having no minor allele or having more than 100.0% missing genotypes
2014-01-27 16:16:40,521: DEBUG: In 'R1', 368 out of 383 loci will be removed due to having no minor allele or having more than 100.0% missing genotypes
2014-01-27 16:16:40,604: DEBUG: In 'R1', 365 out of 383 loci will be removed due to having no minor allele or having more than 100.0% missing genotypes
2014-01-27 16:16:40,723: DEBUG: In 'R1', 367 out of 383 loci will be removed due to having no minor allele or having more than 100.0% missing genotypes
2014-01-27 16:16:42,943: DEBUG: In 'R1', 361 out of 383 loci will be removed due to having no minor allele or having more than 100.0% missing genotypes
2014-01-27 16:16:43,410: DEBUG: In 'R1', 368 out of 383 loci will be removed due to having no minor allele or having more than 100.0% missing genotypes
2014-01-27 16:16:43,506: DEBUG: In 'R1', 368 out of 383 loci will be removed due to having no minor allele or having more than 100.0% missing genotypes
2014-01-27 16:16:43,618: DEBUG: In 'R1', 363 out of 383 loci will be removed due to having no minor allele or having more than 100.0% missing genotypes
2014-01-27 16:16:45,822: DEBUG: In 'R1', 369 out of 383 loci will be removed due to having no minor allele or having more than 100.0% missing genotypes
2014-01-27 16:16:46,301: DEBUG: In 'R1', 357 out of 383 loci will be removed due to having no minor allele or having more than 100.0% missing genotypes
2014-01-27 16:16:46,391: DEBUG: In 'R1', 366 out of 383 loci will be removed due to having no minor allele or having more than 100.0% missing genotypes
2014-01-27 16:16:46,506: DEBUG: In 'R1', 365 out of 383 loci will be removed due to having no minor allele or having more than 100.0% missing genotypes
2014-01-27 16:16:48,730: DEBUG: In 'R1', 366 out of 383 loci will be removed due to having no minor allele or having more than 100.0% missing genotypes
2014-01-27 16:16:49,219: DEBUG: In 'R1', 361 out of 383 loci will be removed due to having no minor allele or having more than 100.0% missing genotypes
2014-01-27 16:16:49,306: DEBUG: In 'R1', 364 out of 383 loci will be removed due to having no minor allele or having more than 100.0% missing genotypes
2014-01-27 16:16:49,406: DEBUG: In 'R1', 365 out of 383 loci will be removed due to having no minor allele or having more than 100.0% missing genotypes
2014-01-27 16:16:51,622: DEBUG: In 'R1', 365 out of 383 loci will be removed due to having no minor allele or having more than 100.0% missing genotypes
2014-01-27 16:16:52,102: DEBUG: In 'R1', 365 out of 383 loci will be removed due to having no minor allele or having more than 100.0% missing genotypes
2014-01-27 16:16:52,204: DEBUG: In 'R1', 356 out of 383 loci will be removed due to having no minor allele or having more than 100.0% missing genotypes
2014-01-27 16:16:52,301: DEBUG: In 'R1', 361 out of 383 loci will be removed due to having no minor allele or having more than 100.0% missing genotypes
2014-01-27 16:16:54,491: DEBUG: In 'R1', 364 out of 383 loci will be removed due to having no minor allele or having more than 100.0% missing genotypes
2014-01-27 16:16:54,960: DEBUG: In 'R1', 364 out of 383 loci will be removed due to having no minor allele or having more than 100.0% missing genotypes
2014-01-27 16:16:55,087: DEBUG: In 'R1', 365 out of 383 loci will be removed due to having no minor allele or having more than 100.0% missing genotypes
2014-01-27 16:16:55,205: DEBUG: In 'R1', 362 out of 383 loci will be removed due to having no minor allele or having more than 100.0% missing genotypes
2014-01-27 16:16:57,357: DEBUG: In 'R1', 364 out of 383 loci will be removed due to having no minor allele or having more than 100.0% missing genotypes
2014-01-27 16:16:57,829: DEBUG: In 'R1', 367 out of 383 loci will be removed due to having no minor allele or having more than 100.0% missing genotypes
2014-01-27 16:16:57,967: DEBUG: In 'R1', 362 out of 383 loci will be removed due to having no minor allele or having more than 100.0% missing genotypes
2014-01-27 16:16:58,079: DEBUG: In 'R1', 366 out of 383 loci will be removed due to having no minor allele or having more than 100.0% missing genotypes
2014-01-27 16:17:00,223: DEBUG: In 'R1', 367 out of 383 loci will be removed due to having no minor allele or having more than 100.0% missing genotypes
2014-01-27 16:17:00,693: DEBUG: In 'R1', 366 out of 383 loci will be removed due to having no minor allele or having more than 100.0% missing genotypes
2014-01-27 16:17:00,828: DEBUG: In 'R1', 364 out of 383 loci will be removed due to having no minor allele or having more than 100.0% missing genotypes
2014-01-27 16:17:00,929: DEBUG: In 'R1', 367 out of 383 loci will be removed due to having no minor allele or having more than 100.0% missing genotypes
2014-01-27 16:17:03,192: DEBUG: In 'R1', 357 out of 383 loci will be removed due to having no minor allele or having more than 100.0% missing genotypes
2014-01-27 16:17:03,725: DEBUG: In 'R1', 363 out of 383 loci will be removed due to having no minor allele or having more than 100.0% missing genotypes
2014-01-27 16:17:03,848: DEBUG: In 'R1', 362 out of 383 loci will be removed due to having no minor allele or having more than 100.0% missing genotypes
2014-01-27 16:17:03,952: DEBUG: In 'R1', 366 out of 383 loci will be removed due to having no minor allele or having more than 100.0% missing genotypes
2014-01-27 16:17:06,104: DEBUG: In 'R1', 363 out of 383 loci will be removed due to having no minor allele or having more than 100.0% missing genotypes
2014-01-27 16:17:06,585: DEBUG: In 'R1', 365 out of 383 loci will be removed due to having no minor allele or having more than 100.0% missing genotypes
2014-01-27 16:17:06,703: DEBUG: In 'R1', 364 out of 383 loci will be removed due to having no minor allele or having more than 100.0% missing genotypes
2014-01-27 16:17:06,793: DEBUG: In 'R1', 361 out of 383 loci will be removed due to having no minor allele or having more than 100.0% missing genotypes
2014-01-27 16:17:09,000: DEBUG: In 'R1', 373 out of 383 loci will be removed due to having no minor allele or having more than 100.0% missing genotypes
2014-01-27 16:17:09,490: DEBUG: In 'R1', 358 out of 383 loci will be removed due to having no minor allele or having more than 100.0% missing genotypes
2014-01-27 16:17:09,576: DEBUG: In 'R1', 366 out of 383 loci will be removed due to having no minor allele or having more than 100.0% missing genotypes
2014-01-27 16:17:09,677: DEBUG: In 'R1', 360 out of 383 loci will be removed due to having no minor allele or having more than 100.0% missing genotypes
2014-01-27 16:17:11,852: DEBUG: In 'R1', 356 out of 383 loci will be removed due to having no minor allele or having more than 100.0% missing genotypes
2014-01-27 16:17:12,326: DEBUG: In 'R1', 365 out of 383 loci will be removed due to having no minor allele or having more than 100.0% missing genotypes
2014-01-27 16:17:12,422: DEBUG: In 'R1', 360 out of 383 loci will be removed due to having no minor allele or having more than 100.0% missing genotypes
2014-01-27 16:17:12,538: DEBUG: In 'R1', 366 out of 383 loci will be removed due to having no minor allele or having more than 100.0% missing genotypes
2014-01-27 16:17:14,709: DEBUG: In 'R1', 369 out of 383 loci will be removed due to having no minor allele or having more than 100.0% missing genotypes
2014-01-27 16:17:15,185: DEBUG: In 'R1', 366 out of 383 loci will be removed due to having no minor allele or having more than 100.0% missing genotypes
2014-01-27 16:17:15,275: DEBUG: In 'R1', 359 out of 383 loci will be removed due to having no minor allele or having more than 100.0% missing genotypes
2014-01-27 16:17:15,378: DEBUG: In 'R1', 367 out of 383 loci will be removed due to having no minor allele or having more than 100.0% missing genotypes
2014-01-27 16:17:17,635: DEBUG: In 'R1', 360 out of 383 loci will be removed due to having no minor allele or having more than 100.0% missing genotypes
2014-01-27 16:17:18,109: DEBUG: In 'R1', 364 out of 383 loci will be removed due to having no minor allele or having more than 100.0% missing genotypes
2014-01-27 16:17:18,180: DEBUG: In 'R1', 362 out of 383 loci will be removed due to having no minor allele or having more than 100.0% missing genotypes
2014-01-27 16:17:18,284: DEBUG: In 'R1', 367 out of 383 loci will be removed due to having no minor allele or having more than 100.0% missing genotypes
2014-01-27 16:17:20,495: DEBUG: In 'R1', 358 out of 383 loci will be removed due to having no minor allele or having more than 100.0% missing genotypes
2014-01-27 16:17:20,977: DEBUG: In 'R1', 370 out of 383 loci will be removed due to having no minor allele or having more than 100.0% missing genotypes
2014-01-27 16:17:21,043: DEBUG: In 'R1', 368 out of 383 loci will be removed due to having no minor allele or having more than 100.0% missing genotypes
2014-01-27 16:17:21,143: DEBUG: In 'R1', 370 out of 383 loci will be removed due to having no minor allele or having more than 100.0% missing genotypes
2014-01-27 16:17:23,351: DEBUG: In 'R1', 356 out of 383 loci will be removed due to having no minor allele or having more than 100.0% missing genotypes
2014-01-27 16:17:23,832: DEBUG: In 'R1', 360 out of 383 loci will be removed due to having no minor allele or having more than 100.0% missing genotypes
2014-01-27 16:17:23,889: DEBUG: In 'R1', 367 out of 383 loci will be removed due to having no minor allele or having more than 100.0% missing genotypes
2014-01-27 16:17:23,995: DEBUG: In 'R1', 369 out of 383 loci will be removed due to having no minor allele or having more than 100.0% missing genotypes
2014-01-27 16:17:26,205: DEBUG: In 'R1', 367 out of 383 loci will be removed due to having no minor allele or having more than 100.0% missing genotypes
2014-01-27 16:17:26,685: DEBUG: In 'R1', 362 out of 383 loci will be removed due to having no minor allele or having more than 100.0% missing genotypes
2014-01-27 16:17:26,725: DEBUG: In 'R1', 361 out of 383 loci will be removed due to having no minor allele or having more than 100.0% missing genotypes
2014-01-27 16:17:26,838: DEBUG: In 'R1', 365 out of 383 loci will be removed due to having no minor allele or having more than 100.0% missing genotypes
2014-01-27 16:17:29,086: DEBUG: In 'R1', 358 out of 383 loci will be removed due to having no minor allele or having more than 100.0% missing genotypes
2014-01-27 16:17:29,571: DEBUG: In 'R1', 361 out of 383 loci will be removed due to having no minor allele or having more than 100.0% missing genotypes
2014-01-27 16:17:29,592: DEBUG: In 'R1', 365 out of 383 loci will be removed due to having no minor allele or having more than 100.0% missing genotypes
2014-01-27 16:17:29,700: DEBUG: In 'R1', 367 out of 383 loci will be removed due to having no minor allele or having more than 100.0% missing genotypes
2014-01-27 16:17:31,947: DEBUG: In 'R1', 360 out of 383 loci will be removed due to having no minor allele or having more than 100.0% missing genotypes
2014-01-27 16:17:32,446: DEBUG: In 'R1', 361 out of 383 loci will be removed due to having no minor allele or having more than 100.0% missing genotypes
2014-01-27 16:17:32,451: DEBUG: In 'R1', 363 out of 383 loci will be removed due to having no minor allele or having more than 100.0% missing genotypes
2014-01-27 16:17:32,555: DEBUG: In 'R1', 361 out of 383 loci will be removed due to having no minor allele or having more than 100.0% missing genotypes
2014-01-27 16:17:34,810: DEBUG: In 'R1', 367 out of 383 loci will be removed due to having no minor allele or having more than 100.0% missing genotypes
2014-01-27 16:17:35,273: DEBUG: In 'R1', 359 out of 383 loci will be removed due to having no minor allele or having more than 100.0% missing genotypes
2014-01-27 16:17:35,290: DEBUG: In 'R1', 366 out of 383 loci will be removed due to having no minor allele or having more than 100.0% missing genotypes
2014-01-27 16:17:35,391: DEBUG: In 'R1', 371 out of 383 loci will be removed due to having no minor allele or having more than 100.0% missing genotypes
2014-01-27 16:17:37,688: DEBUG: In 'R1', 361 out of 383 loci will be removed due to having no minor allele or having more than 100.0% missing genotypes
2014-01-27 16:17:38,161: DEBUG: In 'R1', 363 out of 383 loci will be removed due to having no minor allele or having more than 100.0% missing genotypes
2014-01-27 16:17:38,163: DEBUG: In 'R1', 364 out of 383 loci will be removed due to having no minor allele or having more than 100.0% missing genotypes
2014-01-27 16:17:38,257: DEBUG: In 'R1', 359 out of 383 loci will be removed due to having no minor allele or having more than 100.0% missing genotypes
2014-01-27 16:17:40,582: DEBUG: In 'R1', 363 out of 383 loci will be removed due to having no minor allele or having more than 100.0% missing genotypes
2014-01-27 16:17:41,016: DEBUG: In 'R1', 360 out of 383 loci will be removed due to having no minor allele or having more than 100.0% missing genotypes
2014-01-27 16:17:41,039: DEBUG: In 'R1', 361 out of 383 loci will be removed due to having no minor allele or having more than 100.0% missing genotypes
2014-01-27 16:17:41,141: DEBUG: In 'R1', 362 out of 383 loci will be removed due to having no minor allele or having more than 100.0% missing genotypes
2014-01-27 16:17:43,439: DEBUG: In 'R1', 368 out of 383 loci will be removed due to having no minor allele or having more than 100.0% missing genotypes
2014-01-27 16:17:43,873: DEBUG: In 'R1', 370 out of 383 loci will be removed due to having no minor allele or having more than 100.0% missing genotypes
2014-01-27 16:17:43,899: DEBUG: In 'R1', 362 out of 383 loci will be removed due to having no minor allele or having more than 100.0% missing genotypes
2014-01-27 16:17:44,007: DEBUG: In 'R1', 364 out of 383 loci will be removed due to having no minor allele or having more than 100.0% missing genotypes
2014-01-27 16:17:46,327: DEBUG: In 'R1', 367 out of 383 loci will be removed due to having no minor allele or having more than 100.0% missing genotypes
2014-01-27 16:17:46,733: DEBUG: In 'R1', 362 out of 383 loci will be removed due to having no minor allele or having more than 100.0% missing genotypes
2014-01-27 16:17:46,751: DEBUG: In 'R1', 362 out of 383 loci will be removed due to having no minor allele or having more than 100.0% missing genotypes
2014-01-27 16:17:46,860: DEBUG: In 'R1', 367 out of 383 loci will be removed due to having no minor allele or having more than 100.0% missing genotypes
2014-01-27 16:17:49,202: DEBUG: In 'R1', 360 out of 383 loci will be removed due to having no minor allele or having more than 100.0% missing genotypes
2014-01-27 16:17:49,602: DEBUG: In 'R1', 367 out of 383 loci will be removed due to having no minor allele or having more than 100.0% missing genotypes
2014-01-27 16:17:49,611: DEBUG: In 'R1', 365 out of 383 loci will be removed due to having no minor allele or having more than 100.0% missing genotypes
2014-01-27 16:17:49,718: DEBUG: In 'R1', 362 out of 383 loci will be removed due to having no minor allele or having more than 100.0% missing genotypes
2014-01-27 16:17:52,087: DEBUG: In 'R1', 367 out of 383 loci will be removed due to having no minor allele or having more than 100.0% missing genotypes
2014-01-27 16:17:52,467: DEBUG: In 'R1', 364 out of 383 loci will be removed due to having no minor allele or having more than 100.0% missing genotypes
2014-01-27 16:17:52,475: DEBUG: In 'R1', 362 out of 383 loci will be removed due to having no minor allele or having more than 100.0% missing genotypes
2014-01-27 16:17:52,584: DEBUG: In 'R1', 367 out of 383 loci will be removed due to having no minor allele or having more than 100.0% missing genotypes
2014-01-27 16:17:54,936: DEBUG: In 'R1', 360 out of 383 loci will be removed due to having no minor allele or having more than 100.0% missing genotypes
2014-01-27 16:17:55,314: DEBUG: In 'R1', 362 out of 383 loci will be removed due to having no minor allele or having more than 100.0% missing genotypes
2014-01-27 16:17:55,334: DEBUG: In 'R1', 357 out of 383 loci will be removed due to having no minor allele or having more than 100.0% missing genotypes
2014-01-27 16:17:55,445: DEBUG: In 'R1', 363 out of 383 loci will be removed due to having no minor allele or having more than 100.0% missing genotypes
2014-01-27 16:17:57,794: DEBUG: In 'R1', 357 out of 383 loci will be removed due to having no minor allele or having more than 100.0% missing genotypes
2014-01-27 16:17:58,163: DEBUG: In 'R1', 364 out of 383 loci will be removed due to having no minor allele or having more than 100.0% missing genotypes
2014-01-27 16:17:58,181: DEBUG: In 'R1', 360 out of 383 loci will be removed due to having no minor allele or having more than 100.0% missing genotypes
2014-01-27 16:17:58,293: DEBUG: In 'R1', 364 out of 383 loci will be removed due to having no minor allele or having more than 100.0% missing genotypes
2014-01-27 16:18:00,672: DEBUG: In 'R1', 361 out of 383 loci will be removed due to having no minor allele or having more than 100.0% missing genotypes
2014-01-27 16:18:01,041: DEBUG: In 'R1', 362 out of 383 loci will be removed due to having no minor allele or having more than 100.0% missing genotypes
2014-01-27 16:18:01,064: DEBUG: In 'R1', 364 out of 383 loci will be removed due to having no minor allele or having more than 100.0% missing genotypes
2014-01-27 16:18:01,173: DEBUG: In 'R1', 364 out of 383 loci will be removed due to having no minor allele or having more than 100.0% missing genotypes
2014-01-27 16:18:03,561: DEBUG: In 'R1', 363 out of 383 loci will be removed due to having no minor allele or having more than 100.0% missing genotypes
2014-01-27 16:18:03,893: DEBUG: In 'R1', 366 out of 383 loci will be removed due to having no minor allele or having more than 100.0% missing genotypes
2014-01-27 16:18:03,921: DEBUG: In 'R1', 365 out of 383 loci will be removed due to having no minor allele or having more than 100.0% missing genotypes
2014-01-27 16:18:04,038: DEBUG: In 'R1', 365 out of 383 loci will be removed due to having no minor allele or having more than 100.0% missing genotypes
2014-01-27 16:18:06,591: DEBUG: In 'R1', 357 out of 383 loci will be removed due to having no minor allele or having more than 100.0% missing genotypes
2014-01-27 16:18:06,934: DEBUG: In 'R1', 363 out of 383 loci will be removed due to having no minor allele or having more than 100.0% missing genotypes
2014-01-27 16:18:06,940: DEBUG: In 'R1', 370 out of 383 loci will be removed due to having no minor allele or having more than 100.0% missing genotypes
2014-01-27 16:18:07,058: DEBUG: In 'R1', 360 out of 383 loci will be removed due to having no minor allele or having more than 100.0% missing genotypes
2014-01-27 16:18:09,460: DEBUG: In 'R1', 363 out of 383 loci will be removed due to having no minor allele or having more than 100.0% missing genotypes
2014-01-27 16:18:09,808: DEBUG: In 'R1', 361 out of 383 loci will be removed due to having no minor allele or having more than 100.0% missing genotypes
2014-01-27 16:18:09,812: DEBUG: In 'R1', 359 out of 383 loci will be removed due to having no minor allele or having more than 100.0% missing genotypes
2014-01-27 16:18:09,939: DEBUG: In 'R1', 367 out of 383 loci will be removed due to having no minor allele or having more than 100.0% missing genotypes
2014-01-27 16:18:12,292: DEBUG: In 'R1', 364 out of 383 loci will be removed due to having no minor allele or having more than 100.0% missing genotypes
2014-01-27 16:18:12,644: DEBUG: In 'R1', 361 out of 383 loci will be removed due to having no minor allele or having more than 100.0% missing genotypes
2014-01-27 16:18:12,649: DEBUG: In 'R1', 368 out of 383 loci will be removed due to having no minor allele or having more than 100.0% missing genotypes
2014-01-27 16:18:12,803: DEBUG: In 'R1', 359 out of 383 loci will be removed due to having no minor allele or having more than 100.0% missing genotypes
2014-01-27 16:18:15,116: DEBUG: In 'R1', 360 out of 383 loci will be removed due to having no minor allele or having more than 100.0% missing genotypes
2014-01-27 16:18:15,447: DEBUG: In 'R1', 367 out of 383 loci will be removed due to having no minor allele or having more than 100.0% missing genotypes
2014-01-27 16:18:15,453: DEBUG: In 'R1', 363 out of 383 loci will be removed due to having no minor allele or having more than 100.0% missing genotypes
2014-01-27 16:18:15,628: DEBUG: In 'R1', 366 out of 383 loci will be removed due to having no minor allele or having more than 100.0% missing genotypes
2014-01-27 16:18:17,950: DEBUG: In 'R1', 358 out of 383 loci will be removed due to having no minor allele or having more than 100.0% missing genotypes
2014-01-27 16:18:18,278: DEBUG: In 'R1', 365 out of 383 loci will be removed due to having no minor allele or having more than 100.0% missing genotypes
2014-01-27 16:18:18,297: DEBUG: In 'R1', 366 out of 383 loci will be removed due to having no minor allele or having more than 100.0% missing genotypes
2014-01-27 16:18:18,478: DEBUG: In 'R1', 366 out of 383 loci will be removed due to having no minor allele or having more than 100.0% missing genotypes
2014-01-27 16:18:20,803: DEBUG: In 'R1', 368 out of 383 loci will be removed due to having no minor allele or having more than 100.0% missing genotypes
2014-01-27 16:18:21,132: DEBUG: In 'R1', 366 out of 383 loci will be removed due to having no minor allele or having more than 100.0% missing genotypes
2014-01-27 16:18:21,156: DEBUG: In 'R1', 364 out of 383 loci will be removed due to having no minor allele or having more than 100.0% missing genotypes
2014-01-27 16:18:21,324: DEBUG: In 'R1', 370 out of 383 loci will be removed due to having no minor allele or having more than 100.0% missing genotypes
2014-01-27 16:18:23,641: DEBUG: In 'R1', 366 out of 383 loci will be removed due to having no minor allele or having more than 100.0% missing genotypes
2014-01-27 16:18:23,972: DEBUG: In 'R1', 363 out of 383 loci will be removed due to having no minor allele or having more than 100.0% missing genotypes
2014-01-27 16:18:24,000: DEBUG: In 'R1', 363 out of 383 loci will be removed due to having no minor allele or having more than 100.0% missing genotypes
2014-01-27 16:18:24,155: DEBUG: In 'R1', 364 out of 383 loci will be removed due to having no minor allele or having more than 100.0% missing genotypes
2014-01-27 16:18:26,445: DEBUG: In 'R1', 367 out of 383 loci will be removed due to having no minor allele or having more than 100.0% missing genotypes
2014-01-27 16:18:26,792: DEBUG: In 'R1', 363 out of 383 loci will be removed due to having no minor allele or having more than 100.0% missing genotypes
2014-01-27 16:18:26,812: DEBUG: In 'R1', 359 out of 383 loci will be removed due to having no minor allele or having more than 100.0% missing genotypes
2014-01-27 16:18:26,978: DEBUG: In 'R1', 362 out of 383 loci will be removed due to having no minor allele or having more than 100.0% missing genotypes
2014-01-27 16:18:29,279: DEBUG: In 'R1', 358 out of 383 loci will be removed due to having no minor allele or having more than 100.0% missing genotypes
2014-01-27 16:18:29,632: DEBUG: In 'R1', 365 out of 383 loci will be removed due to having no minor allele or having more than 100.0% missing genotypes
2014-01-27 16:18:29,668: DEBUG: In 'R1', 370 out of 383 loci will be removed due to having no minor allele or having more than 100.0% missing genotypes
2014-01-27 16:18:29,831: DEBUG: In 'R1', 361 out of 383 loci will be removed due to having no minor allele or having more than 100.0% missing genotypes
2014-01-27 16:18:32,085: DEBUG: In 'R1', 362 out of 383 loci will be removed due to having no minor allele or having more than 100.0% missing genotypes
2014-01-27 16:18:32,458: DEBUG: In 'R1', 364 out of 383 loci will be removed due to having no minor allele or having more than 100.0% missing genotypes
2014-01-27 16:18:32,589: DEBUG: In 'R1', 365 out of 383 loci will be removed due to having no minor allele or having more than 100.0% missing genotypes
2014-01-27 16:18:32,648: DEBUG: In 'R1', 361 out of 383 loci will be removed due to having no minor allele or having more than 100.0% missing genotypes
2014-01-27 16:18:34,920: DEBUG: In 'R1', 366 out of 383 loci will be removed due to having no minor allele or having more than 100.0% missing genotypes
2014-01-27 16:18:35,275: DEBUG: In 'R1', 364 out of 383 loci will be removed due to having no minor allele or having more than 100.0% missing genotypes
2014-01-27 16:18:35,421: DEBUG: In 'R1', 363 out of 383 loci will be removed due to having no minor allele or having more than 100.0% missing genotypes
2014-01-27 16:18:35,474: DEBUG: In 'R1', 369 out of 383 loci will be removed due to having no minor allele or having more than 100.0% missing genotypes
2014-01-27 16:18:37,796: DEBUG: In 'R1', 363 out of 383 loci will be removed due to having no minor allele or having more than 100.0% missing genotypes
2014-01-27 16:18:38,109: DEBUG: In 'R1', 363 out of 383 loci will be removed due to having no minor allele or having more than 100.0% missing genotypes
2014-01-27 16:18:38,283: DEBUG: In 'R1', 367 out of 383 loci will be removed due to having no minor allele or having more than 100.0% missing genotypes
2014-01-27 16:18:38,335: DEBUG: In 'R1', 366 out of 383 loci will be removed due to having no minor allele or having more than 100.0% missing genotypes
2014-01-27 16:18:40,647: DEBUG: In 'R1', 365 out of 383 loci will be removed due to having no minor allele or having more than 100.0% missing genotypes
2014-01-27 16:18:40,977: DEBUG: In 'R1', 360 out of 383 loci will be removed due to having no minor allele or having more than 100.0% missing genotypes
2014-01-27 16:18:41,118: DEBUG: In 'R1', 357 out of 383 loci will be removed due to having no minor allele or having more than 100.0% missing genotypes
2014-01-27 16:18:41,173: DEBUG: In 'R1', 367 out of 383 loci will be removed due to having no minor allele or having more than 100.0% missing genotypes
2014-01-27 16:18:43,491: DEBUG: In 'R1', 369 out of 383 loci will be removed due to having no minor allele or having more than 100.0% missing genotypes
2014-01-27 16:18:43,818: DEBUG: In 'R1', 361 out of 383 loci will be removed due to having no minor allele or having more than 100.0% missing genotypes
2014-01-27 16:18:44,020: DEBUG: In 'R1', 362 out of 383 loci will be removed due to having no minor allele or having more than 100.0% missing genotypes
2014-01-27 16:18:44,072: DEBUG: In 'R1', 364 out of 383 loci will be removed due to having no minor allele or having more than 100.0% missing genotypes
2014-01-27 16:18:46,325: DEBUG: In 'R1', 370 out of 383 loci will be removed due to having no minor allele or having more than 100.0% missing genotypes
2014-01-27 16:18:46,678: DEBUG: In 'R1', 361 out of 383 loci will be removed due to having no minor allele or having more than 100.0% missing genotypes
2014-01-27 16:18:46,875: DEBUG: In 'R1', 363 out of 383 loci will be removed due to having no minor allele or having more than 100.0% missing genotypes
2014-01-27 16:18:46,920: DEBUG: In 'R1', 365 out of 383 loci will be removed due to having no minor allele or having more than 100.0% missing genotypes
2014-01-27 16:18:49,179: DEBUG: In 'R1', 363 out of 383 loci will be removed due to having no minor allele or having more than 100.0% missing genotypes
2014-01-27 16:18:49,515: DEBUG: In 'R1', 359 out of 383 loci will be removed due to having no minor allele or having more than 100.0% missing genotypes
2014-01-27 16:18:49,718: DEBUG: In 'R1', 360 out of 383 loci will be removed due to having no minor allele or having more than 100.0% missing genotypes
2014-01-27 16:18:49,756: DEBUG: In 'R1', 365 out of 383 loci will be removed due to having no minor allele or having more than 100.0% missing genotypes
2014-01-27 16:18:52,014: DEBUG: In 'R1', 363 out of 383 loci will be removed due to having no minor allele or having more than 100.0% missing genotypes
2014-01-27 16:18:52,360: DEBUG: In 'R1', 358 out of 383 loci will be removed due to having no minor allele or having more than 100.0% missing genotypes
2014-01-27 16:18:52,553: DEBUG: In 'R1', 368 out of 383 loci will be removed due to having no minor allele or having more than 100.0% missing genotypes
2014-01-27 16:18:52,593: DEBUG: In 'R1', 367 out of 383 loci will be removed due to having no minor allele or having more than 100.0% missing genotypes
2014-01-27 16:18:54,864: DEBUG: In 'R1', 357 out of 383 loci will be removed due to having no minor allele or having more than 100.0% missing genotypes
2014-01-27 16:18:55,209: DEBUG: In 'R1', 363 out of 383 loci will be removed due to having no minor allele or having more than 100.0% missing genotypes
2014-01-27 16:18:55,374: DEBUG: In 'R1', 365 out of 383 loci will be removed due to having no minor allele or having more than 100.0% missing genotypes
2014-01-27 16:18:55,423: DEBUG: In 'R1', 364 out of 383 loci will be removed due to having no minor allele or having more than 100.0% missing genotypes
2014-01-27 16:18:57,700: DEBUG: In 'R1', 363 out of 383 loci will be removed due to having no minor allele or having more than 100.0% missing genotypes
2014-01-27 16:18:58,051: DEBUG: In 'R1', 364 out of 383 loci will be removed due to having no minor allele or having more than 100.0% missing genotypes
2014-01-27 16:18:58,226: DEBUG: In 'R1', 366 out of 383 loci will be removed due to having no minor allele or having more than 100.0% missing genotypes
2014-01-27 16:18:58,256: DEBUG: In 'R1', 360 out of 383 loci will be removed due to having no minor allele or having more than 100.0% missing genotypes
2014-01-27 16:19:00,572: DEBUG: In 'R1', 362 out of 383 loci will be removed due to having no minor allele or having more than 100.0% missing genotypes
2014-01-27 16:19:00,925: DEBUG: In 'R1', 357 out of 383 loci will be removed due to having no minor allele or having more than 100.0% missing genotypes
2014-01-27 16:19:01,078: DEBUG: In 'R1', 366 out of 383 loci will be removed due to having no minor allele or having more than 100.0% missing genotypes
2014-01-27 16:19:01,123: DEBUG: In 'R1', 364 out of 383 loci will be removed due to having no minor allele or having more than 100.0% missing genotypes
2014-01-27 16:19:03,407: DEBUG: In 'R1', 367 out of 383 loci will be removed due to having no minor allele or having more than 100.0% missing genotypes
2014-01-27 16:19:03,798: DEBUG: In 'R1', 366 out of 383 loci will be removed due to having no minor allele or having more than 100.0% missing genotypes
2014-01-27 16:19:03,938: DEBUG: In 'R1', 362 out of 383 loci will be removed due to having no minor allele or having more than 100.0% missing genotypes
2014-01-27 16:19:03,974: DEBUG: In 'R1', 363 out of 383 loci will be removed due to having no minor allele or having more than 100.0% missing genotypes
2014-01-27 16:19:06,270: DEBUG: In 'R1', 365 out of 383 loci will be removed due to having no minor allele or having more than 100.0% missing genotypes
2014-01-27 16:19:06,679: DEBUG: In 'R1', 365 out of 383 loci will be removed due to having no minor allele or having more than 100.0% missing genotypes
2014-01-27 16:19:06,796: DEBUG: In 'R1', 367 out of 383 loci will be removed due to having no minor allele or having more than 100.0% missing genotypes
2014-01-27 16:19:06,834: DEBUG: In 'R1', 357 out of 383 loci will be removed due to having no minor allele or having more than 100.0% missing genotypes
2014-01-27 16:19:09,224: DEBUG: In 'R1', 365 out of 383 loci will be removed due to having no minor allele or having more than 100.0% missing genotypes
2014-01-27 16:19:09,677: DEBUG: In 'R1', 365 out of 383 loci will be removed due to having no minor allele or having more than 100.0% missing genotypes
2014-01-27 16:19:09,788: DEBUG: In 'R1', 365 out of 383 loci will be removed due to having no minor allele or having more than 100.0% missing genotypes
2014-01-27 16:19:09,847: DEBUG: In 'R1', 369 out of 383 loci will be removed due to having no minor allele or having more than 100.0% missing genotypes
2014-01-27 16:19:12,143: DEBUG: In 'R1', 364 out of 383 loci will be removed due to having no minor allele or having more than 100.0% missing genotypes
2014-01-27 16:19:12,545: DEBUG: In 'R1', 366 out of 383 loci will be removed due to having no minor allele or having more than 100.0% missing genotypes
2014-01-27 16:19:12,653: DEBUG: In 'R1', 358 out of 383 loci will be removed due to having no minor allele or having more than 100.0% missing genotypes
2014-01-27 16:19:12,700: DEBUG: In 'R1', 366 out of 383 loci will be removed due to having no minor allele or having more than 100.0% missing genotypes
2014-01-27 16:19:14,973: DEBUG: In 'R1', 360 out of 383 loci will be removed due to having no minor allele or having more than 100.0% missing genotypes
2014-01-27 16:19:15,399: DEBUG: In 'R1', 368 out of 383 loci will be removed due to having no minor allele or having more than 100.0% missing genotypes
2014-01-27 16:19:15,504: DEBUG: In 'R1', 370 out of 383 loci will be removed due to having no minor allele or having more than 100.0% missing genotypes
2014-01-27 16:19:15,545: DEBUG: In 'R1', 361 out of 383 loci will be removed due to having no minor allele or having more than 100.0% missing genotypes
2014-01-27 16:19:17,784: DEBUG: In 'R1', 366 out of 383 loci will be removed due to having no minor allele or having more than 100.0% missing genotypes
2014-01-27 16:19:18,236: DEBUG: In 'R1', 367 out of 383 loci will be removed due to having no minor allele or having more than 100.0% missing genotypes
2014-01-27 16:19:18,334: DEBUG: In 'R1', 362 out of 383 loci will be removed due to having no minor allele or having more than 100.0% missing genotypes
2014-01-27 16:19:18,357: DEBUG: In 'R1', 365 out of 383 loci will be removed due to having no minor allele or having more than 100.0% missing genotypes
2014-01-27 16:19:20,629: DEBUG: In 'R1', 363 out of 383 loci will be removed due to having no minor allele or having more than 100.0% missing genotypes
2014-01-27 16:19:21,069: DEBUG: In 'R1', 369 out of 383 loci will be removed due to having no minor allele or having more than 100.0% missing genotypes
2014-01-27 16:19:21,181: DEBUG: In 'R1', 365 out of 383 loci will be removed due to having no minor allele or having more than 100.0% missing genotypes
2014-01-27 16:19:21,222: DEBUG: In 'R1', 365 out of 383 loci will be removed due to having no minor allele or having more than 100.0% missing genotypes
2014-01-27 16:19:23,500: DEBUG: In 'R1', 360 out of 383 loci will be removed due to having no minor allele or having more than 100.0% missing genotypes
2014-01-27 16:19:23,928: DEBUG: In 'R1', 365 out of 383 loci will be removed due to having no minor allele or having more than 100.0% missing genotypes
2014-01-27 16:19:24,051: DEBUG: In 'R1', 368 out of 383 loci will be removed due to having no minor allele or having more than 100.0% missing genotypes
2014-01-27 16:19:24,070: DEBUG: In 'R1', 364 out of 383 loci will be removed due to having no minor allele or having more than 100.0% missing genotypes
2014-01-27 16:19:26,344: DEBUG: In 'R1', 367 out of 383 loci will be removed due to having no minor allele or having more than 100.0% missing genotypes
2014-01-27 16:19:26,783: DEBUG: In 'R1', 357 out of 383 loci will be removed due to having no minor allele or having more than 100.0% missing genotypes
2014-01-27 16:19:26,892: DEBUG: In 'R1', 362 out of 383 loci will be removed due to having no minor allele or having more than 100.0% missing genotypes
2014-01-27 16:19:26,915: DEBUG: In 'R1', 362 out of 383 loci will be removed due to having no minor allele or having more than 100.0% missing genotypes
2014-01-27 16:19:29,165: DEBUG: In 'R1', 360 out of 383 loci will be removed due to having no minor allele or having more than 100.0% missing genotypes
2014-01-27 16:19:29,601: DEBUG: In 'R1', 365 out of 383 loci will be removed due to having no minor allele or having more than 100.0% missing genotypes
2014-01-27 16:19:29,725: DEBUG: In 'R1', 362 out of 383 loci will be removed due to having no minor allele or having more than 100.0% missing genotypes
2014-01-27 16:19:29,729: DEBUG: In 'R1', 365 out of 383 loci will be removed due to having no minor allele or having more than 100.0% missing genotypes
2014-01-27 16:19:32,027: DEBUG: In 'R1', 365 out of 383 loci will be removed due to having no minor allele or having more than 100.0% missing genotypes
2014-01-27 16:19:32,459: DEBUG: In 'R1', 366 out of 383 loci will be removed due to having no minor allele or having more than 100.0% missing genotypes
2014-01-27 16:19:32,583: DEBUG: In 'R1', 364 out of 383 loci will be removed due to having no minor allele or having more than 100.0% missing genotypes
2014-01-27 16:19:32,591: DEBUG: In 'R1', 366 out of 383 loci will be removed due to having no minor allele or having more than 100.0% missing genotypes
2014-01-27 16:19:34,918: DEBUG: In 'R1', 362 out of 383 loci will be removed due to having no minor allele or having more than 100.0% missing genotypes
2014-01-27 16:19:35,355: DEBUG: In 'R1', 362 out of 383 loci will be removed due to having no minor allele or having more than 100.0% missing genotypes
2014-01-27 16:19:35,460: DEBUG: In 'R1', 360 out of 383 loci will be removed due to having no minor allele or having more than 100.0% missing genotypes
2014-01-27 16:19:35,478: DEBUG: In 'R1', 369 out of 383 loci will be removed due to having no minor allele or having more than 100.0% missing genotypes
2014-01-27 16:19:37,798: DEBUG: In 'R1', 366 out of 383 loci will be removed due to having no minor allele or having more than 100.0% missing genotypes
2014-01-27 16:19:38,243: DEBUG: In 'R1', 364 out of 383 loci will be removed due to having no minor allele or having more than 100.0% missing genotypes
2014-01-27 16:19:38,352: DEBUG: In 'R1', 361 out of 383 loci will be removed due to having no minor allele or having more than 100.0% missing genotypes
2014-01-27 16:19:38,363: DEBUG: In 'R1', 369 out of 383 loci will be removed due to having no minor allele or having more than 100.0% missing genotypes
2014-01-27 16:19:40,619: DEBUG: In 'R1', 362 out of 383 loci will be removed due to having no minor allele or having more than 100.0% missing genotypes
2014-01-27 16:19:41,078: DEBUG: In 'R1', 365 out of 383 loci will be removed due to having no minor allele or having more than 100.0% missing genotypes
2014-01-27 16:19:41,173: DEBUG: In 'R1', 369 out of 383 loci will be removed due to having no minor allele or having more than 100.0% missing genotypes
2014-01-27 16:19:41,195: DEBUG: In 'R1', 362 out of 383 loci will be removed due to having no minor allele or having more than 100.0% missing genotypes
2014-01-27 16:19:43,483: DEBUG: In 'R1', 363 out of 383 loci will be removed due to having no minor allele or having more than 100.0% missing genotypes
2014-01-27 16:19:43,940: DEBUG: In 'R1', 366 out of 383 loci will be removed due to having no minor allele or having more than 100.0% missing genotypes
2014-01-27 16:19:44,031: DEBUG: In 'R1', 362 out of 383 loci will be removed due to having no minor allele or having more than 100.0% missing genotypes
2014-01-27 16:19:44,042: DEBUG: In 'R1', 364 out of 383 loci will be removed due to having no minor allele or having more than 100.0% missing genotypes
2014-01-27 16:19:46,378: DEBUG: In 'R1', 367 out of 383 loci will be removed due to having no minor allele or having more than 100.0% missing genotypes
2014-01-27 16:19:46,793: DEBUG: In 'R1', 370 out of 383 loci will be removed due to having no minor allele or having more than 100.0% missing genotypes
2014-01-27 16:19:46,879: DEBUG: In 'R1', 366 out of 383 loci will be removed due to having no minor allele or having more than 100.0% missing genotypes
2014-01-27 16:19:46,897: DEBUG: In 'R1', 367 out of 383 loci will be removed due to having no minor allele or having more than 100.0% missing genotypes
2014-01-27 16:19:49,215: DEBUG: In 'R1', 363 out of 383 loci will be removed due to having no minor allele or having more than 100.0% missing genotypes
2014-01-27 16:19:49,654: DEBUG: In 'R1', 366 out of 383 loci will be removed due to having no minor allele or having more than 100.0% missing genotypes
2014-01-27 16:19:49,730: DEBUG: In 'R1', 362 out of 383 loci will be removed due to having no minor allele or having more than 100.0% missing genotypes
2014-01-27 16:19:49,736: DEBUG: In 'R1', 367 out of 383 loci will be removed due to having no minor allele or having more than 100.0% missing genotypes
2014-01-27 16:19:52,070: DEBUG: In 'R1', 362 out of 383 loci will be removed due to having no minor allele or having more than 100.0% missing genotypes
2014-01-27 16:19:52,488: DEBUG: In 'R1', 369 out of 383 loci will be removed due to having no minor allele or having more than 100.0% missing genotypes
2014-01-27 16:19:52,586: DEBUG: In 'R1', 366 out of 383 loci will be removed due to having no minor allele or having more than 100.0% missing genotypes
2014-01-27 16:19:52,592: DEBUG: In 'R1', 364 out of 383 loci will be removed due to having no minor allele or having more than 100.0% missing genotypes
2014-01-27 16:19:54,920: DEBUG: In 'R1', 363 out of 383 loci will be removed due to having no minor allele or having more than 100.0% missing genotypes
2014-01-27 16:19:55,347: DEBUG: In 'R1', 362 out of 383 loci will be removed due to having no minor allele or having more than 100.0% missing genotypes
2014-01-27 16:19:55,437: DEBUG: In 'R1', 366 out of 383 loci will be removed due to having no minor allele or having more than 100.0% missing genotypes
2014-01-27 16:19:55,446: DEBUG: In 'R1', 365 out of 383 loci will be removed due to having no minor allele or having more than 100.0% missing genotypes
2014-01-27 16:19:57,729: DEBUG: In 'R1', 362 out of 383 loci will be removed due to having no minor allele or having more than 100.0% missing genotypes
2014-01-27 16:19:58,172: DEBUG: In 'R1', 367 out of 383 loci will be removed due to having no minor allele or having more than 100.0% missing genotypes
2014-01-27 16:19:58,260: DEBUG: In 'R1', 362 out of 383 loci will be removed due to having no minor allele or having more than 100.0% missing genotypes
2014-01-27 16:19:58,266: DEBUG: In 'R1', 361 out of 383 loci will be removed due to having no minor allele or having more than 100.0% missing genotypes
2014-01-27 16:20:00,581: DEBUG: In 'R1', 363 out of 383 loci will be removed due to having no minor allele or having more than 100.0% missing genotypes
2014-01-27 16:20:01,020: DEBUG: In 'R1', 364 out of 383 loci will be removed due to having no minor allele or having more than 100.0% missing genotypes
2014-01-27 16:20:01,109: DEBUG: In 'R1', 364 out of 383 loci will be removed due to having no minor allele or having more than 100.0% missing genotypes
2014-01-27 16:20:01,127: DEBUG: In 'R1', 364 out of 383 loci will be removed due to having no minor allele or having more than 100.0% missing genotypes
2014-01-27 16:20:03,401: DEBUG: In 'R1', 359 out of 383 loci will be removed due to having no minor allele or having more than 100.0% missing genotypes
2014-01-27 16:20:03,871: DEBUG: In 'R1', 356 out of 383 loci will be removed due to having no minor allele or having more than 100.0% missing genotypes
2014-01-27 16:20:03,950: DEBUG: In 'R1', 359 out of 383 loci will be removed due to having no minor allele or having more than 100.0% missing genotypes
2014-01-27 16:20:03,961: DEBUG: In 'R1', 362 out of 383 loci will be removed due to having no minor allele or having more than 100.0% missing genotypes
2014-01-27 16:20:06,264: DEBUG: In 'R1', 368 out of 383 loci will be removed due to having no minor allele or having more than 100.0% missing genotypes
2014-01-27 16:20:06,729: DEBUG: In 'R1', 364 out of 383 loci will be removed due to having no minor allele or having more than 100.0% missing genotypes
2014-01-27 16:20:06,804: DEBUG: In 'R1', 364 out of 383 loci will be removed due to having no minor allele or having more than 100.0% missing genotypes
2014-01-27 16:20:06,817: DEBUG: In 'R1', 363 out of 383 loci will be removed due to having no minor allele or having more than 100.0% missing genotypes
2014-01-27 16:20:09,123: DEBUG: In 'R1', 363 out of 383 loci will be removed due to having no minor allele or having more than 100.0% missing genotypes
2014-01-27 16:20:09,576: DEBUG: In 'R1', 362 out of 383 loci will be removed due to having no minor allele or having more than 100.0% missing genotypes
2014-01-27 16:20:09,653: DEBUG: In 'R1', 360 out of 383 loci will be removed due to having no minor allele or having more than 100.0% missing genotypes
2014-01-27 16:20:09,671: DEBUG: In 'R1', 368 out of 383 loci will be removed due to having no minor allele or having more than 100.0% missing genotypes
2014-01-27 16:20:12,041: DEBUG: In 'R1', 369 out of 383 loci will be removed due to having no minor allele or having more than 100.0% missing genotypes
2014-01-27 16:20:12,464: DEBUG: In 'R1', 362 out of 383 loci will be removed due to having no minor allele or having more than 100.0% missing genotypes
2014-01-27 16:20:12,508: DEBUG: In 'R1', 366 out of 383 loci will be removed due to having no minor allele or having more than 100.0% missing genotypes
2014-01-27 16:20:12,512: DEBUG: In 'R1', 365 out of 383 loci will be removed due to having no minor allele or having more than 100.0% missing genotypes
2014-01-27 16:20:12,532: DEBUG: create table LOGIT(Title string, Name string, Method string, Power number, Power_median number, Power_std number, Case_cmaf number, Case_cmaf_median number, Case_cmaf_std number, Cmaf number, Cmaf_deleterious number, Cmaf_neutral number, Cmaf_protective number, Ctrl_cmaf number, Ctrl_cmaf_median number, Ctrl_cmaf_std number, Moi string, Ncases number, Nctrls number, Num_variants number, Num_variants_analyzed number, Num_variants_analyzed_median number, Num_variants_analyzed_std number, Sample_size number, Sample_size_analyzed number, Sample_size_analyzed_median number, Sample_size_analyzed_std number, Total_mac_analyzed number, Total_mac_analyzed_median number, Total_mac_analyzed_std number, _or_common_deleterious number, _or_common_protective number, _or_rare_deleterious number, _or_rare_protective number, _alpha number, _baseline_effect number, _cmd string, _p1 number, _replicates number, _seed number)
2014-01-27 16:20:12,533: DEBUG: Column names in table LOGIT:
title, name, method, power, power_median, power_std, case_cmaf, case_cmaf_median, case_cmaf_std, cmaf, cmaf_deleterious, cmaf_neutral, cmaf_protective, ctrl_cmaf, ctrl_cmaf_median, ctrl_cmaf_std, moi, ncases, nctrls, num_variants, num_variants_analyzed, num_variants_analyzed_median, num_variants_analyzed_std, sample_size, sample_size_analyzed, sample_size_analyzed_median, sample_size_analyzed_std, total_mac_analyzed, total_mac_analyzed_median, total_mac_analyzed_std, _or_common_deleterious, _or_common_protective, _or_rare_deleterious, _or_rare_protective, _alpha, _baseline_effect, _cmd, _p1, _replicates, _seed
2014-01-27 16:20:12,538: DEBUG: Column names in table LOGITloci:
title, name, case_maf, ctrl_maf, direction, effect_size, function_class, function_score, gf0, gf2, maf, population_attributable_risk, pos, sites_removal, variant_class
2014-01-27 16:20:12,546: INFO: Tuning [exercise.SEQPowerDB] ...
2014-01-27 16:20:12,546: DEBUG:  DELETE FROM LOGIT WHERE rowid NOT IN (SELECT MAX(rowid) FROM LOGIT GROUP BY title,name,method,power,power_median,power_std,case_cmaf,case_cmaf_median,case_cmaf_std,cmaf,cmaf_deleterious,cmaf_neutral,cmaf_protective,ctrl_cmaf,ctrl_cmaf_median,ctrl_cmaf_std,moi,ncases,nctrls,num_variants,num_variants_analyzed,num_variants_analyzed_median,num_variants_analyzed_std,sample_size,sample_size_analyzed,sample_size_analyzed_median,sample_size_analyzed_std,total_mac_analyzed,total_mac_analyzed_median,total_mac_analyzed_std,_or_common_deleterious,_or_common_protective,_or_rare_deleterious,_or_rare_protective,_alpha,_baseline_effect,_cmd,_p1,_replicates,_seed)
2014-01-27 16:20:12,548: INFO: Result saved to [exercise.csv/.loci.csv/.SEQPowerDB]
2014-01-27 16:25:32,466: DEBUG: 
====================================================================================================
spower 'LOGIT' 'Kryukov2009European1800.sfs' --def_rare 0.01 --def_neutral -0.0001 0.0001 --moi 'A' --proportion_associated_deleterious 1 --proportion_associated_protective 0 --OR_rare_deleterious 1.5 --OR_common_deleterious 1 --baseline_effect 0.01 --sample_size 1000 --p1 0.5 --limit 1 --alpha 0.05 --method 'KBAC --name K1 --mafupper 0.01 --maflower 0 --alternative 1 --moi additive --permutations 1000 --adaptive 0.1' --replicates 1000 --jobs 4 -o 'exercise'
====================================================================================================
2014-01-27 16:25:32,466: INFO: Loading data from [Kryukov2009European1800.sfs] ...
2014-01-27 16:25:32,605: INFO: 200 units found
2014-01-27 16:25:32,605: INFO: 1 units will be analyzed
2014-01-27 16:25:35,464: DEBUG: In 'R1', 362 out of 383 loci will be removed due to having no minor allele or having more than 100.0% missing genotypes
2014-01-27 16:25:35,472: DEBUG: In 'R1', 365 out of 383 loci will be removed due to having no minor allele or having more than 100.0% missing genotypes
2014-01-27 16:25:35,476: DEBUG: In 'R1', 367 out of 383 loci will be removed due to having no minor allele or having more than 100.0% missing genotypes
2014-01-27 16:25:35,483: DEBUG: In 'R1', 366 out of 383 loci will be removed due to having no minor allele or having more than 100.0% missing genotypes
2014-01-27 16:25:38,775: DEBUG: In 'R1', 352 out of 383 loci will be removed due to having no minor allele or having more than 100.0% missing genotypes
2014-01-27 16:25:38,802: DEBUG: In 'R1', 362 out of 383 loci will be removed due to having no minor allele or having more than 100.0% missing genotypes
2014-01-27 16:25:38,814: DEBUG: In 'R1', 359 out of 383 loci will be removed due to having no minor allele or having more than 100.0% missing genotypes
2014-01-27 16:25:38,819: DEBUG: In 'R1', 359 out of 383 loci will be removed due to having no minor allele or having more than 100.0% missing genotypes
2014-01-27 16:25:42,141: DEBUG: In 'R1', 367 out of 383 loci will be removed due to having no minor allele or having more than 100.0% missing genotypes
2014-01-27 16:25:42,191: DEBUG: In 'R1', 368 out of 383 loci will be removed due to having no minor allele or having more than 100.0% missing genotypes
2014-01-27 16:25:42,198: DEBUG: In 'R1', 362 out of 383 loci will be removed due to having no minor allele or having more than 100.0% missing genotypes
2014-01-27 16:25:42,230: DEBUG: In 'R1', 357 out of 383 loci will be removed due to having no minor allele or having more than 100.0% missing genotypes
2014-01-27 16:25:45,456: DEBUG: In 'R1', 360 out of 383 loci will be removed due to having no minor allele or having more than 100.0% missing genotypes
2014-01-27 16:25:45,500: DEBUG: In 'R1', 364 out of 383 loci will be removed due to having no minor allele or having more than 100.0% missing genotypes
2014-01-27 16:25:45,559: DEBUG: In 'R1', 361 out of 383 loci will be removed due to having no minor allele or having more than 100.0% missing genotypes
2014-01-27 16:25:45,605: DEBUG: In 'R1', 362 out of 383 loci will be removed due to having no minor allele or having more than 100.0% missing genotypes
2014-01-27 16:25:48,814: DEBUG: In 'R1', 364 out of 383 loci will be removed due to having no minor allele or having more than 100.0% missing genotypes
2014-01-27 16:25:48,842: DEBUG: In 'R1', 362 out of 383 loci will be removed due to having no minor allele or having more than 100.0% missing genotypes
2014-01-27 16:25:48,916: DEBUG: In 'R1', 364 out of 383 loci will be removed due to having no minor allele or having more than 100.0% missing genotypes
2014-01-27 16:25:48,958: DEBUG: In 'R1', 365 out of 383 loci will be removed due to having no minor allele or having more than 100.0% missing genotypes
2014-01-27 16:25:52,150: DEBUG: In 'R1', 365 out of 383 loci will be removed due to having no minor allele or having more than 100.0% missing genotypes
2014-01-27 16:25:52,211: DEBUG: In 'R1', 361 out of 383 loci will be removed due to having no minor allele or having more than 100.0% missing genotypes
2014-01-27 16:25:52,241: DEBUG: In 'R1', 365 out of 383 loci will be removed due to having no minor allele or having more than 100.0% missing genotypes
2014-01-27 16:25:52,270: DEBUG: In 'R1', 362 out of 383 loci will be removed due to having no minor allele or having more than 100.0% missing genotypes
2014-01-27 16:25:55,474: DEBUG: In 'R1', 360 out of 383 loci will be removed due to having no minor allele or having more than 100.0% missing genotypes
2014-01-27 16:25:55,560: DEBUG: In 'R1', 365 out of 383 loci will be removed due to having no minor allele or having more than 100.0% missing genotypes
2014-01-27 16:25:55,563: DEBUG: In 'R1', 366 out of 383 loci will be removed due to having no minor allele or having more than 100.0% missing genotypes
2014-01-27 16:25:55,616: DEBUG: In 'R1', 360 out of 383 loci will be removed due to having no minor allele or having more than 100.0% missing genotypes
2014-01-27 16:25:58,862: DEBUG: In 'R1', 365 out of 383 loci will be removed due to having no minor allele or having more than 100.0% missing genotypes
2014-01-27 16:25:58,921: DEBUG: In 'R1', 364 out of 383 loci will be removed due to having no minor allele or having more than 100.0% missing genotypes
2014-01-27 16:25:58,925: DEBUG: In 'R1', 371 out of 383 loci will be removed due to having no minor allele or having more than 100.0% missing genotypes
2014-01-27 16:25:59,044: DEBUG: In 'R1', 368 out of 383 loci will be removed due to having no minor allele or having more than 100.0% missing genotypes
2014-01-27 16:26:02,203: DEBUG: In 'R1', 360 out of 383 loci will be removed due to having no minor allele or having more than 100.0% missing genotypes
2014-01-27 16:26:02,225: DEBUG: In 'R1', 364 out of 383 loci will be removed due to having no minor allele or having more than 100.0% missing genotypes
2014-01-27 16:26:02,278: DEBUG: In 'R1', 357 out of 383 loci will be removed due to having no minor allele or having more than 100.0% missing genotypes
2014-01-27 16:26:02,376: DEBUG: In 'R1', 360 out of 383 loci will be removed due to having no minor allele or having more than 100.0% missing genotypes
2014-01-27 16:26:05,584: DEBUG: In 'R1', 366 out of 383 loci will be removed due to having no minor allele or having more than 100.0% missing genotypes
2014-01-27 16:26:05,603: DEBUG: In 'R1', 372 out of 383 loci will be removed due to having no minor allele or having more than 100.0% missing genotypes
2014-01-27 16:26:05,720: DEBUG: In 'R1', 362 out of 383 loci will be removed due to having no minor allele or having more than 100.0% missing genotypes
2014-01-27 16:26:05,764: DEBUG: In 'R1', 361 out of 383 loci will be removed due to having no minor allele or having more than 100.0% missing genotypes
2014-01-27 16:26:08,887: DEBUG: In 'R1', 364 out of 383 loci will be removed due to having no minor allele or having more than 100.0% missing genotypes
2014-01-27 16:26:08,912: DEBUG: In 'R1', 366 out of 383 loci will be removed due to having no minor allele or having more than 100.0% missing genotypes
2014-01-27 16:26:09,067: DEBUG: In 'R1', 362 out of 383 loci will be removed due to having no minor allele or having more than 100.0% missing genotypes
2014-01-27 16:26:09,140: DEBUG: In 'R1', 360 out of 383 loci will be removed due to having no minor allele or having more than 100.0% missing genotypes
2014-01-27 16:26:12,240: DEBUG: In 'R1', 365 out of 383 loci will be removed due to having no minor allele or having more than 100.0% missing genotypes
2014-01-27 16:26:12,249: DEBUG: In 'R1', 361 out of 383 loci will be removed due to having no minor allele or having more than 100.0% missing genotypes
2014-01-27 16:26:12,444: DEBUG: In 'R1', 360 out of 383 loci will be removed due to having no minor allele or having more than 100.0% missing genotypes
2014-01-27 16:26:12,518: DEBUG: In 'R1', 363 out of 383 loci will be removed due to having no minor allele or having more than 100.0% missing genotypes
2014-01-27 16:26:15,694: DEBUG: In 'R1', 363 out of 383 loci will be removed due to having no minor allele or having more than 100.0% missing genotypes
2014-01-27 16:26:15,750: DEBUG: In 'R1', 361 out of 383 loci will be removed due to having no minor allele or having more than 100.0% missing genotypes
2014-01-27 16:26:15,941: DEBUG: In 'R1', 369 out of 383 loci will be removed due to having no minor allele or having more than 100.0% missing genotypes
2014-01-27 16:26:15,999: DEBUG: In 'R1', 363 out of 383 loci will be removed due to having no minor allele or having more than 100.0% missing genotypes
2014-01-27 16:26:19,063: DEBUG: In 'R1', 359 out of 383 loci will be removed due to having no minor allele or having more than 100.0% missing genotypes
2014-01-27 16:26:19,155: DEBUG: In 'R1', 361 out of 383 loci will be removed due to having no minor allele or having more than 100.0% missing genotypes
2014-01-27 16:26:19,284: DEBUG: In 'R1', 361 out of 383 loci will be removed due to having no minor allele or having more than 100.0% missing genotypes
2014-01-27 16:26:19,374: DEBUG: In 'R1', 370 out of 383 loci will be removed due to having no minor allele or having more than 100.0% missing genotypes
2014-01-27 16:26:22,487: DEBUG: In 'R1', 369 out of 383 loci will be removed due to having no minor allele or having more than 100.0% missing genotypes
2014-01-27 16:26:22,547: DEBUG: In 'R1', 361 out of 383 loci will be removed due to having no minor allele or having more than 100.0% missing genotypes
2014-01-27 16:26:22,682: DEBUG: In 'R1', 367 out of 383 loci will be removed due to having no minor allele or having more than 100.0% missing genotypes
2014-01-27 16:26:22,688: DEBUG: In 'R1', 365 out of 383 loci will be removed due to having no minor allele or having more than 100.0% missing genotypes
2014-01-27 16:26:25,755: DEBUG: In 'R1', 365 out of 383 loci will be removed due to having no minor allele or having more than 100.0% missing genotypes
2014-01-27 16:26:25,910: DEBUG: In 'R1', 362 out of 383 loci will be removed due to having no minor allele or having more than 100.0% missing genotypes
2014-01-27 16:26:26,014: DEBUG: In 'R1', 367 out of 383 loci will be removed due to having no minor allele or having more than 100.0% missing genotypes
2014-01-27 16:26:26,019: DEBUG: In 'R1', 361 out of 383 loci will be removed due to having no minor allele or having more than 100.0% missing genotypes
2014-01-27 16:26:29,083: DEBUG: In 'R1', 366 out of 383 loci will be removed due to having no minor allele or having more than 100.0% missing genotypes
2014-01-27 16:26:29,268: DEBUG: In 'R1', 359 out of 383 loci will be removed due to having no minor allele or having more than 100.0% missing genotypes
2014-01-27 16:26:29,334: DEBUG: In 'R1', 361 out of 383 loci will be removed due to having no minor allele or having more than 100.0% missing genotypes
2014-01-27 16:26:29,377: DEBUG: In 'R1', 360 out of 383 loci will be removed due to having no minor allele or having more than 100.0% missing genotypes
2014-01-27 16:26:32,570: DEBUG: In 'R1', 367 out of 383 loci will be removed due to having no minor allele or having more than 100.0% missing genotypes
2014-01-27 16:26:32,812: DEBUG: In 'R1', 366 out of 383 loci will be removed due to having no minor allele or having more than 100.0% missing genotypes
2014-01-27 16:26:32,868: DEBUG: In 'R1', 366 out of 383 loci will be removed due to having no minor allele or having more than 100.0% missing genotypes
2014-01-27 16:26:32,930: DEBUG: In 'R1', 369 out of 383 loci will be removed due to having no minor allele or having more than 100.0% missing genotypes
2014-01-27 16:26:35,930: DEBUG: In 'R1', 364 out of 383 loci will be removed due to having no minor allele or having more than 100.0% missing genotypes
2014-01-27 16:26:36,165: DEBUG: In 'R1', 367 out of 383 loci will be removed due to having no minor allele or having more than 100.0% missing genotypes
2014-01-27 16:26:36,219: DEBUG: In 'R1', 362 out of 383 loci will be removed due to having no minor allele or having more than 100.0% missing genotypes
2014-01-27 16:26:36,304: DEBUG: In 'R1', 369 out of 383 loci will be removed due to having no minor allele or having more than 100.0% missing genotypes
2014-01-27 16:26:39,277: DEBUG: In 'R1', 365 out of 383 loci will be removed due to having no minor allele or having more than 100.0% missing genotypes
2014-01-27 16:26:39,527: DEBUG: In 'R1', 364 out of 383 loci will be removed due to having no minor allele or having more than 100.0% missing genotypes
2014-01-27 16:26:39,586: DEBUG: In 'R1', 362 out of 383 loci will be removed due to having no minor allele or having more than 100.0% missing genotypes
2014-01-27 16:26:39,620: DEBUG: In 'R1', 363 out of 383 loci will be removed due to having no minor allele or having more than 100.0% missing genotypes
2014-01-27 16:26:42,629: DEBUG: In 'R1', 368 out of 383 loci will be removed due to having no minor allele or having more than 100.0% missing genotypes
2014-01-27 16:26:42,906: DEBUG: In 'R1', 362 out of 383 loci will be removed due to having no minor allele or having more than 100.0% missing genotypes
2014-01-27 16:26:42,972: DEBUG: In 'R1', 358 out of 383 loci will be removed due to having no minor allele or having more than 100.0% missing genotypes
2014-01-27 16:26:43,025: DEBUG: In 'R1', 371 out of 383 loci will be removed due to having no minor allele or having more than 100.0% missing genotypes
2014-01-27 16:26:45,966: DEBUG: In 'R1', 362 out of 383 loci will be removed due to having no minor allele or having more than 100.0% missing genotypes
2014-01-27 16:26:46,319: DEBUG: In 'R1', 364 out of 383 loci will be removed due to having no minor allele or having more than 100.0% missing genotypes
2014-01-27 16:26:46,359: DEBUG: In 'R1', 361 out of 383 loci will be removed due to having no minor allele or having more than 100.0% missing genotypes
2014-01-27 16:26:46,389: DEBUG: In 'R1', 367 out of 383 loci will be removed due to having no minor allele or having more than 100.0% missing genotypes
2014-01-27 16:26:49,347: DEBUG: In 'R1', 364 out of 383 loci will be removed due to having no minor allele or having more than 100.0% missing genotypes
2014-01-27 16:26:49,673: DEBUG: In 'R1', 367 out of 383 loci will be removed due to having no minor allele or having more than 100.0% missing genotypes
2014-01-27 16:26:49,728: DEBUG: In 'R1', 368 out of 383 loci will be removed due to having no minor allele or having more than 100.0% missing genotypes
2014-01-27 16:26:49,786: DEBUG: In 'R1', 363 out of 383 loci will be removed due to having no minor allele or having more than 100.0% missing genotypes
2014-01-27 16:26:52,700: DEBUG: In 'R1', 359 out of 383 loci will be removed due to having no minor allele or having more than 100.0% missing genotypes
2014-01-27 16:26:53,001: DEBUG: In 'R1', 361 out of 383 loci will be removed due to having no minor allele or having more than 100.0% missing genotypes
2014-01-27 16:26:53,074: DEBUG: In 'R1', 363 out of 383 loci will be removed due to having no minor allele or having more than 100.0% missing genotypes
2014-01-27 16:26:53,151: DEBUG: In 'R1', 362 out of 383 loci will be removed due to having no minor allele or having more than 100.0% missing genotypes
2014-01-27 16:26:56,140: DEBUG: In 'R1', 363 out of 383 loci will be removed due to having no minor allele or having more than 100.0% missing genotypes
2014-01-27 16:26:56,407: DEBUG: In 'R1', 364 out of 383 loci will be removed due to having no minor allele or having more than 100.0% missing genotypes
2014-01-27 16:26:56,453: DEBUG: In 'R1', 363 out of 383 loci will be removed due to having no minor allele or having more than 100.0% missing genotypes
2014-01-27 16:26:56,577: DEBUG: In 'R1', 367 out of 383 loci will be removed due to having no minor allele or having more than 100.0% missing genotypes
2014-01-27 16:26:59,522: DEBUG: In 'R1', 364 out of 383 loci will be removed due to having no minor allele or having more than 100.0% missing genotypes
2014-01-27 16:26:59,792: DEBUG: In 'R1', 370 out of 383 loci will be removed due to having no minor allele or having more than 100.0% missing genotypes
2014-01-27 16:26:59,837: DEBUG: In 'R1', 362 out of 383 loci will be removed due to having no minor allele or having more than 100.0% missing genotypes
2014-01-27 16:26:59,939: DEBUG: In 'R1', 368 out of 383 loci will be removed due to having no minor allele or having more than 100.0% missing genotypes
2014-01-27 16:27:02,867: DEBUG: In 'R1', 361 out of 383 loci will be removed due to having no minor allele or having more than 100.0% missing genotypes
2014-01-27 16:27:03,100: DEBUG: In 'R1', 357 out of 383 loci will be removed due to having no minor allele or having more than 100.0% missing genotypes
2014-01-27 16:27:03,226: DEBUG: In 'R1', 367 out of 383 loci will be removed due to having no minor allele or having more than 100.0% missing genotypes
2014-01-27 16:27:03,249: DEBUG: In 'R1', 368 out of 383 loci will be removed due to having no minor allele or having more than 100.0% missing genotypes
2014-01-27 16:27:06,273: DEBUG: In 'R1', 361 out of 383 loci will be removed due to having no minor allele or having more than 100.0% missing genotypes
2014-01-27 16:27:06,547: DEBUG: In 'R1', 357 out of 383 loci will be removed due to having no minor allele or having more than 100.0% missing genotypes
2014-01-27 16:27:06,568: DEBUG: In 'R1', 368 out of 383 loci will be removed due to having no minor allele or having more than 100.0% missing genotypes
2014-01-27 16:27:06,588: DEBUG: In 'R1', 359 out of 383 loci will be removed due to having no minor allele or having more than 100.0% missing genotypes
2014-01-27 16:27:09,704: DEBUG: In 'R1', 355 out of 383 loci will be removed due to having no minor allele or having more than 100.0% missing genotypes
2014-01-27 16:27:09,920: DEBUG: In 'R1', 365 out of 383 loci will be removed due to having no minor allele or having more than 100.0% missing genotypes
2014-01-27 16:27:10,012: DEBUG: In 'R1', 363 out of 383 loci will be removed due to having no minor allele or having more than 100.0% missing genotypes
2014-01-27 16:27:10,022: DEBUG: In 'R1', 371 out of 383 loci will be removed due to having no minor allele or having more than 100.0% missing genotypes
2014-01-27 16:27:13,196: DEBUG: In 'R1', 363 out of 383 loci will be removed due to having no minor allele or having more than 100.0% missing genotypes
2014-01-27 16:27:13,310: DEBUG: In 'R1', 367 out of 383 loci will be removed due to having no minor allele or having more than 100.0% missing genotypes
2014-01-27 16:27:13,365: DEBUG: In 'R1', 366 out of 383 loci will be removed due to having no minor allele or having more than 100.0% missing genotypes
2014-01-27 16:27:13,417: DEBUG: In 'R1', 361 out of 383 loci will be removed due to having no minor allele or having more than 100.0% missing genotypes
2014-01-27 16:27:16,572: DEBUG: In 'R1', 364 out of 383 loci will be removed due to having no minor allele or having more than 100.0% missing genotypes
2014-01-27 16:27:16,629: DEBUG: In 'R1', 361 out of 383 loci will be removed due to having no minor allele or having more than 100.0% missing genotypes
2014-01-27 16:27:16,706: DEBUG: In 'R1', 361 out of 383 loci will be removed due to having no minor allele or having more than 100.0% missing genotypes
2014-01-27 16:27:16,809: DEBUG: In 'R1', 362 out of 383 loci will be removed due to having no minor allele or having more than 100.0% missing genotypes
2014-01-27 16:27:19,965: DEBUG: In 'R1', 364 out of 383 loci will be removed due to having no minor allele or having more than 100.0% missing genotypes
2014-01-27 16:27:20,084: DEBUG: In 'R1', 363 out of 383 loci will be removed due to having no minor allele or having more than 100.0% missing genotypes
2014-01-27 16:27:20,168: DEBUG: In 'R1', 361 out of 383 loci will be removed due to having no minor allele or having more than 100.0% missing genotypes
2014-01-27 16:27:20,241: DEBUG: In 'R1', 363 out of 383 loci will be removed due to having no minor allele or having more than 100.0% missing genotypes
2014-01-27 16:27:23,377: DEBUG: In 'R1', 365 out of 383 loci will be removed due to having no minor allele or having more than 100.0% missing genotypes
2014-01-27 16:27:23,517: DEBUG: In 'R1', 366 out of 383 loci will be removed due to having no minor allele or having more than 100.0% missing genotypes
2014-01-27 16:27:23,616: DEBUG: In 'R1', 368 out of 383 loci will be removed due to having no minor allele or having more than 100.0% missing genotypes
2014-01-27 16:27:23,673: DEBUG: In 'R1', 367 out of 383 loci will be removed due to having no minor allele or having more than 100.0% missing genotypes
2014-01-27 16:27:26,770: DEBUG: In 'R1', 364 out of 383 loci will be removed due to having no minor allele or having more than 100.0% missing genotypes
2014-01-27 16:27:26,904: DEBUG: In 'R1', 360 out of 383 loci will be removed due to having no minor allele or having more than 100.0% missing genotypes
2014-01-27 16:27:26,962: DEBUG: In 'R1', 361 out of 383 loci will be removed due to having no minor allele or having more than 100.0% missing genotypes
2014-01-27 16:27:27,037: DEBUG: In 'R1', 369 out of 383 loci will be removed due to having no minor allele or having more than 100.0% missing genotypes
2014-01-27 16:27:30,121: DEBUG: In 'R1', 359 out of 383 loci will be removed due to having no minor allele or having more than 100.0% missing genotypes
2014-01-27 16:27:30,340: DEBUG: In 'R1', 369 out of 383 loci will be removed due to having no minor allele or having more than 100.0% missing genotypes
2014-01-27 16:27:30,353: DEBUG: In 'R1', 365 out of 383 loci will be removed due to having no minor allele or having more than 100.0% missing genotypes
2014-01-27 16:27:30,380: DEBUG: In 'R1', 358 out of 383 loci will be removed due to having no minor allele or having more than 100.0% missing genotypes
2014-01-27 16:27:33,704: DEBUG: In 'R1', 366 out of 383 loci will be removed due to having no minor allele or having more than 100.0% missing genotypes
2014-01-27 16:27:33,835: DEBUG: In 'R1', 361 out of 383 loci will be removed due to having no minor allele or having more than 100.0% missing genotypes
2014-01-27 16:27:33,892: DEBUG: In 'R1', 359 out of 383 loci will be removed due to having no minor allele or having more than 100.0% missing genotypes
2014-01-27 16:27:33,953: DEBUG: In 'R1', 364 out of 383 loci will be removed due to having no minor allele or having more than 100.0% missing genotypes
2014-01-27 16:27:37,059: DEBUG: In 'R1', 363 out of 383 loci will be removed due to having no minor allele or having more than 100.0% missing genotypes
2014-01-27 16:27:37,241: DEBUG: In 'R1', 360 out of 383 loci will be removed due to having no minor allele or having more than 100.0% missing genotypes
2014-01-27 16:27:37,293: DEBUG: In 'R1', 368 out of 383 loci will be removed due to having no minor allele or having more than 100.0% missing genotypes
2014-01-27 16:27:37,310: DEBUG: In 'R1', 362 out of 383 loci will be removed due to having no minor allele or having more than 100.0% missing genotypes
2014-01-27 16:27:40,446: DEBUG: In 'R1', 362 out of 383 loci will be removed due to having no minor allele or having more than 100.0% missing genotypes
2014-01-27 16:27:40,648: DEBUG: In 'R1', 364 out of 383 loci will be removed due to having no minor allele or having more than 100.0% missing genotypes
2014-01-27 16:27:40,655: DEBUG: In 'R1', 372 out of 383 loci will be removed due to having no minor allele or having more than 100.0% missing genotypes
2014-01-27 16:27:40,707: DEBUG: In 'R1', 365 out of 383 loci will be removed due to having no minor allele or having more than 100.0% missing genotypes
2014-01-27 16:27:43,864: DEBUG: In 'R1', 366 out of 383 loci will be removed due to having no minor allele or having more than 100.0% missing genotypes
2014-01-27 16:27:43,967: DEBUG: In 'R1', 361 out of 383 loci will be removed due to having no minor allele or having more than 100.0% missing genotypes
2014-01-27 16:27:44,014: DEBUG: In 'R1', 367 out of 383 loci will be removed due to having no minor allele or having more than 100.0% missing genotypes
2014-01-27 16:27:44,069: DEBUG: In 'R1', 365 out of 383 loci will be removed due to having no minor allele or having more than 100.0% missing genotypes
2014-01-27 16:27:47,223: DEBUG: In 'R1', 361 out of 383 loci will be removed due to having no minor allele or having more than 100.0% missing genotypes
2014-01-27 16:27:47,380: DEBUG: In 'R1', 360 out of 383 loci will be removed due to having no minor allele or having more than 100.0% missing genotypes
2014-01-27 16:27:47,403: DEBUG: In 'R1', 367 out of 383 loci will be removed due to having no minor allele or having more than 100.0% missing genotypes
2014-01-27 16:27:47,441: DEBUG: In 'R1', 364 out of 383 loci will be removed due to having no minor allele or having more than 100.0% missing genotypes
2014-01-27 16:27:50,613: DEBUG: In 'R1', 362 out of 383 loci will be removed due to having no minor allele or having more than 100.0% missing genotypes
2014-01-27 16:27:50,743: DEBUG: In 'R1', 367 out of 383 loci will be removed due to having no minor allele or having more than 100.0% missing genotypes
2014-01-27 16:27:50,781: DEBUG: In 'R1', 359 out of 383 loci will be removed due to having no minor allele or having more than 100.0% missing genotypes
2014-01-27 16:27:50,816: DEBUG: In 'R1', 368 out of 383 loci will be removed due to having no minor allele or having more than 100.0% missing genotypes
2014-01-27 16:27:54,024: DEBUG: In 'R1', 360 out of 383 loci will be removed due to having no minor allele or having more than 100.0% missing genotypes
2014-01-27 16:27:54,115: DEBUG: In 'R1', 364 out of 383 loci will be removed due to having no minor allele or having more than 100.0% missing genotypes
2014-01-27 16:27:54,178: DEBUG: In 'R1', 366 out of 383 loci will be removed due to having no minor allele or having more than 100.0% missing genotypes
2014-01-27 16:27:54,206: DEBUG: In 'R1', 363 out of 383 loci will be removed due to having no minor allele or having more than 100.0% missing genotypes
2014-01-27 16:27:57,463: DEBUG: In 'R1', 368 out of 383 loci will be removed due to having no minor allele or having more than 100.0% missing genotypes
2014-01-27 16:27:57,509: DEBUG: In 'R1', 360 out of 383 loci will be removed due to having no minor allele or having more than 100.0% missing genotypes
2014-01-27 16:27:57,585: DEBUG: In 'R1', 361 out of 383 loci will be removed due to having no minor allele or having more than 100.0% missing genotypes
2014-01-27 16:27:57,628: DEBUG: In 'R1', 356 out of 383 loci will be removed due to having no minor allele or having more than 100.0% missing genotypes
2014-01-27 16:28:00,808: DEBUG: In 'R1', 360 out of 383 loci will be removed due to having no minor allele or having more than 100.0% missing genotypes
2014-01-27 16:28:00,950: DEBUG: In 'R1', 362 out of 383 loci will be removed due to having no minor allele or having more than 100.0% missing genotypes
2014-01-27 16:28:01,021: DEBUG: In 'R1', 367 out of 383 loci will be removed due to having no minor allele or having more than 100.0% missing genotypes
2014-01-27 16:28:01,105: DEBUG: In 'R1', 364 out of 383 loci will be removed due to having no minor allele or having more than 100.0% missing genotypes
2014-01-27 16:28:04,236: DEBUG: In 'R1', 356 out of 383 loci will be removed due to having no minor allele or having more than 100.0% missing genotypes
2014-01-27 16:28:04,361: DEBUG: In 'R1', 365 out of 383 loci will be removed due to having no minor allele or having more than 100.0% missing genotypes
2014-01-27 16:28:04,417: DEBUG: In 'R1', 361 out of 383 loci will be removed due to having no minor allele or having more than 100.0% missing genotypes
2014-01-27 16:28:04,483: DEBUG: In 'R1', 365 out of 383 loci will be removed due to having no minor allele or having more than 100.0% missing genotypes
2014-01-27 16:28:07,709: DEBUG: In 'R1', 368 out of 383 loci will be removed due to having no minor allele or having more than 100.0% missing genotypes
2014-01-27 16:28:07,758: DEBUG: In 'R1', 364 out of 383 loci will be removed due to having no minor allele or having more than 100.0% missing genotypes
2014-01-27 16:28:07,847: DEBUG: In 'R1', 360 out of 383 loci will be removed due to having no minor allele or having more than 100.0% missing genotypes
2014-01-27 16:28:07,878: DEBUG: In 'R1', 369 out of 383 loci will be removed due to having no minor allele or having more than 100.0% missing genotypes
2014-01-27 16:28:11,056: DEBUG: In 'R1', 362 out of 383 loci will be removed due to having no minor allele or having more than 100.0% missing genotypes
2014-01-27 16:28:11,178: DEBUG: In 'R1', 365 out of 383 loci will be removed due to having no minor allele or having more than 100.0% missing genotypes
2014-01-27 16:28:11,235: DEBUG: In 'R1', 356 out of 383 loci will be removed due to having no minor allele or having more than 100.0% missing genotypes
2014-01-27 16:28:11,307: DEBUG: In 'R1', 366 out of 383 loci will be removed due to having no minor allele or having more than 100.0% missing genotypes
2014-01-27 16:28:14,467: DEBUG: In 'R1', 359 out of 383 loci will be removed due to having no minor allele or having more than 100.0% missing genotypes
2014-01-27 16:28:14,567: DEBUG: In 'R1', 361 out of 383 loci will be removed due to having no minor allele or having more than 100.0% missing genotypes
2014-01-27 16:28:14,684: DEBUG: In 'R1', 368 out of 383 loci will be removed due to having no minor allele or having more than 100.0% missing genotypes
2014-01-27 16:28:14,703: DEBUG: In 'R1', 363 out of 383 loci will be removed due to having no minor allele or having more than 100.0% missing genotypes
2014-01-27 16:28:17,881: DEBUG: In 'R1', 369 out of 383 loci will be removed due to having no minor allele or having more than 100.0% missing genotypes
2014-01-27 16:28:17,970: DEBUG: In 'R1', 364 out of 383 loci will be removed due to having no minor allele or having more than 100.0% missing genotypes
2014-01-27 16:28:18,068: DEBUG: In 'R1', 358 out of 383 loci will be removed due to having no minor allele or having more than 100.0% missing genotypes
2014-01-27 16:28:18,076: DEBUG: In 'R1', 358 out of 383 loci will be removed due to having no minor allele or having more than 100.0% missing genotypes
2014-01-27 16:28:21,235: DEBUG: In 'R1', 363 out of 383 loci will be removed due to having no minor allele or having more than 100.0% missing genotypes
2014-01-27 16:28:21,384: DEBUG: In 'R1', 360 out of 383 loci will be removed due to having no minor allele or having more than 100.0% missing genotypes
2014-01-27 16:28:21,535: DEBUG: In 'R1', 371 out of 383 loci will be removed due to having no minor allele or having more than 100.0% missing genotypes
2014-01-27 16:28:21,547: DEBUG: In 'R1', 365 out of 383 loci will be removed due to having no minor allele or having more than 100.0% missing genotypes
2014-01-27 16:28:24,646: DEBUG: In 'R1', 360 out of 383 loci will be removed due to having no minor allele or having more than 100.0% missing genotypes
2014-01-27 16:28:24,830: DEBUG: In 'R1', 360 out of 383 loci will be removed due to having no minor allele or having more than 100.0% missing genotypes
2014-01-27 16:28:24,871: DEBUG: In 'R1', 364 out of 383 loci will be removed due to having no minor allele or having more than 100.0% missing genotypes
2014-01-27 16:28:24,924: DEBUG: In 'R1', 363 out of 383 loci will be removed due to having no minor allele or having more than 100.0% missing genotypes
2014-01-27 16:28:28,091: DEBUG: In 'R1', 362 out of 383 loci will be removed due to having no minor allele or having more than 100.0% missing genotypes
2014-01-27 16:28:28,255: DEBUG: In 'R1', 365 out of 383 loci will be removed due to having no minor allele or having more than 100.0% missing genotypes
2014-01-27 16:28:28,280: DEBUG: In 'R1', 363 out of 383 loci will be removed due to having no minor allele or having more than 100.0% missing genotypes
2014-01-27 16:28:28,338: DEBUG: In 'R1', 363 out of 383 loci will be removed due to having no minor allele or having more than 100.0% missing genotypes
2014-01-27 16:28:31,496: DEBUG: In 'R1', 363 out of 383 loci will be removed due to having no minor allele or having more than 100.0% missing genotypes
2014-01-27 16:28:31,663: DEBUG: In 'R1', 359 out of 383 loci will be removed due to having no minor allele or having more than 100.0% missing genotypes
2014-01-27 16:28:31,690: DEBUG: In 'R1', 360 out of 383 loci will be removed due to having no minor allele or having more than 100.0% missing genotypes
2014-01-27 16:28:31,733: DEBUG: In 'R1', 363 out of 383 loci will be removed due to having no minor allele or having more than 100.0% missing genotypes
2014-01-27 16:28:34,896: DEBUG: In 'R1', 364 out of 383 loci will be removed due to having no minor allele or having more than 100.0% missing genotypes
2014-01-27 16:28:35,096: DEBUG: In 'R1', 363 out of 383 loci will be removed due to having no minor allele or having more than 100.0% missing genotypes
2014-01-27 16:28:35,125: DEBUG: In 'R1', 363 out of 383 loci will be removed due to having no minor allele or having more than 100.0% missing genotypes
2014-01-27 16:28:35,130: DEBUG: In 'R1', 361 out of 383 loci will be removed due to having no minor allele or having more than 100.0% missing genotypes
2014-01-27 16:28:38,463: DEBUG: In 'R1', 354 out of 383 loci will be removed due to having no minor allele or having more than 100.0% missing genotypes
2014-01-27 16:28:38,663: DEBUG: In 'R1', 366 out of 383 loci will be removed due to having no minor allele or having more than 100.0% missing genotypes
2014-01-27 16:28:38,686: DEBUG: In 'R1', 362 out of 383 loci will be removed due to having no minor allele or having more than 100.0% missing genotypes
2014-01-27 16:28:38,725: DEBUG: In 'R1', 364 out of 383 loci will be removed due to having no minor allele or having more than 100.0% missing genotypes
2014-01-27 16:28:41,932: DEBUG: In 'R1', 367 out of 383 loci will be removed due to having no minor allele or having more than 100.0% missing genotypes
2014-01-27 16:28:42,009: DEBUG: In 'R1', 357 out of 383 loci will be removed due to having no minor allele or having more than 100.0% missing genotypes
2014-01-27 16:28:42,050: DEBUG: In 'R1', 365 out of 383 loci will be removed due to having no minor allele or having more than 100.0% missing genotypes
2014-01-27 16:28:42,114: DEBUG: In 'R1', 366 out of 383 loci will be removed due to having no minor allele or having more than 100.0% missing genotypes
2014-01-27 16:28:45,305: DEBUG: In 'R1', 362 out of 383 loci will be removed due to having no minor allele or having more than 100.0% missing genotypes
2014-01-27 16:28:45,410: DEBUG: In 'R1', 363 out of 383 loci will be removed due to having no minor allele or having more than 100.0% missing genotypes
2014-01-27 16:28:45,467: DEBUG: In 'R1', 368 out of 383 loci will be removed due to having no minor allele or having more than 100.0% missing genotypes
2014-01-27 16:28:45,508: DEBUG: In 'R1', 363 out of 383 loci will be removed due to having no minor allele or having more than 100.0% missing genotypes
2014-01-27 16:28:48,719: DEBUG: In 'R1', 366 out of 383 loci will be removed due to having no minor allele or having more than 100.0% missing genotypes
2014-01-27 16:28:48,812: DEBUG: In 'R1', 361 out of 383 loci will be removed due to having no minor allele or having more than 100.0% missing genotypes
2014-01-27 16:28:48,822: DEBUG: In 'R1', 360 out of 383 loci will be removed due to having no minor allele or having more than 100.0% missing genotypes
2014-01-27 16:28:48,916: DEBUG: In 'R1', 367 out of 383 loci will be removed due to having no minor allele or having more than 100.0% missing genotypes
2014-01-27 16:28:52,103: DEBUG: In 'R1', 368 out of 383 loci will be removed due to having no minor allele or having more than 100.0% missing genotypes
2014-01-27 16:28:52,213: DEBUG: In 'R1', 365 out of 383 loci will be removed due to having no minor allele or having more than 100.0% missing genotypes
2014-01-27 16:28:52,226: DEBUG: In 'R1', 361 out of 383 loci will be removed due to having no minor allele or having more than 100.0% missing genotypes
2014-01-27 16:28:52,299: DEBUG: In 'R1', 362 out of 383 loci will be removed due to having no minor allele or having more than 100.0% missing genotypes
2014-01-27 16:28:55,438: DEBUG: In 'R1', 356 out of 383 loci will be removed due to having no minor allele or having more than 100.0% missing genotypes
2014-01-27 16:28:55,563: DEBUG: In 'R1', 360 out of 383 loci will be removed due to having no minor allele or having more than 100.0% missing genotypes
2014-01-27 16:28:55,605: DEBUG: In 'R1', 362 out of 383 loci will be removed due to having no minor allele or having more than 100.0% missing genotypes
2014-01-27 16:28:55,686: DEBUG: In 'R1', 363 out of 383 loci will be removed due to having no minor allele or having more than 100.0% missing genotypes
2014-01-27 16:28:58,904: DEBUG: In 'R1', 360 out of 383 loci will be removed due to having no minor allele or having more than 100.0% missing genotypes
2014-01-27 16:28:58,960: DEBUG: In 'R1', 365 out of 383 loci will be removed due to having no minor allele or having more than 100.0% missing genotypes
2014-01-27 16:28:59,022: DEBUG: In 'R1', 361 out of 383 loci will be removed due to having no minor allele or having more than 100.0% missing genotypes
2014-01-27 16:28:59,122: DEBUG: In 'R1', 366 out of 383 loci will be removed due to having no minor allele or having more than 100.0% missing genotypes
2014-01-27 16:29:02,351: DEBUG: In 'R1', 367 out of 383 loci will be removed due to having no minor allele or having more than 100.0% missing genotypes
2014-01-27 16:29:02,357: DEBUG: In 'R1', 364 out of 383 loci will be removed due to having no minor allele or having more than 100.0% missing genotypes
2014-01-27 16:29:02,460: DEBUG: In 'R1', 361 out of 383 loci will be removed due to having no minor allele or having more than 100.0% missing genotypes
2014-01-27 16:29:02,519: DEBUG: In 'R1', 369 out of 383 loci will be removed due to having no minor allele or having more than 100.0% missing genotypes
2014-01-27 16:29:05,720: DEBUG: In 'R1', 366 out of 383 loci will be removed due to having no minor allele or having more than 100.0% missing genotypes
2014-01-27 16:29:05,788: DEBUG: In 'R1', 365 out of 383 loci will be removed due to having no minor allele or having more than 100.0% missing genotypes
2014-01-27 16:29:05,872: DEBUG: In 'R1', 369 out of 383 loci will be removed due to having no minor allele or having more than 100.0% missing genotypes
2014-01-27 16:29:05,892: DEBUG: In 'R1', 359 out of 383 loci will be removed due to having no minor allele or having more than 100.0% missing genotypes
2014-01-27 16:29:09,172: DEBUG: In 'R1', 361 out of 383 loci will be removed due to having no minor allele or having more than 100.0% missing genotypes
2014-01-27 16:29:09,232: DEBUG: In 'R1', 364 out of 383 loci will be removed due to having no minor allele or having more than 100.0% missing genotypes
2014-01-27 16:29:09,276: DEBUG: In 'R1', 362 out of 383 loci will be removed due to having no minor allele or having more than 100.0% missing genotypes
2014-01-27 16:29:09,382: DEBUG: In 'R1', 366 out of 383 loci will be removed due to having no minor allele or having more than 100.0% missing genotypes
2014-01-27 16:29:12,582: DEBUG: In 'R1', 363 out of 383 loci will be removed due to having no minor allele or having more than 100.0% missing genotypes
2014-01-27 16:29:12,629: DEBUG: In 'R1', 359 out of 383 loci will be removed due to having no minor allele or having more than 100.0% missing genotypes
2014-01-27 16:29:12,673: DEBUG: In 'R1', 369 out of 383 loci will be removed due to having no minor allele or having more than 100.0% missing genotypes
2014-01-27 16:29:12,731: DEBUG: In 'R1', 365 out of 383 loci will be removed due to having no minor allele or having more than 100.0% missing genotypes
2014-01-27 16:29:15,973: DEBUG: In 'R1', 366 out of 383 loci will be removed due to having no minor allele or having more than 100.0% missing genotypes
2014-01-27 16:29:16,030: DEBUG: In 'R1', 369 out of 383 loci will be removed due to having no minor allele or having more than 100.0% missing genotypes
2014-01-27 16:29:16,058: DEBUG: In 'R1', 368 out of 383 loci will be removed due to having no minor allele or having more than 100.0% missing genotypes
2014-01-27 16:29:16,135: DEBUG: In 'R1', 362 out of 383 loci will be removed due to having no minor allele or having more than 100.0% missing genotypes
2014-01-27 16:29:19,364: DEBUG: In 'R1', 362 out of 383 loci will be removed due to having no minor allele or having more than 100.0% missing genotypes
2014-01-27 16:29:19,366: DEBUG: In 'R1', 365 out of 383 loci will be removed due to having no minor allele or having more than 100.0% missing genotypes
2014-01-27 16:29:19,453: DEBUG: In 'R1', 362 out of 383 loci will be removed due to having no minor allele or having more than 100.0% missing genotypes
2014-01-27 16:29:19,521: DEBUG: In 'R1', 364 out of 383 loci will be removed due to having no minor allele or having more than 100.0% missing genotypes
2014-01-27 16:29:22,726: DEBUG: In 'R1', 365 out of 383 loci will be removed due to having no minor allele or having more than 100.0% missing genotypes
2014-01-27 16:29:22,760: DEBUG: In 'R1', 364 out of 383 loci will be removed due to having no minor allele or having more than 100.0% missing genotypes
2014-01-27 16:29:22,853: DEBUG: In 'R1', 364 out of 383 loci will be removed due to having no minor allele or having more than 100.0% missing genotypes
2014-01-27 16:29:22,911: DEBUG: In 'R1', 368 out of 383 loci will be removed due to having no minor allele or having more than 100.0% missing genotypes
2014-01-27 16:29:26,085: DEBUG: In 'R1', 362 out of 383 loci will be removed due to having no minor allele or having more than 100.0% missing genotypes
2014-01-27 16:29:26,152: DEBUG: In 'R1', 369 out of 383 loci will be removed due to having no minor allele or having more than 100.0% missing genotypes
2014-01-27 16:29:26,267: DEBUG: In 'R1', 362 out of 383 loci will be removed due to having no minor allele or having more than 100.0% missing genotypes
2014-01-27 16:29:26,271: DEBUG: In 'R1', 364 out of 383 loci will be removed due to having no minor allele or having more than 100.0% missing genotypes
2014-01-27 16:29:29,479: DEBUG: In 'R1', 365 out of 383 loci will be removed due to having no minor allele or having more than 100.0% missing genotypes
2014-01-27 16:29:29,491: DEBUG: In 'R1', 367 out of 383 loci will be removed due to having no minor allele or having more than 100.0% missing genotypes
2014-01-27 16:29:29,660: DEBUG: In 'R1', 366 out of 383 loci will be removed due to having no minor allele or having more than 100.0% missing genotypes
2014-01-27 16:29:29,664: DEBUG: In 'R1', 363 out of 383 loci will be removed due to having no minor allele or having more than 100.0% missing genotypes
2014-01-27 16:29:32,840: DEBUG: In 'R1', 358 out of 383 loci will be removed due to having no minor allele or having more than 100.0% missing genotypes
2014-01-27 16:29:32,865: DEBUG: In 'R1', 360 out of 383 loci will be removed due to having no minor allele or having more than 100.0% missing genotypes
2014-01-27 16:29:33,021: DEBUG: In 'R1', 365 out of 383 loci will be removed due to having no minor allele or having more than 100.0% missing genotypes
2014-01-27 16:29:33,078: DEBUG: In 'R1', 363 out of 383 loci will be removed due to having no minor allele or having more than 100.0% missing genotypes
2014-01-27 16:29:36,284: DEBUG: In 'R1', 361 out of 383 loci will be removed due to having no minor allele or having more than 100.0% missing genotypes
2014-01-27 16:29:36,291: DEBUG: In 'R1', 362 out of 383 loci will be removed due to having no minor allele or having more than 100.0% missing genotypes
2014-01-27 16:29:36,401: DEBUG: In 'R1', 369 out of 383 loci will be removed due to having no minor allele or having more than 100.0% missing genotypes
2014-01-27 16:29:36,470: DEBUG: In 'R1', 360 out of 383 loci will be removed due to having no minor allele or having more than 100.0% missing genotypes
2014-01-27 16:29:39,839: DEBUG: In 'R1', 362 out of 383 loci will be removed due to having no minor allele or having more than 100.0% missing genotypes
2014-01-27 16:29:39,882: DEBUG: In 'R1', 365 out of 383 loci will be removed due to having no minor allele or having more than 100.0% missing genotypes
2014-01-27 16:29:39,910: DEBUG: In 'R1', 359 out of 383 loci will be removed due to having no minor allele or having more than 100.0% missing genotypes
2014-01-27 16:29:40,087: DEBUG: In 'R1', 369 out of 383 loci will be removed due to having no minor allele or having more than 100.0% missing genotypes
2014-01-27 16:29:43,226: DEBUG: In 'R1', 363 out of 383 loci will be removed due to having no minor allele or having more than 100.0% missing genotypes
2014-01-27 16:29:43,236: DEBUG: In 'R1', 370 out of 383 loci will be removed due to having no minor allele or having more than 100.0% missing genotypes
2014-01-27 16:29:43,359: DEBUG: In 'R1', 361 out of 383 loci will be removed due to having no minor allele or having more than 100.0% missing genotypes
2014-01-27 16:29:43,421: DEBUG: In 'R1', 360 out of 383 loci will be removed due to having no minor allele or having more than 100.0% missing genotypes
2014-01-27 16:29:46,580: DEBUG: In 'R1', 358 out of 383 loci will be removed due to having no minor allele or having more than 100.0% missing genotypes
2014-01-27 16:29:46,635: DEBUG: In 'R1', 364 out of 383 loci will be removed due to having no minor allele or having more than 100.0% missing genotypes
2014-01-27 16:29:46,751: DEBUG: In 'R1', 366 out of 383 loci will be removed due to having no minor allele or having more than 100.0% missing genotypes
2014-01-27 16:29:46,839: DEBUG: In 'R1', 372 out of 383 loci will be removed due to having no minor allele or having more than 100.0% missing genotypes
2014-01-27 16:29:50,065: DEBUG: In 'R1', 361 out of 383 loci will be removed due to having no minor allele or having more than 100.0% missing genotypes
2014-01-27 16:29:50,098: DEBUG: In 'R1', 365 out of 383 loci will be removed due to having no minor allele or having more than 100.0% missing genotypes
2014-01-27 16:29:50,183: DEBUG: In 'R1', 360 out of 383 loci will be removed due to having no minor allele or having more than 100.0% missing genotypes
2014-01-27 16:29:50,189: DEBUG: In 'R1', 363 out of 383 loci will be removed due to having no minor allele or having more than 100.0% missing genotypes
2014-01-27 16:29:53,438: DEBUG: In 'R1', 363 out of 383 loci will be removed due to having no minor allele or having more than 100.0% missing genotypes
2014-01-27 16:29:53,474: DEBUG: In 'R1', 366 out of 383 loci will be removed due to having no minor allele or having more than 100.0% missing genotypes
2014-01-27 16:29:53,594: DEBUG: In 'R1', 370 out of 383 loci will be removed due to having no minor allele or having more than 100.0% missing genotypes
2014-01-27 16:29:53,606: DEBUG: In 'R1', 366 out of 383 loci will be removed due to having no minor allele or having more than 100.0% missing genotypes
2014-01-27 16:29:56,784: DEBUG: In 'R1', 372 out of 383 loci will be removed due to having no minor allele or having more than 100.0% missing genotypes
2014-01-27 16:29:56,810: DEBUG: In 'R1', 365 out of 383 loci will be removed due to having no minor allele or having more than 100.0% missing genotypes
2014-01-27 16:29:56,891: DEBUG: In 'R1', 365 out of 383 loci will be removed due to having no minor allele or having more than 100.0% missing genotypes
2014-01-27 16:29:56,932: DEBUG: In 'R1', 365 out of 383 loci will be removed due to having no minor allele or having more than 100.0% missing genotypes
2014-01-27 16:30:00,078: DEBUG: In 'R1', 366 out of 383 loci will be removed due to having no minor allele or having more than 100.0% missing genotypes
2014-01-27 16:30:00,164: DEBUG: In 'R1', 364 out of 383 loci will be removed due to having no minor allele or having more than 100.0% missing genotypes
2014-01-27 16:30:00,249: DEBUG: In 'R1', 359 out of 383 loci will be removed due to having no minor allele or having more than 100.0% missing genotypes
2014-01-27 16:30:00,299: DEBUG: In 'R1', 361 out of 383 loci will be removed due to having no minor allele or having more than 100.0% missing genotypes
2014-01-27 16:30:03,438: DEBUG: In 'R1', 368 out of 383 loci will be removed due to having no minor allele or having more than 100.0% missing genotypes
2014-01-27 16:30:03,537: DEBUG: In 'R1', 364 out of 383 loci will be removed due to having no minor allele or having more than 100.0% missing genotypes
2014-01-27 16:30:03,686: DEBUG: In 'R1', 362 out of 383 loci will be removed due to having no minor allele or having more than 100.0% missing genotypes
2014-01-27 16:30:03,720: DEBUG: In 'R1', 362 out of 383 loci will be removed due to having no minor allele or having more than 100.0% missing genotypes
2014-01-27 16:30:06,752: DEBUG: In 'R1', 362 out of 383 loci will be removed due to having no minor allele or having more than 100.0% missing genotypes
2014-01-27 16:30:06,892: DEBUG: In 'R1', 370 out of 383 loci will be removed due to having no minor allele or having more than 100.0% missing genotypes
2014-01-27 16:30:07,079: DEBUG: In 'R1', 365 out of 383 loci will be removed due to having no minor allele or having more than 100.0% missing genotypes
2014-01-27 16:30:07,093: DEBUG: In 'R1', 366 out of 383 loci will be removed due to having no minor allele or having more than 100.0% missing genotypes
2014-01-27 16:30:10,135: DEBUG: In 'R1', 363 out of 383 loci will be removed due to having no minor allele or having more than 100.0% missing genotypes
2014-01-27 16:30:10,189: DEBUG: In 'R1', 361 out of 383 loci will be removed due to having no minor allele or having more than 100.0% missing genotypes
2014-01-27 16:30:10,431: DEBUG: In 'R1', 361 out of 383 loci will be removed due to having no minor allele or having more than 100.0% missing genotypes
2014-01-27 16:30:10,467: DEBUG: In 'R1', 365 out of 383 loci will be removed due to having no minor allele or having more than 100.0% missing genotypes
2014-01-27 16:30:13,545: DEBUG: In 'R1', 364 out of 383 loci will be removed due to having no minor allele or having more than 100.0% missing genotypes
2014-01-27 16:30:13,596: DEBUG: In 'R1', 371 out of 383 loci will be removed due to having no minor allele or having more than 100.0% missing genotypes
2014-01-27 16:30:13,824: DEBUG: In 'R1', 364 out of 383 loci will be removed due to having no minor allele or having more than 100.0% missing genotypes
2014-01-27 16:30:13,828: DEBUG: In 'R1', 360 out of 383 loci will be removed due to having no minor allele or having more than 100.0% missing genotypes
2014-01-27 16:30:16,913: DEBUG: In 'R1', 367 out of 383 loci will be removed due to having no minor allele or having more than 100.0% missing genotypes
2014-01-27 16:30:16,932: DEBUG: In 'R1', 361 out of 383 loci will be removed due to having no minor allele or having more than 100.0% missing genotypes
2014-01-27 16:30:17,225: DEBUG: In 'R1', 363 out of 383 loci will be removed due to having no minor allele or having more than 100.0% missing genotypes
2014-01-27 16:30:17,275: DEBUG: In 'R1', 366 out of 383 loci will be removed due to having no minor allele or having more than 100.0% missing genotypes
2014-01-27 16:30:20,252: DEBUG: In 'R1', 366 out of 383 loci will be removed due to having no minor allele or having more than 100.0% missing genotypes
2014-01-27 16:30:20,314: DEBUG: In 'R1', 367 out of 383 loci will be removed due to having no minor allele or having more than 100.0% missing genotypes
2014-01-27 16:30:20,597: DEBUG: In 'R1', 360 out of 383 loci will be removed due to having no minor allele or having more than 100.0% missing genotypes
2014-01-27 16:30:20,640: DEBUG: In 'R1', 360 out of 383 loci will be removed due to having no minor allele or having more than 100.0% missing genotypes
2014-01-27 16:30:23,629: DEBUG: In 'R1', 358 out of 383 loci will be removed due to having no minor allele or having more than 100.0% missing genotypes
2014-01-27 16:30:23,670: DEBUG: In 'R1', 367 out of 383 loci will be removed due to having no minor allele or having more than 100.0% missing genotypes
2014-01-27 16:30:24,041: DEBUG: In 'R1', 361 out of 383 loci will be removed due to having no minor allele or having more than 100.0% missing genotypes
2014-01-27 16:30:24,065: DEBUG: In 'R1', 362 out of 383 loci will be removed due to having no minor allele or having more than 100.0% missing genotypes
2014-01-27 16:30:27,023: DEBUG: In 'R1', 363 out of 383 loci will be removed due to having no minor allele or having more than 100.0% missing genotypes
2014-01-27 16:30:27,067: DEBUG: In 'R1', 368 out of 383 loci will be removed due to having no minor allele or having more than 100.0% missing genotypes
2014-01-27 16:30:27,448: DEBUG: In 'R1', 360 out of 383 loci will be removed due to having no minor allele or having more than 100.0% missing genotypes
2014-01-27 16:30:27,461: DEBUG: In 'R1', 362 out of 383 loci will be removed due to having no minor allele or having more than 100.0% missing genotypes
2014-01-27 16:30:30,420: DEBUG: In 'R1', 366 out of 383 loci will be removed due to having no minor allele or having more than 100.0% missing genotypes
2014-01-27 16:30:30,439: DEBUG: In 'R1', 360 out of 383 loci will be removed due to having no minor allele or having more than 100.0% missing genotypes
2014-01-27 16:30:30,875: DEBUG: In 'R1', 366 out of 383 loci will be removed due to having no minor allele or having more than 100.0% missing genotypes
2014-01-27 16:30:30,881: DEBUG: In 'R1', 364 out of 383 loci will be removed due to having no minor allele or having more than 100.0% missing genotypes
2014-01-27 16:30:33,807: DEBUG: In 'R1', 362 out of 383 loci will be removed due to having no minor allele or having more than 100.0% missing genotypes
2014-01-27 16:30:33,874: DEBUG: In 'R1', 361 out of 383 loci will be removed due to having no minor allele or having more than 100.0% missing genotypes
2014-01-27 16:30:34,231: DEBUG: In 'R1', 368 out of 383 loci will be removed due to having no minor allele or having more than 100.0% missing genotypes
2014-01-27 16:30:34,251: DEBUG: In 'R1', 363 out of 383 loci will be removed due to having no minor allele or having more than 100.0% missing genotypes
2014-01-27 16:30:37,235: DEBUG: In 'R1', 366 out of 383 loci will be removed due to having no minor allele or having more than 100.0% missing genotypes
2014-01-27 16:30:37,274: DEBUG: In 'R1', 361 out of 383 loci will be removed due to having no minor allele or having more than 100.0% missing genotypes
2014-01-27 16:30:37,568: DEBUG: In 'R1', 362 out of 383 loci will be removed due to having no minor allele or having more than 100.0% missing genotypes
2014-01-27 16:30:37,660: DEBUG: In 'R1', 363 out of 383 loci will be removed due to having no minor allele or having more than 100.0% missing genotypes
2014-01-27 16:30:40,598: DEBUG: In 'R1', 362 out of 383 loci will be removed due to having no minor allele or having more than 100.0% missing genotypes
2014-01-27 16:30:40,725: DEBUG: In 'R1', 365 out of 383 loci will be removed due to having no minor allele or having more than 100.0% missing genotypes
2014-01-27 16:30:40,957: DEBUG: In 'R1', 363 out of 383 loci will be removed due to having no minor allele or having more than 100.0% missing genotypes
2014-01-27 16:30:41,057: DEBUG: In 'R1', 363 out of 383 loci will be removed due to having no minor allele or having more than 100.0% missing genotypes
2014-01-27 16:30:44,144: DEBUG: In 'R1', 364 out of 383 loci will be removed due to having no minor allele or having more than 100.0% missing genotypes
2014-01-27 16:30:44,251: DEBUG: In 'R1', 364 out of 383 loci will be removed due to having no minor allele or having more than 100.0% missing genotypes
2014-01-27 16:30:44,496: DEBUG: In 'R1', 366 out of 383 loci will be removed due to having no minor allele or having more than 100.0% missing genotypes
2014-01-27 16:30:44,615: DEBUG: In 'R1', 354 out of 383 loci will be removed due to having no minor allele or having more than 100.0% missing genotypes
2014-01-27 16:30:47,545: DEBUG: In 'R1', 366 out of 383 loci will be removed due to having no minor allele or having more than 100.0% missing genotypes
2014-01-27 16:30:47,636: DEBUG: In 'R1', 362 out of 383 loci will be removed due to having no minor allele or having more than 100.0% missing genotypes
2014-01-27 16:30:47,873: DEBUG: In 'R1', 363 out of 383 loci will be removed due to having no minor allele or having more than 100.0% missing genotypes
2014-01-27 16:30:48,111: DEBUG: In 'R1', 363 out of 383 loci will be removed due to having no minor allele or having more than 100.0% missing genotypes
2014-01-27 16:30:50,933: DEBUG: In 'R1', 366 out of 383 loci will be removed due to having no minor allele or having more than 100.0% missing genotypes
2014-01-27 16:30:51,067: DEBUG: In 'R1', 366 out of 383 loci will be removed due to having no minor allele or having more than 100.0% missing genotypes
2014-01-27 16:30:51,297: DEBUG: In 'R1', 362 out of 383 loci will be removed due to having no minor allele or having more than 100.0% missing genotypes
2014-01-27 16:30:51,517: DEBUG: In 'R1', 366 out of 383 loci will be removed due to having no minor allele or having more than 100.0% missing genotypes
2014-01-27 16:30:54,306: DEBUG: In 'R1', 362 out of 383 loci will be removed due to having no minor allele or having more than 100.0% missing genotypes
2014-01-27 16:30:54,412: DEBUG: In 'R1', 367 out of 383 loci will be removed due to having no minor allele or having more than 100.0% missing genotypes
2014-01-27 16:30:54,728: DEBUG: In 'R1', 363 out of 383 loci will be removed due to having no minor allele or having more than 100.0% missing genotypes
2014-01-27 16:30:54,935: DEBUG: In 'R1', 365 out of 383 loci will be removed due to having no minor allele or having more than 100.0% missing genotypes
2014-01-27 16:30:57,677: DEBUG: In 'R1', 360 out of 383 loci will be removed due to having no minor allele or having more than 100.0% missing genotypes
2014-01-27 16:30:57,753: DEBUG: In 'R1', 367 out of 383 loci will be removed due to having no minor allele or having more than 100.0% missing genotypes
2014-01-27 16:30:58,131: DEBUG: In 'R1', 359 out of 383 loci will be removed due to having no minor allele or having more than 100.0% missing genotypes
2014-01-27 16:30:58,273: DEBUG: In 'R1', 359 out of 383 loci will be removed due to having no minor allele or having more than 100.0% missing genotypes
2014-01-27 16:31:01,111: DEBUG: In 'R1', 359 out of 383 loci will be removed due to having no minor allele or having more than 100.0% missing genotypes
2014-01-27 16:31:01,119: DEBUG: In 'R1', 360 out of 383 loci will be removed due to having no minor allele or having more than 100.0% missing genotypes
2014-01-27 16:31:01,547: DEBUG: In 'R1', 363 out of 383 loci will be removed due to having no minor allele or having more than 100.0% missing genotypes
2014-01-27 16:31:01,707: DEBUG: In 'R1', 363 out of 383 loci will be removed due to having no minor allele or having more than 100.0% missing genotypes
2014-01-27 16:31:04,557: DEBUG: In 'R1', 363 out of 383 loci will be removed due to having no minor allele or having more than 100.0% missing genotypes
2014-01-27 16:31:04,550: DEBUG: In 'R1', 359 out of 383 loci will be removed due to having no minor allele or having more than 100.0% missing genotypes
2014-01-27 16:31:04,951: DEBUG: In 'R1', 362 out of 383 loci will be removed due to having no minor allele or having more than 100.0% missing genotypes
2014-01-27 16:31:05,090: DEBUG: In 'R1', 358 out of 383 loci will be removed due to having no minor allele or having more than 100.0% missing genotypes
2014-01-27 16:31:07,962: DEBUG: In 'R1', 359 out of 383 loci will be removed due to having no minor allele or having more than 100.0% missing genotypes
2014-01-27 16:31:07,981: DEBUG: In 'R1', 365 out of 383 loci will be removed due to having no minor allele or having more than 100.0% missing genotypes
2014-01-27 16:31:08,340: DEBUG: In 'R1', 369 out of 383 loci will be removed due to having no minor allele or having more than 100.0% missing genotypes
2014-01-27 16:31:08,518: DEBUG: In 'R1', 364 out of 383 loci will be removed due to having no minor allele or having more than 100.0% missing genotypes
2014-01-27 16:31:11,393: DEBUG: In 'R1', 364 out of 383 loci will be removed due to having no minor allele or having more than 100.0% missing genotypes
2014-01-27 16:31:11,453: DEBUG: In 'R1', 365 out of 383 loci will be removed due to having no minor allele or having more than 100.0% missing genotypes
2014-01-27 16:31:11,695: DEBUG: In 'R1', 370 out of 383 loci will be removed due to having no minor allele or having more than 100.0% missing genotypes
2014-01-27 16:31:11,927: DEBUG: In 'R1', 363 out of 383 loci will be removed due to having no minor allele or having more than 100.0% missing genotypes
2014-01-27 16:31:14,845: DEBUG: In 'R1', 363 out of 383 loci will be removed due to having no minor allele or having more than 100.0% missing genotypes
2014-01-27 16:31:14,864: DEBUG: In 'R1', 367 out of 383 loci will be removed due to having no minor allele or having more than 100.0% missing genotypes
2014-01-27 16:31:15,079: DEBUG: In 'R1', 362 out of 383 loci will be removed due to having no minor allele or having more than 100.0% missing genotypes
2014-01-27 16:31:15,379: DEBUG: In 'R1', 358 out of 383 loci will be removed due to having no minor allele or having more than 100.0% missing genotypes
2014-01-27 16:31:18,222: DEBUG: In 'R1', 360 out of 383 loci will be removed due to having no minor allele or having more than 100.0% missing genotypes
2014-01-27 16:31:18,240: DEBUG: In 'R1', 369 out of 383 loci will be removed due to having no minor allele or having more than 100.0% missing genotypes
2014-01-27 16:31:18,502: DEBUG: In 'R1', 360 out of 383 loci will be removed due to having no minor allele or having more than 100.0% missing genotypes
2014-01-27 16:31:18,814: DEBUG: In 'R1', 367 out of 383 loci will be removed due to having no minor allele or having more than 100.0% missing genotypes
2014-01-27 16:31:21,589: DEBUG: In 'R1', 364 out of 383 loci will be removed due to having no minor allele or having more than 100.0% missing genotypes
2014-01-27 16:31:21,640: DEBUG: In 'R1', 367 out of 383 loci will be removed due to having no minor allele or having more than 100.0% missing genotypes
2014-01-27 16:31:21,932: DEBUG: In 'R1', 368 out of 383 loci will be removed due to having no minor allele or having more than 100.0% missing genotypes
2014-01-27 16:31:22,171: DEBUG: In 'R1', 356 out of 383 loci will be removed due to having no minor allele or having more than 100.0% missing genotypes
2014-01-27 16:31:24,984: DEBUG: In 'R1', 358 out of 383 loci will be removed due to having no minor allele or having more than 100.0% missing genotypes
2014-01-27 16:31:24,993: DEBUG: In 'R1', 358 out of 383 loci will be removed due to having no minor allele or having more than 100.0% missing genotypes
2014-01-27 16:31:25,283: DEBUG: In 'R1', 360 out of 383 loci will be removed due to having no minor allele or having more than 100.0% missing genotypes
2014-01-27 16:31:25,630: DEBUG: In 'R1', 363 out of 383 loci will be removed due to having no minor allele or having more than 100.0% missing genotypes
2014-01-27 16:31:28,418: DEBUG: In 'R1', 369 out of 383 loci will be removed due to having no minor allele or having more than 100.0% missing genotypes
2014-01-27 16:31:28,431: DEBUG: In 'R1', 364 out of 383 loci will be removed due to having no minor allele or having more than 100.0% missing genotypes
2014-01-27 16:31:28,698: DEBUG: In 'R1', 371 out of 383 loci will be removed due to having no minor allele or having more than 100.0% missing genotypes
2014-01-27 16:31:29,013: DEBUG: In 'R1', 366 out of 383 loci will be removed due to having no minor allele or having more than 100.0% missing genotypes
2014-01-27 16:31:31,764: DEBUG: In 'R1', 362 out of 383 loci will be removed due to having no minor allele or having more than 100.0% missing genotypes
2014-01-27 16:31:31,823: DEBUG: In 'R1', 361 out of 383 loci will be removed due to having no minor allele or having more than 100.0% missing genotypes
2014-01-27 16:31:32,010: DEBUG: In 'R1', 368 out of 383 loci will be removed due to having no minor allele or having more than 100.0% missing genotypes
2014-01-27 16:31:32,386: DEBUG: In 'R1', 371 out of 383 loci will be removed due to having no minor allele or having more than 100.0% missing genotypes
2014-01-27 16:31:35,212: DEBUG: In 'R1', 365 out of 383 loci will be removed due to having no minor allele or having more than 100.0% missing genotypes
2014-01-27 16:31:35,272: DEBUG: In 'R1', 364 out of 383 loci will be removed due to having no minor allele or having more than 100.0% missing genotypes
2014-01-27 16:31:35,462: DEBUG: In 'R1', 363 out of 383 loci will be removed due to having no minor allele or having more than 100.0% missing genotypes
2014-01-27 16:31:35,739: DEBUG: In 'R1', 361 out of 383 loci will be removed due to having no minor allele or having more than 100.0% missing genotypes
2014-01-27 16:31:38,596: DEBUG: In 'R1', 361 out of 383 loci will be removed due to having no minor allele or having more than 100.0% missing genotypes
2014-01-27 16:31:38,670: DEBUG: In 'R1', 362 out of 383 loci will be removed due to having no minor allele or having more than 100.0% missing genotypes
2014-01-27 16:31:38,877: DEBUG: In 'R1', 362 out of 383 loci will be removed due to having no minor allele or having more than 100.0% missing genotypes
2014-01-27 16:31:39,166: DEBUG: In 'R1', 366 out of 383 loci will be removed due to having no minor allele or having more than 100.0% missing genotypes
2014-01-27 16:31:42,038: DEBUG: In 'R1', 364 out of 383 loci will be removed due to having no minor allele or having more than 100.0% missing genotypes
2014-01-27 16:31:42,084: DEBUG: In 'R1', 365 out of 383 loci will be removed due to having no minor allele or having more than 100.0% missing genotypes
2014-01-27 16:31:42,298: DEBUG: In 'R1', 362 out of 383 loci will be removed due to having no minor allele or having more than 100.0% missing genotypes
2014-01-27 16:31:42,545: DEBUG: In 'R1', 364 out of 383 loci will be removed due to having no minor allele or having more than 100.0% missing genotypes
2014-01-27 16:31:45,614: DEBUG: In 'R1', 365 out of 383 loci will be removed due to having no minor allele or having more than 100.0% missing genotypes
2014-01-27 16:31:45,641: DEBUG: In 'R1', 368 out of 383 loci will be removed due to having no minor allele or having more than 100.0% missing genotypes
2014-01-27 16:31:45,883: DEBUG: In 'R1', 361 out of 383 loci will be removed due to having no minor allele or having more than 100.0% missing genotypes
2014-01-27 16:31:46,085: DEBUG: In 'R1', 367 out of 383 loci will be removed due to having no minor allele or having more than 100.0% missing genotypes
2014-01-27 16:31:48,960: DEBUG: In 'R1', 369 out of 383 loci will be removed due to having no minor allele or having more than 100.0% missing genotypes
2014-01-27 16:31:48,982: DEBUG: In 'R1', 365 out of 383 loci will be removed due to having no minor allele or having more than 100.0% missing genotypes
2014-01-27 16:31:49,272: DEBUG: In 'R1', 365 out of 383 loci will be removed due to having no minor allele or having more than 100.0% missing genotypes
2014-01-27 16:31:49,434: DEBUG: In 'R1', 366 out of 383 loci will be removed due to having no minor allele or having more than 100.0% missing genotypes
2014-01-27 16:31:52,302: DEBUG: In 'R1', 360 out of 383 loci will be removed due to having no minor allele or having more than 100.0% missing genotypes
2014-01-27 16:31:52,346: DEBUG: In 'R1', 362 out of 383 loci will be removed due to having no minor allele or having more than 100.0% missing genotypes
2014-01-27 16:31:52,619: DEBUG: In 'R1', 367 out of 383 loci will be removed due to having no minor allele or having more than 100.0% missing genotypes
2014-01-27 16:31:52,788: DEBUG: In 'R1', 369 out of 383 loci will be removed due to having no minor allele or having more than 100.0% missing genotypes
2014-01-27 16:31:55,752: DEBUG: In 'R1', 365 out of 383 loci will be removed due to having no minor allele or having more than 100.0% missing genotypes
2014-01-27 16:31:55,755: DEBUG: In 'R1', 361 out of 383 loci will be removed due to having no minor allele or having more than 100.0% missing genotypes
2014-01-27 16:31:55,989: DEBUG: In 'R1', 370 out of 383 loci will be removed due to having no minor allele or having more than 100.0% missing genotypes
2014-01-27 16:31:56,128: DEBUG: In 'R1', 363 out of 383 loci will be removed due to having no minor allele or having more than 100.0% missing genotypes
2014-01-27 16:31:59,180: DEBUG: In 'R1', 365 out of 383 loci will be removed due to having no minor allele or having more than 100.0% missing genotypes
2014-01-27 16:31:59,214: DEBUG: In 'R1', 363 out of 383 loci will be removed due to having no minor allele or having more than 100.0% missing genotypes
2014-01-27 16:31:59,378: DEBUG: In 'R1', 364 out of 383 loci will be removed due to having no minor allele or having more than 100.0% missing genotypes
2014-01-27 16:31:59,623: DEBUG: In 'R1', 357 out of 383 loci will be removed due to having no minor allele or having more than 100.0% missing genotypes
2014-01-27 16:32:02,564: DEBUG: In 'R1', 364 out of 383 loci will be removed due to having no minor allele or having more than 100.0% missing genotypes
2014-01-27 16:32:02,590: DEBUG: In 'R1', 366 out of 383 loci will be removed due to having no minor allele or having more than 100.0% missing genotypes
2014-01-27 16:32:02,750: DEBUG: In 'R1', 366 out of 383 loci will be removed due to having no minor allele or having more than 100.0% missing genotypes
2014-01-27 16:32:03,095: DEBUG: In 'R1', 367 out of 383 loci will be removed due to having no minor allele or having more than 100.0% missing genotypes
2014-01-27 16:32:05,946: DEBUG: In 'R1', 362 out of 383 loci will be removed due to having no minor allele or having more than 100.0% missing genotypes
2014-01-27 16:32:05,967: DEBUG: In 'R1', 361 out of 383 loci will be removed due to having no minor allele or having more than 100.0% missing genotypes
2014-01-27 16:32:06,126: DEBUG: In 'R1', 369 out of 383 loci will be removed due to having no minor allele or having more than 100.0% missing genotypes
2014-01-27 16:32:06,485: DEBUG: In 'R1', 366 out of 383 loci will be removed due to having no minor allele or having more than 100.0% missing genotypes
2014-01-27 16:32:09,384: DEBUG: In 'R1', 360 out of 383 loci will be removed due to having no minor allele or having more than 100.0% missing genotypes
2014-01-27 16:32:09,390: DEBUG: In 'R1', 363 out of 383 loci will be removed due to having no minor allele or having more than 100.0% missing genotypes
2014-01-27 16:32:09,493: DEBUG: In 'R1', 365 out of 383 loci will be removed due to having no minor allele or having more than 100.0% missing genotypes
2014-01-27 16:32:09,873: DEBUG: In 'R1', 368 out of 383 loci will be removed due to having no minor allele or having more than 100.0% missing genotypes
2014-01-27 16:32:12,818: DEBUG: In 'R1', 360 out of 383 loci will be removed due to having no minor allele or having more than 100.0% missing genotypes
2014-01-27 16:32:12,829: DEBUG: In 'R1', 364 out of 383 loci will be removed due to having no minor allele or having more than 100.0% missing genotypes
2014-01-27 16:32:12,910: DEBUG: In 'R1', 361 out of 383 loci will be removed due to having no minor allele or having more than 100.0% missing genotypes
2014-01-27 16:32:13,288: DEBUG: In 'R1', 362 out of 383 loci will be removed due to having no minor allele or having more than 100.0% missing genotypes
2014-01-27 16:32:16,223: DEBUG: In 'R1', 364 out of 383 loci will be removed due to having no minor allele or having more than 100.0% missing genotypes
2014-01-27 16:32:16,235: DEBUG: In 'R1', 357 out of 383 loci will be removed due to having no minor allele or having more than 100.0% missing genotypes
2014-01-27 16:32:16,323: DEBUG: In 'R1', 367 out of 383 loci will be removed due to having no minor allele or having more than 100.0% missing genotypes
2014-01-27 16:32:16,695: DEBUG: In 'R1', 365 out of 383 loci will be removed due to having no minor allele or having more than 100.0% missing genotypes
2014-01-27 16:32:19,626: DEBUG: In 'R1', 364 out of 383 loci will be removed due to having no minor allele or having more than 100.0% missing genotypes
2014-01-27 16:32:19,714: DEBUG: In 'R1', 362 out of 383 loci will be removed due to having no minor allele or having more than 100.0% missing genotypes
2014-01-27 16:32:19,722: DEBUG: In 'R1', 367 out of 383 loci will be removed due to having no minor allele or having more than 100.0% missing genotypes
2014-01-27 16:32:20,110: DEBUG: In 'R1', 361 out of 383 loci will be removed due to having no minor allele or having more than 100.0% missing genotypes
2014-01-27 16:32:23,029: DEBUG: In 'R1', 363 out of 383 loci will be removed due to having no minor allele or having more than 100.0% missing genotypes
2014-01-27 16:32:23,095: DEBUG: In 'R1', 366 out of 383 loci will be removed due to having no minor allele or having more than 100.0% missing genotypes
2014-01-27 16:32:23,128: DEBUG: In 'R1', 364 out of 383 loci will be removed due to having no minor allele or having more than 100.0% missing genotypes
2014-01-27 16:32:23,556: DEBUG: In 'R1', 366 out of 383 loci will be removed due to having no minor allele or having more than 100.0% missing genotypes
2014-01-27 16:32:26,440: DEBUG: In 'R1', 363 out of 383 loci will be removed due to having no minor allele or having more than 100.0% missing genotypes
2014-01-27 16:32:26,491: DEBUG: In 'R1', 360 out of 383 loci will be removed due to having no minor allele or having more than 100.0% missing genotypes
2014-01-27 16:32:26,542: DEBUG: In 'R1', 362 out of 383 loci will be removed due to having no minor allele or having more than 100.0% missing genotypes
2014-01-27 16:32:26,947: DEBUG: In 'R1', 363 out of 383 loci will be removed due to having no minor allele or having more than 100.0% missing genotypes
2014-01-27 16:32:29,849: DEBUG: In 'R1', 369 out of 383 loci will be removed due to having no minor allele or having more than 100.0% missing genotypes
2014-01-27 16:32:29,938: DEBUG: In 'R1', 354 out of 383 loci will be removed due to having no minor allele or having more than 100.0% missing genotypes
2014-01-27 16:32:29,953: DEBUG: In 'R1', 361 out of 383 loci will be removed due to having no minor allele or having more than 100.0% missing genotypes
2014-01-27 16:32:30,334: DEBUG: In 'R1', 356 out of 383 loci will be removed due to having no minor allele or having more than 100.0% missing genotypes
2014-01-27 16:32:33,169: DEBUG: In 'R1', 362 out of 383 loci will be removed due to having no minor allele or having more than 100.0% missing genotypes
2014-01-27 16:32:33,349: DEBUG: In 'R1', 365 out of 383 loci will be removed due to having no minor allele or having more than 100.0% missing genotypes
2014-01-27 16:32:33,409: DEBUG: In 'R1', 364 out of 383 loci will be removed due to having no minor allele or having more than 100.0% missing genotypes
2014-01-27 16:32:33,789: DEBUG: In 'R1', 362 out of 383 loci will be removed due to having no minor allele or having more than 100.0% missing genotypes
2014-01-27 16:32:36,569: DEBUG: In 'R1', 362 out of 383 loci will be removed due to having no minor allele or having more than 100.0% missing genotypes
2014-01-27 16:32:36,750: DEBUG: In 'R1', 371 out of 383 loci will be removed due to having no minor allele or having more than 100.0% missing genotypes
2014-01-27 16:32:36,796: DEBUG: In 'R1', 361 out of 383 loci will be removed due to having no minor allele or having more than 100.0% missing genotypes
2014-01-27 16:32:37,201: DEBUG: In 'R1', 366 out of 383 loci will be removed due to having no minor allele or having more than 100.0% missing genotypes
2014-01-27 16:32:39,961: DEBUG: In 'R1', 367 out of 383 loci will be removed due to having no minor allele or having more than 100.0% missing genotypes
2014-01-27 16:32:40,095: DEBUG: In 'R1', 366 out of 383 loci will be removed due to having no minor allele or having more than 100.0% missing genotypes
2014-01-27 16:32:40,219: DEBUG: In 'R1', 362 out of 383 loci will be removed due to having no minor allele or having more than 100.0% missing genotypes
2014-01-27 16:32:40,566: DEBUG: In 'R1', 367 out of 383 loci will be removed due to having no minor allele or having more than 100.0% missing genotypes
2014-01-27 16:32:43,324: DEBUG: In 'R1', 363 out of 383 loci will be removed due to having no minor allele or having more than 100.0% missing genotypes
2014-01-27 16:32:43,483: DEBUG: In 'R1', 366 out of 383 loci will be removed due to having no minor allele or having more than 100.0% missing genotypes
2014-01-27 16:32:43,619: DEBUG: In 'R1', 356 out of 383 loci will be removed due to having no minor allele or having more than 100.0% missing genotypes
2014-01-27 16:32:43,930: DEBUG: In 'R1', 367 out of 383 loci will be removed due to having no minor allele or having more than 100.0% missing genotypes
2014-01-27 16:32:46,739: DEBUG: In 'R1', 369 out of 383 loci will be removed due to having no minor allele or having more than 100.0% missing genotypes
2014-01-27 16:32:46,897: DEBUG: In 'R1', 369 out of 383 loci will be removed due to having no minor allele or having more than 100.0% missing genotypes
2014-01-27 16:32:47,101: DEBUG: In 'R1', 367 out of 383 loci will be removed due to having no minor allele or having more than 100.0% missing genotypes
2014-01-27 16:32:47,315: DEBUG: In 'R1', 361 out of 383 loci will be removed due to having no minor allele or having more than 100.0% missing genotypes
2014-01-27 16:32:50,209: DEBUG: In 'R1', 362 out of 383 loci will be removed due to having no minor allele or having more than 100.0% missing genotypes
2014-01-27 16:32:50,394: DEBUG: In 'R1', 360 out of 383 loci will be removed due to having no minor allele or having more than 100.0% missing genotypes
2014-01-27 16:32:50,616: DEBUG: In 'R1', 364 out of 383 loci will be removed due to having no minor allele or having more than 100.0% missing genotypes
2014-01-27 16:32:50,887: DEBUG: In 'R1', 363 out of 383 loci will be removed due to having no minor allele or having more than 100.0% missing genotypes
2014-01-27 16:32:53,617: DEBUG: In 'R1', 360 out of 383 loci will be removed due to having no minor allele or having more than 100.0% missing genotypes
2014-01-27 16:32:53,844: DEBUG: In 'R1', 362 out of 383 loci will be removed due to having no minor allele or having more than 100.0% missing genotypes
2014-01-27 16:32:53,998: DEBUG: In 'R1', 360 out of 383 loci will be removed due to having no minor allele or having more than 100.0% missing genotypes
2014-01-27 16:32:54,287: DEBUG: In 'R1', 358 out of 383 loci will be removed due to having no minor allele or having more than 100.0% missing genotypes
2014-01-27 16:32:57,049: DEBUG: In 'R1', 360 out of 383 loci will be removed due to having no minor allele or having more than 100.0% missing genotypes
2014-01-27 16:32:57,243: DEBUG: In 'R1', 359 out of 383 loci will be removed due to having no minor allele or having more than 100.0% missing genotypes
2014-01-27 16:32:57,406: DEBUG: In 'R1', 359 out of 383 loci will be removed due to having no minor allele or having more than 100.0% missing genotypes
2014-01-27 16:32:57,715: DEBUG: In 'R1', 368 out of 383 loci will be removed due to having no minor allele or having more than 100.0% missing genotypes
2014-01-27 16:33:00,504: DEBUG: In 'R1', 367 out of 383 loci will be removed due to having no minor allele or having more than 100.0% missing genotypes
2014-01-27 16:33:00,734: DEBUG: In 'R1', 368 out of 383 loci will be removed due to having no minor allele or having more than 100.0% missing genotypes
2014-01-27 16:33:00,881: DEBUG: In 'R1', 369 out of 383 loci will be removed due to having no minor allele or having more than 100.0% missing genotypes
2014-01-27 16:33:01,091: DEBUG: In 'R1', 366 out of 383 loci will be removed due to having no minor allele or having more than 100.0% missing genotypes
2014-01-27 16:33:03,852: DEBUG: In 'R1', 360 out of 383 loci will be removed due to having no minor allele or having more than 100.0% missing genotypes
2014-01-27 16:33:04,096: DEBUG: In 'R1', 365 out of 383 loci will be removed due to having no minor allele or having more than 100.0% missing genotypes
2014-01-27 16:33:04,200: DEBUG: In 'R1', 368 out of 383 loci will be removed due to having no minor allele or having more than 100.0% missing genotypes
2014-01-27 16:33:04,450: DEBUG: In 'R1', 364 out of 383 loci will be removed due to having no minor allele or having more than 100.0% missing genotypes
2014-01-27 16:33:07,306: DEBUG: In 'R1', 364 out of 383 loci will be removed due to having no minor allele or having more than 100.0% missing genotypes
2014-01-27 16:33:07,506: DEBUG: In 'R1', 367 out of 383 loci will be removed due to having no minor allele or having more than 100.0% missing genotypes
2014-01-27 16:33:07,587: DEBUG: In 'R1', 366 out of 383 loci will be removed due to having no minor allele or having more than 100.0% missing genotypes
2014-01-27 16:33:07,867: DEBUG: In 'R1', 360 out of 383 loci will be removed due to having no minor allele or having more than 100.0% missing genotypes
2014-01-27 16:33:10,709: DEBUG: In 'R1', 362 out of 383 loci will be removed due to having no minor allele or having more than 100.0% missing genotypes
2014-01-27 16:33:10,889: DEBUG: In 'R1', 370 out of 383 loci will be removed due to having no minor allele or having more than 100.0% missing genotypes
2014-01-27 16:33:10,976: DEBUG: In 'R1', 366 out of 383 loci will be removed due to having no minor allele or having more than 100.0% missing genotypes
2014-01-27 16:33:11,310: DEBUG: In 'R1', 369 out of 383 loci will be removed due to having no minor allele or having more than 100.0% missing genotypes
2014-01-27 16:33:14,119: DEBUG: In 'R1', 359 out of 383 loci will be removed due to having no minor allele or having more than 100.0% missing genotypes
2014-01-27 16:33:14,239: DEBUG: In 'R1', 363 out of 383 loci will be removed due to having no minor allele or having more than 100.0% missing genotypes
2014-01-27 16:33:14,348: DEBUG: In 'R1', 363 out of 383 loci will be removed due to having no minor allele or having more than 100.0% missing genotypes
2014-01-27 16:33:14,674: DEBUG: In 'R1', 364 out of 383 loci will be removed due to having no minor allele or having more than 100.0% missing genotypes
2014-01-27 16:33:17,581: DEBUG: In 'R1', 363 out of 383 loci will be removed due to having no minor allele or having more than 100.0% missing genotypes
2014-01-27 16:33:17,637: DEBUG: In 'R1', 362 out of 383 loci will be removed due to having no minor allele or having more than 100.0% missing genotypes
2014-01-27 16:33:17,770: DEBUG: In 'R1', 365 out of 383 loci will be removed due to having no minor allele or having more than 100.0% missing genotypes
2014-01-27 16:33:18,078: DEBUG: In 'R1', 364 out of 383 loci will be removed due to having no minor allele or having more than 100.0% missing genotypes
2014-01-27 16:33:20,969: DEBUG: In 'R1', 361 out of 383 loci will be removed due to having no minor allele or having more than 100.0% missing genotypes
2014-01-27 16:33:21,038: DEBUG: In 'R1', 364 out of 383 loci will be removed due to having no minor allele or having more than 100.0% missing genotypes
2014-01-27 16:33:21,146: DEBUG: In 'R1', 360 out of 383 loci will be removed due to having no minor allele or having more than 100.0% missing genotypes
2014-01-27 16:33:21,478: DEBUG: In 'R1', 363 out of 383 loci will be removed due to having no minor allele or having more than 100.0% missing genotypes
2014-01-27 16:33:24,404: DEBUG: In 'R1', 368 out of 383 loci will be removed due to having no minor allele or having more than 100.0% missing genotypes
2014-01-27 16:33:24,433: DEBUG: In 'R1', 362 out of 383 loci will be removed due to having no minor allele or having more than 100.0% missing genotypes
2014-01-27 16:33:24,567: DEBUG: In 'R1', 362 out of 383 loci will be removed due to having no minor allele or having more than 100.0% missing genotypes
2014-01-27 16:33:24,893: DEBUG: In 'R1', 361 out of 383 loci will be removed due to having no minor allele or having more than 100.0% missing genotypes
2014-01-27 16:33:27,782: DEBUG: In 'R1', 364 out of 383 loci will be removed due to having no minor allele or having more than 100.0% missing genotypes
2014-01-27 16:33:27,840: DEBUG: In 'R1', 362 out of 383 loci will be removed due to having no minor allele or having more than 100.0% missing genotypes
2014-01-27 16:33:27,956: DEBUG: In 'R1', 363 out of 383 loci will be removed due to having no minor allele or having more than 100.0% missing genotypes
2014-01-27 16:33:28,348: DEBUG: In 'R1', 359 out of 383 loci will be removed due to having no minor allele or having more than 100.0% missing genotypes
2014-01-27 16:33:31,188: DEBUG: In 'R1', 359 out of 383 loci will be removed due to having no minor allele or having more than 100.0% missing genotypes
2014-01-27 16:33:31,257: DEBUG: In 'R1', 360 out of 383 loci will be removed due to having no minor allele or having more than 100.0% missing genotypes
2014-01-27 16:33:31,358: DEBUG: In 'R1', 359 out of 383 loci will be removed due to having no minor allele or having more than 100.0% missing genotypes
2014-01-27 16:33:31,805: DEBUG: In 'R1', 361 out of 383 loci will be removed due to having no minor allele or having more than 100.0% missing genotypes
2014-01-27 16:33:34,611: DEBUG: In 'R1', 359 out of 383 loci will be removed due to having no minor allele or having more than 100.0% missing genotypes
2014-01-27 16:33:34,688: DEBUG: In 'R1', 363 out of 383 loci will be removed due to having no minor allele or having more than 100.0% missing genotypes
2014-01-27 16:33:34,764: DEBUG: In 'R1', 365 out of 383 loci will be removed due to having no minor allele or having more than 100.0% missing genotypes
2014-01-27 16:33:35,252: DEBUG: In 'R1', 364 out of 383 loci will be removed due to having no minor allele or having more than 100.0% missing genotypes
2014-01-27 16:33:38,052: DEBUG: In 'R1', 364 out of 383 loci will be removed due to having no minor allele or having more than 100.0% missing genotypes
2014-01-27 16:33:38,096: DEBUG: In 'R1', 370 out of 383 loci will be removed due to having no minor allele or having more than 100.0% missing genotypes
2014-01-27 16:33:38,153: DEBUG: In 'R1', 364 out of 383 loci will be removed due to having no minor allele or having more than 100.0% missing genotypes
2014-01-27 16:33:38,679: DEBUG: In 'R1', 362 out of 383 loci will be removed due to having no minor allele or having more than 100.0% missing genotypes
2014-01-27 16:33:41,455: DEBUG: In 'R1', 366 out of 383 loci will be removed due to having no minor allele or having more than 100.0% missing genotypes
2014-01-27 16:33:41,458: DEBUG: In 'R1', 363 out of 383 loci will be removed due to having no minor allele or having more than 100.0% missing genotypes
2014-01-27 16:33:41,565: DEBUG: In 'R1', 365 out of 383 loci will be removed due to having no minor allele or having more than 100.0% missing genotypes
2014-01-27 16:33:42,101: DEBUG: In 'R1', 366 out of 383 loci will be removed due to having no minor allele or having more than 100.0% missing genotypes
2014-01-27 16:33:44,818: DEBUG: In 'R1', 363 out of 383 loci will be removed due to having no minor allele or having more than 100.0% missing genotypes
2014-01-27 16:33:44,829: DEBUG: In 'R1', 367 out of 383 loci will be removed due to having no minor allele or having more than 100.0% missing genotypes
2014-01-27 16:33:44,969: DEBUG: In 'R1', 364 out of 383 loci will be removed due to having no minor allele or having more than 100.0% missing genotypes
2014-01-27 16:33:45,489: DEBUG: In 'R1', 358 out of 383 loci will be removed due to having no minor allele or having more than 100.0% missing genotypes
2014-01-27 16:33:48,184: DEBUG: In 'R1', 362 out of 383 loci will be removed due to having no minor allele or having more than 100.0% missing genotypes
2014-01-27 16:33:48,212: DEBUG: In 'R1', 364 out of 383 loci will be removed due to having no minor allele or having more than 100.0% missing genotypes
2014-01-27 16:33:48,348: DEBUG: In 'R1', 359 out of 383 loci will be removed due to having no minor allele or having more than 100.0% missing genotypes
2014-01-27 16:33:48,918: DEBUG: In 'R1', 365 out of 383 loci will be removed due to having no minor allele or having more than 100.0% missing genotypes
2014-01-27 16:33:51,750: DEBUG: In 'R1', 364 out of 383 loci will be removed due to having no minor allele or having more than 100.0% missing genotypes
2014-01-27 16:33:51,770: DEBUG: In 'R1', 367 out of 383 loci will be removed due to having no minor allele or having more than 100.0% missing genotypes
2014-01-27 16:33:51,964: DEBUG: In 'R1', 359 out of 383 loci will be removed due to having no minor allele or having more than 100.0% missing genotypes
2014-01-27 16:33:52,450: DEBUG: In 'R1', 365 out of 383 loci will be removed due to having no minor allele or having more than 100.0% missing genotypes
2014-01-27 16:33:55,152: DEBUG: In 'R1', 361 out of 383 loci will be removed due to having no minor allele or having more than 100.0% missing genotypes
2014-01-27 16:33:55,160: DEBUG: In 'R1', 361 out of 383 loci will be removed due to having no minor allele or having more than 100.0% missing genotypes
2014-01-27 16:33:55,398: DEBUG: In 'R1', 366 out of 383 loci will be removed due to having no minor allele or having more than 100.0% missing genotypes
2014-01-27 16:33:55,820: DEBUG: In 'R1', 366 out of 383 loci will be removed due to having no minor allele or having more than 100.0% missing genotypes
2014-01-27 16:33:58,566: DEBUG: In 'R1', 363 out of 383 loci will be removed due to having no minor allele or having more than 100.0% missing genotypes
2014-01-27 16:33:58,576: DEBUG: In 'R1', 371 out of 383 loci will be removed due to having no minor allele or having more than 100.0% missing genotypes
2014-01-27 16:33:58,750: DEBUG: In 'R1', 365 out of 383 loci will be removed due to having no minor allele or having more than 100.0% missing genotypes
2014-01-27 16:33:59,185: DEBUG: In 'R1', 364 out of 383 loci will be removed due to having no minor allele or having more than 100.0% missing genotypes
2014-01-27 16:34:01,948: DEBUG: In 'R1', 367 out of 383 loci will be removed due to having no minor allele or having more than 100.0% missing genotypes
2014-01-27 16:34:01,953: DEBUG: In 'R1', 357 out of 383 loci will be removed due to having no minor allele or having more than 100.0% missing genotypes
2014-01-27 16:34:02,136: DEBUG: In 'R1', 364 out of 383 loci will be removed due to having no minor allele or having more than 100.0% missing genotypes
2014-01-27 16:34:02,568: DEBUG: In 'R1', 362 out of 383 loci will be removed due to having no minor allele or having more than 100.0% missing genotypes
2014-01-27 16:34:05,313: DEBUG: In 'R1', 362 out of 383 loci will be removed due to having no minor allele or having more than 100.0% missing genotypes
2014-01-27 16:34:05,414: DEBUG: In 'R1', 364 out of 383 loci will be removed due to having no minor allele or having more than 100.0% missing genotypes
2014-01-27 16:34:05,547: DEBUG: In 'R1', 366 out of 383 loci will be removed due to having no minor allele or having more than 100.0% missing genotypes
2014-01-27 16:34:05,994: DEBUG: In 'R1', 359 out of 383 loci will be removed due to having no minor allele or having more than 100.0% missing genotypes
2014-01-27 16:34:08,726: DEBUG: In 'R1', 365 out of 383 loci will be removed due to having no minor allele or having more than 100.0% missing genotypes
2014-01-27 16:34:08,864: DEBUG: In 'R1', 362 out of 383 loci will be removed due to having no minor allele or having more than 100.0% missing genotypes
2014-01-27 16:34:08,917: DEBUG: In 'R1', 359 out of 383 loci will be removed due to having no minor allele or having more than 100.0% missing genotypes
2014-01-27 16:34:09,412: DEBUG: In 'R1', 366 out of 383 loci will be removed due to having no minor allele or having more than 100.0% missing genotypes
2014-01-27 16:34:12,113: DEBUG: In 'R1', 361 out of 383 loci will be removed due to having no minor allele or having more than 100.0% missing genotypes
2014-01-27 16:34:12,290: DEBUG: In 'R1', 364 out of 383 loci will be removed due to having no minor allele or having more than 100.0% missing genotypes
2014-01-27 16:34:12,363: DEBUG: In 'R1', 364 out of 383 loci will be removed due to having no minor allele or having more than 100.0% missing genotypes
2014-01-27 16:34:12,791: DEBUG: In 'R1', 362 out of 383 loci will be removed due to having no minor allele or having more than 100.0% missing genotypes
2014-01-27 16:34:15,544: DEBUG: In 'R1', 368 out of 383 loci will be removed due to having no minor allele or having more than 100.0% missing genotypes
2014-01-27 16:34:15,725: DEBUG: In 'R1', 367 out of 383 loci will be removed due to having no minor allele or having more than 100.0% missing genotypes
2014-01-27 16:34:15,762: DEBUG: In 'R1', 364 out of 383 loci will be removed due to having no minor allele or having more than 100.0% missing genotypes
2014-01-27 16:34:16,218: DEBUG: In 'R1', 365 out of 383 loci will be removed due to having no minor allele or having more than 100.0% missing genotypes
2014-01-27 16:34:18,905: DEBUG: In 'R1', 359 out of 383 loci will be removed due to having no minor allele or having more than 100.0% missing genotypes
2014-01-27 16:34:19,115: DEBUG: In 'R1', 360 out of 383 loci will be removed due to having no minor allele or having more than 100.0% missing genotypes
2014-01-27 16:34:19,154: DEBUG: In 'R1', 365 out of 383 loci will be removed due to having no minor allele or having more than 100.0% missing genotypes
2014-01-27 16:34:19,608: DEBUG: In 'R1', 368 out of 383 loci will be removed due to having no minor allele or having more than 100.0% missing genotypes
2014-01-27 16:34:22,334: DEBUG: In 'R1', 364 out of 383 loci will be removed due to having no minor allele or having more than 100.0% missing genotypes
2014-01-27 16:34:22,568: DEBUG: In 'R1', 369 out of 383 loci will be removed due to having no minor allele or having more than 100.0% missing genotypes
2014-01-27 16:34:22,577: DEBUG: In 'R1', 371 out of 383 loci will be removed due to having no minor allele or having more than 100.0% missing genotypes
2014-01-27 16:34:22,967: DEBUG: In 'R1', 363 out of 383 loci will be removed due to having no minor allele or having more than 100.0% missing genotypes
2014-01-27 16:34:25,731: DEBUG: In 'R1', 361 out of 383 loci will be removed due to having no minor allele or having more than 100.0% missing genotypes
2014-01-27 16:34:25,933: DEBUG: In 'R1', 367 out of 383 loci will be removed due to having no minor allele or having more than 100.0% missing genotypes
2014-01-27 16:34:25,935: DEBUG: In 'R1', 360 out of 383 loci will be removed due to having no minor allele or having more than 100.0% missing genotypes
2014-01-27 16:34:26,368: DEBUG: In 'R1', 363 out of 383 loci will be removed due to having no minor allele or having more than 100.0% missing genotypes
2014-01-27 16:34:29,167: DEBUG: In 'R1', 364 out of 383 loci will be removed due to having no minor allele or having more than 100.0% missing genotypes
2014-01-27 16:34:29,348: DEBUG: In 'R1', 360 out of 383 loci will be removed due to having no minor allele or having more than 100.0% missing genotypes
2014-01-27 16:34:29,387: DEBUG: In 'R1', 366 out of 383 loci will be removed due to having no minor allele or having more than 100.0% missing genotypes
2014-01-27 16:34:29,843: DEBUG: In 'R1', 363 out of 383 loci will be removed due to having no minor allele or having more than 100.0% missing genotypes
2014-01-27 16:34:32,568: DEBUG: In 'R1', 364 out of 383 loci will be removed due to having no minor allele or having more than 100.0% missing genotypes
2014-01-27 16:34:32,770: DEBUG: In 'R1', 366 out of 383 loci will be removed due to having no minor allele or having more than 100.0% missing genotypes
2014-01-27 16:34:32,827: DEBUG: In 'R1', 366 out of 383 loci will be removed due to having no minor allele or having more than 100.0% missing genotypes
2014-01-27 16:34:33,276: DEBUG: In 'R1', 363 out of 383 loci will be removed due to having no minor allele or having more than 100.0% missing genotypes
2014-01-27 16:34:35,966: DEBUG: In 'R1', 364 out of 383 loci will be removed due to having no minor allele or having more than 100.0% missing genotypes
2014-01-27 16:34:36,199: DEBUG: In 'R1', 367 out of 383 loci will be removed due to having no minor allele or having more than 100.0% missing genotypes
2014-01-27 16:34:36,198: DEBUG: In 'R1', 362 out of 383 loci will be removed due to having no minor allele or having more than 100.0% missing genotypes
2014-01-27 16:34:36,712: DEBUG: In 'R1', 363 out of 383 loci will be removed due to having no minor allele or having more than 100.0% missing genotypes
2014-01-27 16:34:39,363: DEBUG: In 'R1', 364 out of 383 loci will be removed due to having no minor allele or having more than 100.0% missing genotypes
2014-01-27 16:34:39,537: DEBUG: In 'R1', 361 out of 383 loci will be removed due to having no minor allele or having more than 100.0% missing genotypes
2014-01-27 16:34:39,593: DEBUG: In 'R1', 361 out of 383 loci will be removed due to having no minor allele or having more than 100.0% missing genotypes
2014-01-27 16:34:40,098: DEBUG: In 'R1', 365 out of 383 loci will be removed due to having no minor allele or having more than 100.0% missing genotypes
2014-01-27 16:34:42,764: DEBUG: In 'R1', 365 out of 383 loci will be removed due to having no minor allele or having more than 100.0% missing genotypes
2014-01-27 16:34:42,991: DEBUG: In 'R1', 361 out of 383 loci will be removed due to having no minor allele or having more than 100.0% missing genotypes
2014-01-27 16:34:43,062: DEBUG: In 'R1', 365 out of 383 loci will be removed due to having no minor allele or having more than 100.0% missing genotypes
2014-01-27 16:34:43,526: DEBUG: In 'R1', 368 out of 383 loci will be removed due to having no minor allele or having more than 100.0% missing genotypes
2014-01-27 16:34:46,134: DEBUG: In 'R1', 367 out of 383 loci will be removed due to having no minor allele or having more than 100.0% missing genotypes
2014-01-27 16:34:46,398: DEBUG: In 'R1', 367 out of 383 loci will be removed due to having no minor allele or having more than 100.0% missing genotypes
2014-01-27 16:34:46,453: DEBUG: In 'R1', 362 out of 383 loci will be removed due to having no minor allele or having more than 100.0% missing genotypes
2014-01-27 16:34:46,868: DEBUG: In 'R1', 363 out of 383 loci will be removed due to having no minor allele or having more than 100.0% missing genotypes
2014-01-27 16:34:49,508: DEBUG: In 'R1', 364 out of 383 loci will be removed due to having no minor allele or having more than 100.0% missing genotypes
2014-01-27 16:34:49,800: DEBUG: In 'R1', 358 out of 383 loci will be removed due to having no minor allele or having more than 100.0% missing genotypes
2014-01-27 16:34:49,920: DEBUG: In 'R1', 362 out of 383 loci will be removed due to having no minor allele or having more than 100.0% missing genotypes
2014-01-27 16:34:50,330: DEBUG: In 'R1', 364 out of 383 loci will be removed due to having no minor allele or having more than 100.0% missing genotypes
2014-01-27 16:34:52,897: DEBUG: In 'R1', 361 out of 383 loci will be removed due to having no minor allele or having more than 100.0% missing genotypes
2014-01-27 16:34:53,236: DEBUG: In 'R1', 364 out of 383 loci will be removed due to having no minor allele or having more than 100.0% missing genotypes
2014-01-27 16:34:53,352: DEBUG: In 'R1', 368 out of 383 loci will be removed due to having no minor allele or having more than 100.0% missing genotypes
2014-01-27 16:34:53,738: DEBUG: In 'R1', 364 out of 383 loci will be removed due to having no minor allele or having more than 100.0% missing genotypes
2014-01-27 16:34:56,462: DEBUG: In 'R1', 365 out of 383 loci will be removed due to having no minor allele or having more than 100.0% missing genotypes
2014-01-27 16:34:56,795: DEBUG: In 'R1', 363 out of 383 loci will be removed due to having no minor allele or having more than 100.0% missing genotypes
2014-01-27 16:34:56,901: DEBUG: In 'R1', 360 out of 383 loci will be removed due to having no minor allele or having more than 100.0% missing genotypes
2014-01-27 16:34:57,298: DEBUG: In 'R1', 363 out of 383 loci will be removed due to having no minor allele or having more than 100.0% missing genotypes
2014-01-27 16:34:59,900: DEBUG: In 'R1', 358 out of 383 loci will be removed due to having no minor allele or having more than 100.0% missing genotypes
2014-01-27 16:35:00,258: DEBUG: In 'R1', 361 out of 383 loci will be removed due to having no minor allele or having more than 100.0% missing genotypes
2014-01-27 16:35:00,416: DEBUG: In 'R1', 357 out of 383 loci will be removed due to having no minor allele or having more than 100.0% missing genotypes
2014-01-27 16:35:00,742: DEBUG: In 'R1', 359 out of 383 loci will be removed due to having no minor allele or having more than 100.0% missing genotypes
2014-01-27 16:35:03,352: DEBUG: In 'R1', 368 out of 383 loci will be removed due to having no minor allele or having more than 100.0% missing genotypes
2014-01-27 16:35:03,673: DEBUG: In 'R1', 364 out of 383 loci will be removed due to having no minor allele or having more than 100.0% missing genotypes
2014-01-27 16:35:03,951: DEBUG: In 'R1', 372 out of 383 loci will be removed due to having no minor allele or having more than 100.0% missing genotypes
2014-01-27 16:35:04,214: DEBUG: In 'R1', 372 out of 383 loci will be removed due to having no minor allele or having more than 100.0% missing genotypes
2014-01-27 16:35:06,713: DEBUG: In 'R1', 368 out of 383 loci will be removed due to having no minor allele or having more than 100.0% missing genotypes
2014-01-27 16:35:07,104: DEBUG: In 'R1', 362 out of 383 loci will be removed due to having no minor allele or having more than 100.0% missing genotypes
2014-01-27 16:35:07,264: DEBUG: In 'R1', 362 out of 383 loci will be removed due to having no minor allele or having more than 100.0% missing genotypes
2014-01-27 16:35:07,532: DEBUG: In 'R1', 367 out of 383 loci will be removed due to having no minor allele or having more than 100.0% missing genotypes
2014-01-27 16:35:10,063: DEBUG: In 'R1', 366 out of 383 loci will be removed due to having no minor allele or having more than 100.0% missing genotypes
2014-01-27 16:35:10,592: DEBUG: In 'R1', 365 out of 383 loci will be removed due to having no minor allele or having more than 100.0% missing genotypes
2014-01-27 16:35:10,708: DEBUG: In 'R1', 361 out of 383 loci will be removed due to having no minor allele or having more than 100.0% missing genotypes
2014-01-27 16:35:10,912: DEBUG: In 'R1', 364 out of 383 loci will be removed due to having no minor allele or having more than 100.0% missing genotypes
2014-01-27 16:35:13,400: DEBUG: In 'R1', 362 out of 383 loci will be removed due to having no minor allele or having more than 100.0% missing genotypes
2014-01-27 16:35:13,964: DEBUG: In 'R1', 362 out of 383 loci will be removed due to having no minor allele or having more than 100.0% missing genotypes
2014-01-27 16:35:14,120: DEBUG: In 'R1', 367 out of 383 loci will be removed due to having no minor allele or having more than 100.0% missing genotypes
2014-01-27 16:35:14,304: DEBUG: In 'R1', 367 out of 383 loci will be removed due to having no minor allele or having more than 100.0% missing genotypes
2014-01-27 16:35:16,816: DEBUG: In 'R1', 366 out of 383 loci will be removed due to having no minor allele or having more than 100.0% missing genotypes
2014-01-27 16:35:17,450: DEBUG: In 'R1', 359 out of 383 loci will be removed due to having no minor allele or having more than 100.0% missing genotypes
2014-01-27 16:35:17,497: DEBUG: In 'R1', 358 out of 383 loci will be removed due to having no minor allele or having more than 100.0% missing genotypes
2014-01-27 16:35:17,685: DEBUG: In 'R1', 363 out of 383 loci will be removed due to having no minor allele or having more than 100.0% missing genotypes
2014-01-27 16:35:20,184: DEBUG: In 'R1', 363 out of 383 loci will be removed due to having no minor allele or having more than 100.0% missing genotypes
2014-01-27 16:35:20,889: DEBUG: In 'R1', 367 out of 383 loci will be removed due to having no minor allele or having more than 100.0% missing genotypes
2014-01-27 16:35:20,978: DEBUG: In 'R1', 370 out of 383 loci will be removed due to having no minor allele or having more than 100.0% missing genotypes
2014-01-27 16:35:21,120: DEBUG: In 'R1', 358 out of 383 loci will be removed due to having no minor allele or having more than 100.0% missing genotypes
2014-01-27 16:35:23,626: DEBUG: In 'R1', 366 out of 383 loci will be removed due to having no minor allele or having more than 100.0% missing genotypes
2014-01-27 16:35:24,319: DEBUG: In 'R1', 358 out of 383 loci will be removed due to having no minor allele or having more than 100.0% missing genotypes
2014-01-27 16:35:24,363: DEBUG: In 'R1', 363 out of 383 loci will be removed due to having no minor allele or having more than 100.0% missing genotypes
2014-01-27 16:35:24,599: DEBUG: In 'R1', 363 out of 383 loci will be removed due to having no minor allele or having more than 100.0% missing genotypes
2014-01-27 16:35:27,001: DEBUG: In 'R1', 365 out of 383 loci will be removed due to having no minor allele or having more than 100.0% missing genotypes
2014-01-27 16:35:27,777: DEBUG: In 'R1', 365 out of 383 loci will be removed due to having no minor allele or having more than 100.0% missing genotypes
2014-01-27 16:35:27,784: DEBUG: In 'R1', 366 out of 383 loci will be removed due to having no minor allele or having more than 100.0% missing genotypes
2014-01-27 16:35:28,004: DEBUG: In 'R1', 369 out of 383 loci will be removed due to having no minor allele or having more than 100.0% missing genotypes
2014-01-27 16:35:30,428: DEBUG: In 'R1', 361 out of 383 loci will be removed due to having no minor allele or having more than 100.0% missing genotypes
2014-01-27 16:35:31,184: DEBUG: In 'R1', 357 out of 383 loci will be removed due to having no minor allele or having more than 100.0% missing genotypes
2014-01-27 16:35:31,223: DEBUG: In 'R1', 365 out of 383 loci will be removed due to having no minor allele or having more than 100.0% missing genotypes
2014-01-27 16:35:31,371: DEBUG: In 'R1', 366 out of 383 loci will be removed due to having no minor allele or having more than 100.0% missing genotypes
2014-01-27 16:35:33,853: DEBUG: In 'R1', 358 out of 383 loci will be removed due to having no minor allele or having more than 100.0% missing genotypes
2014-01-27 16:35:34,618: DEBUG: In 'R1', 359 out of 383 loci will be removed due to having no minor allele or having more than 100.0% missing genotypes
2014-01-27 16:35:34,651: DEBUG: In 'R1', 366 out of 383 loci will be removed due to having no minor allele or having more than 100.0% missing genotypes
2014-01-27 16:35:34,763: DEBUG: In 'R1', 357 out of 383 loci will be removed due to having no minor allele or having more than 100.0% missing genotypes
2014-01-27 16:35:37,689: DEBUG: In 'R1', 366 out of 383 loci will be removed due to having no minor allele or having more than 100.0% missing genotypes
2014-01-27 16:35:38,326: DEBUG: In 'R1', 361 out of 383 loci will be removed due to having no minor allele or having more than 100.0% missing genotypes
2014-01-27 16:35:38,404: DEBUG: In 'R1', 364 out of 383 loci will be removed due to having no minor allele or having more than 100.0% missing genotypes
2014-01-27 16:35:38,546: DEBUG: In 'R1', 366 out of 383 loci will be removed due to having no minor allele or having more than 100.0% missing genotypes
2014-01-27 16:35:41,073: DEBUG: In 'R1', 359 out of 383 loci will be removed due to having no minor allele or having more than 100.0% missing genotypes
2014-01-27 16:35:41,757: DEBUG: In 'R1', 368 out of 383 loci will be removed due to having no minor allele or having more than 100.0% missing genotypes
2014-01-27 16:35:41,813: DEBUG: In 'R1', 360 out of 383 loci will be removed due to having no minor allele or having more than 100.0% missing genotypes
2014-01-27 16:35:41,936: DEBUG: In 'R1', 361 out of 383 loci will be removed due to having no minor allele or having more than 100.0% missing genotypes
2014-01-27 16:35:44,547: DEBUG: In 'R1', 363 out of 383 loci will be removed due to having no minor allele or having more than 100.0% missing genotypes
2014-01-27 16:35:45,086: DEBUG: In 'R1', 373 out of 383 loci will be removed due to having no minor allele or having more than 100.0% missing genotypes
2014-01-27 16:35:45,269: DEBUG: In 'R1', 361 out of 383 loci will be removed due to having no minor allele or having more than 100.0% missing genotypes
2014-01-27 16:35:45,328: DEBUG: In 'R1', 362 out of 383 loci will be removed due to having no minor allele or having more than 100.0% missing genotypes
2014-01-27 16:35:47,960: DEBUG: In 'R1', 366 out of 383 loci will be removed due to having no minor allele or having more than 100.0% missing genotypes
2014-01-27 16:35:48,414: DEBUG: In 'R1', 364 out of 383 loci will be removed due to having no minor allele or having more than 100.0% missing genotypes
2014-01-27 16:35:48,699: DEBUG: In 'R1', 372 out of 383 loci will be removed due to having no minor allele or having more than 100.0% missing genotypes
2014-01-27 16:35:48,771: DEBUG: In 'R1', 369 out of 383 loci will be removed due to having no minor allele or having more than 100.0% missing genotypes
2014-01-27 16:35:51,365: DEBUG: In 'R1', 363 out of 383 loci will be removed due to having no minor allele or having more than 100.0% missing genotypes
2014-01-27 16:35:51,833: DEBUG: In 'R1', 361 out of 383 loci will be removed due to having no minor allele or having more than 100.0% missing genotypes
2014-01-27 16:35:52,033: DEBUG: In 'R1', 363 out of 383 loci will be removed due to having no minor allele or having more than 100.0% missing genotypes
2014-01-27 16:35:52,131: DEBUG: In 'R1', 361 out of 383 loci will be removed due to having no minor allele or having more than 100.0% missing genotypes
2014-01-27 16:35:54,800: DEBUG: In 'R1', 361 out of 383 loci will be removed due to having no minor allele or having more than 100.0% missing genotypes
2014-01-27 16:35:55,265: DEBUG: In 'R1', 366 out of 383 loci will be removed due to having no minor allele or having more than 100.0% missing genotypes
2014-01-27 16:35:55,459: DEBUG: In 'R1', 363 out of 383 loci will be removed due to having no minor allele or having more than 100.0% missing genotypes
2014-01-27 16:35:55,594: DEBUG: In 'R1', 358 out of 383 loci will be removed due to having no minor allele or having more than 100.0% missing genotypes
2014-01-27 16:35:59,242: DEBUG: In 'R1', 365 out of 383 loci will be removed due to having no minor allele or having more than 100.0% missing genotypes
2014-01-27 16:35:59,675: DEBUG: In 'R1', 365 out of 383 loci will be removed due to having no minor allele or having more than 100.0% missing genotypes
2014-01-27 16:35:59,836: DEBUG: In 'R1', 366 out of 383 loci will be removed due to having no minor allele or having more than 100.0% missing genotypes
2014-01-27 16:36:00,020: DEBUG: In 'R1', 365 out of 383 loci will be removed due to having no minor allele or having more than 100.0% missing genotypes
2014-01-27 16:36:02,618: DEBUG: In 'R1', 355 out of 383 loci will be removed due to having no minor allele or having more than 100.0% missing genotypes
2014-01-27 16:36:03,067: DEBUG: In 'R1', 358 out of 383 loci will be removed due to having no minor allele or having more than 100.0% missing genotypes
2014-01-27 16:36:03,202: DEBUG: In 'R1', 363 out of 383 loci will be removed due to having no minor allele or having more than 100.0% missing genotypes
2014-01-27 16:36:03,393: DEBUG: In 'R1', 366 out of 383 loci will be removed due to having no minor allele or having more than 100.0% missing genotypes
2014-01-27 16:36:06,114: DEBUG: In 'R1', 361 out of 383 loci will be removed due to having no minor allele or having more than 100.0% missing genotypes
2014-01-27 16:36:06,570: DEBUG: In 'R1', 362 out of 383 loci will be removed due to having no minor allele or having more than 100.0% missing genotypes
2014-01-27 16:36:06,619: DEBUG: In 'R1', 360 out of 383 loci will be removed due to having no minor allele or having more than 100.0% missing genotypes
2014-01-27 16:36:06,807: DEBUG: In 'R1', 362 out of 383 loci will be removed due to having no minor allele or having more than 100.0% missing genotypes
2014-01-27 16:36:09,540: DEBUG: In 'R1', 360 out of 383 loci will be removed due to having no minor allele or having more than 100.0% missing genotypes
2014-01-27 16:36:10,000: DEBUG: In 'R1', 364 out of 383 loci will be removed due to having no minor allele or having more than 100.0% missing genotypes
2014-01-27 16:36:10,054: DEBUG: In 'R1', 363 out of 383 loci will be removed due to having no minor allele or having more than 100.0% missing genotypes
2014-01-27 16:36:10,227: DEBUG: In 'R1', 360 out of 383 loci will be removed due to having no minor allele or having more than 100.0% missing genotypes
2014-01-27 16:36:12,974: DEBUG: In 'R1', 359 out of 383 loci will be removed due to having no minor allele or having more than 100.0% missing genotypes
2014-01-27 16:36:13,446: DEBUG: In 'R1', 367 out of 383 loci will be removed due to having no minor allele or having more than 100.0% missing genotypes
2014-01-27 16:36:13,464: DEBUG: In 'R1', 364 out of 383 loci will be removed due to having no minor allele or having more than 100.0% missing genotypes
2014-01-27 16:36:13,653: DEBUG: In 'R1', 363 out of 383 loci will be removed due to having no minor allele or having more than 100.0% missing genotypes
2014-01-27 16:36:16,576: DEBUG: In 'R1', 365 out of 383 loci will be removed due to having no minor allele or having more than 100.0% missing genotypes
2014-01-27 16:36:16,980: DEBUG: In 'R1', 363 out of 383 loci will be removed due to having no minor allele or having more than 100.0% missing genotypes
2014-01-27 16:36:17,033: DEBUG: In 'R1', 359 out of 383 loci will be removed due to having no minor allele or having more than 100.0% missing genotypes
2014-01-27 16:36:17,252: DEBUG: In 'R1', 365 out of 383 loci will be removed due to having no minor allele or having more than 100.0% missing genotypes
2014-01-27 16:36:22,278: DEBUG: In 'R1', 364 out of 383 loci will be removed due to having no minor allele or having more than 100.0% missing genotypes
2014-01-27 16:36:23,152: DEBUG: In 'R1', 369 out of 383 loci will be removed due to having no minor allele or having more than 100.0% missing genotypes
2014-01-27 16:36:23,256: DEBUG: In 'R1', 362 out of 383 loci will be removed due to having no minor allele or having more than 100.0% missing genotypes
2014-01-27 16:36:23,608: DEBUG: In 'R1', 365 out of 383 loci will be removed due to having no minor allele or having more than 100.0% missing genotypes
2014-01-27 16:36:29,135: DEBUG: In 'R1', 363 out of 383 loci will be removed due to having no minor allele or having more than 100.0% missing genotypes
2014-01-27 16:36:29,912: DEBUG: In 'R1', 361 out of 383 loci will be removed due to having no minor allele or having more than 100.0% missing genotypes
2014-01-27 16:36:30,151: DEBUG: In 'R1', 363 out of 383 loci will be removed due to having no minor allele or having more than 100.0% missing genotypes
2014-01-27 16:36:30,500: DEBUG: In 'R1', 363 out of 383 loci will be removed due to having no minor allele or having more than 100.0% missing genotypes
2014-01-27 16:36:34,668: DEBUG: In 'R1', 366 out of 383 loci will be removed due to having no minor allele or having more than 100.0% missing genotypes
2014-01-27 16:36:35,615: DEBUG: In 'R1', 364 out of 383 loci will be removed due to having no minor allele or having more than 100.0% missing genotypes
2014-01-27 16:36:35,660: DEBUG: In 'R1', 366 out of 383 loci will be removed due to having no minor allele or having more than 100.0% missing genotypes
2014-01-27 16:36:36,088: DEBUG: In 'R1', 356 out of 383 loci will be removed due to having no minor allele or having more than 100.0% missing genotypes
2014-01-27 16:36:38,794: DEBUG: In 'R1', 367 out of 383 loci will be removed due to having no minor allele or having more than 100.0% missing genotypes
2014-01-27 16:36:39,255: DEBUG: In 'R1', 365 out of 383 loci will be removed due to having no minor allele or having more than 100.0% missing genotypes
2014-01-27 16:36:39,279: DEBUG: In 'R1', 366 out of 383 loci will be removed due to having no minor allele or having more than 100.0% missing genotypes
2014-01-27 16:36:39,568: DEBUG: In 'R1', 359 out of 383 loci will be removed due to having no minor allele or having more than 100.0% missing genotypes
2014-01-27 16:36:42,204: DEBUG: In 'R1', 363 out of 383 loci will be removed due to having no minor allele or having more than 100.0% missing genotypes
2014-01-27 16:36:42,682: DEBUG: In 'R1', 363 out of 383 loci will be removed due to having no minor allele or having more than 100.0% missing genotypes
2014-01-27 16:36:42,736: DEBUG: In 'R1', 366 out of 383 loci will be removed due to having no minor allele or having more than 100.0% missing genotypes
2014-01-27 16:36:43,025: DEBUG: In 'R1', 368 out of 383 loci will be removed due to having no minor allele or having more than 100.0% missing genotypes
2014-01-27 16:36:45,629: DEBUG: In 'R1', 366 out of 383 loci will be removed due to having no minor allele or having more than 100.0% missing genotypes
2014-01-27 16:36:46,101: DEBUG: In 'R1', 370 out of 383 loci will be removed due to having no minor allele or having more than 100.0% missing genotypes
2014-01-27 16:36:46,156: DEBUG: In 'R1', 360 out of 383 loci will be removed due to having no minor allele or having more than 100.0% missing genotypes
2014-01-27 16:36:46,422: DEBUG: In 'R1', 361 out of 383 loci will be removed due to having no minor allele or having more than 100.0% missing genotypes
2014-01-27 16:36:49,032: DEBUG: In 'R1', 366 out of 383 loci will be removed due to having no minor allele or having more than 100.0% missing genotypes
2014-01-27 16:36:49,426: DEBUG: In 'R1', 362 out of 383 loci will be removed due to having no minor allele or having more than 100.0% missing genotypes
2014-01-27 16:36:49,628: DEBUG: In 'R1', 358 out of 383 loci will be removed due to having no minor allele or having more than 100.0% missing genotypes
2014-01-27 16:36:49,859: DEBUG: In 'R1', 366 out of 383 loci will be removed due to having no minor allele or having more than 100.0% missing genotypes
2014-01-27 16:36:52,424: DEBUG: In 'R1', 369 out of 383 loci will be removed due to having no minor allele or having more than 100.0% missing genotypes
2014-01-27 16:36:52,878: DEBUG: In 'R1', 364 out of 383 loci will be removed due to having no minor allele or having more than 100.0% missing genotypes
2014-01-27 16:36:53,142: DEBUG: In 'R1', 365 out of 383 loci will be removed due to having no minor allele or having more than 100.0% missing genotypes
2014-01-27 16:36:53,263: DEBUG: In 'R1', 364 out of 383 loci will be removed due to having no minor allele or having more than 100.0% missing genotypes
2014-01-27 16:36:55,809: DEBUG: In 'R1', 364 out of 383 loci will be removed due to having no minor allele or having more than 100.0% missing genotypes
2014-01-27 16:36:56,265: DEBUG: In 'R1', 360 out of 383 loci will be removed due to having no minor allele or having more than 100.0% missing genotypes
2014-01-27 16:36:56,547: DEBUG: In 'R1', 359 out of 383 loci will be removed due to having no minor allele or having more than 100.0% missing genotypes
2014-01-27 16:36:56,661: DEBUG: In 'R1', 369 out of 383 loci will be removed due to having no minor allele or having more than 100.0% missing genotypes
2014-01-27 16:36:59,220: DEBUG: In 'R1', 365 out of 383 loci will be removed due to having no minor allele or having more than 100.0% missing genotypes
2014-01-27 16:36:59,740: DEBUG: In 'R1', 362 out of 383 loci will be removed due to having no minor allele or having more than 100.0% missing genotypes
2014-01-27 16:37:00,074: DEBUG: In 'R1', 361 out of 383 loci will be removed due to having no minor allele or having more than 100.0% missing genotypes
2014-01-27 16:37:00,109: DEBUG: In 'R1', 368 out of 383 loci will be removed due to having no minor allele or having more than 100.0% missing genotypes
2014-01-27 16:37:02,825: DEBUG: In 'R1', 364 out of 383 loci will be removed due to having no minor allele or having more than 100.0% missing genotypes
2014-01-27 16:37:03,298: DEBUG: In 'R1', 362 out of 383 loci will be removed due to having no minor allele or having more than 100.0% missing genotypes
2014-01-27 16:37:03,551: DEBUG: In 'R1', 370 out of 383 loci will be removed due to having no minor allele or having more than 100.0% missing genotypes
2014-01-27 16:37:03,608: DEBUG: In 'R1', 369 out of 383 loci will be removed due to having no minor allele or having more than 100.0% missing genotypes
2014-01-27 16:37:06,261: DEBUG: In 'R1', 363 out of 383 loci will be removed due to having no minor allele or having more than 100.0% missing genotypes
2014-01-27 16:37:06,701: DEBUG: In 'R1', 360 out of 383 loci will be removed due to having no minor allele or having more than 100.0% missing genotypes
2014-01-27 16:37:06,879: DEBUG: In 'R1', 362 out of 383 loci will be removed due to having no minor allele or having more than 100.0% missing genotypes
2014-01-27 16:37:06,953: DEBUG: In 'R1', 363 out of 383 loci will be removed due to having no minor allele or having more than 100.0% missing genotypes
2014-01-27 16:37:09,731: DEBUG: In 'R1', 362 out of 383 loci will be removed due to having no minor allele or having more than 100.0% missing genotypes
2014-01-27 16:37:10,166: DEBUG: In 'R1', 366 out of 383 loci will be removed due to having no minor allele or having more than 100.0% missing genotypes
2014-01-27 16:37:10,323: DEBUG: In 'R1', 366 out of 383 loci will be removed due to having no minor allele or having more than 100.0% missing genotypes
2014-01-27 16:37:10,412: DEBUG: In 'R1', 366 out of 383 loci will be removed due to having no minor allele or having more than 100.0% missing genotypes
2014-01-27 16:37:13,185: DEBUG: In 'R1', 360 out of 383 loci will be removed due to having no minor allele or having more than 100.0% missing genotypes
2014-01-27 16:37:13,562: DEBUG: In 'R1', 361 out of 383 loci will be removed due to having no minor allele or having more than 100.0% missing genotypes
2014-01-27 16:37:13,720: DEBUG: In 'R1', 364 out of 383 loci will be removed due to having no minor allele or having more than 100.0% missing genotypes
2014-01-27 16:37:13,833: DEBUG: In 'R1', 357 out of 383 loci will be removed due to having no minor allele or having more than 100.0% missing genotypes
2014-01-27 16:37:16,665: DEBUG: In 'R1', 359 out of 383 loci will be removed due to having no minor allele or having more than 100.0% missing genotypes
2014-01-27 16:37:16,981: DEBUG: In 'R1', 367 out of 383 loci will be removed due to having no minor allele or having more than 100.0% missing genotypes
2014-01-27 16:37:17,163: DEBUG: In 'R1', 359 out of 383 loci will be removed due to having no minor allele or having more than 100.0% missing genotypes
2014-01-27 16:37:17,319: DEBUG: In 'R1', 363 out of 383 loci will be removed due to having no minor allele or having more than 100.0% missing genotypes
2014-01-27 16:37:20,140: DEBUG: In 'R1', 368 out of 383 loci will be removed due to having no minor allele or having more than 100.0% missing genotypes
2014-01-27 16:37:20,371: DEBUG: In 'R1', 366 out of 383 loci will be removed due to having no minor allele or having more than 100.0% missing genotypes
2014-01-27 16:37:20,618: DEBUG: In 'R1', 367 out of 383 loci will be removed due to having no minor allele or having more than 100.0% missing genotypes
2014-01-27 16:37:20,741: DEBUG: In 'R1', 361 out of 383 loci will be removed due to having no minor allele or having more than 100.0% missing genotypes
2014-01-27 16:37:23,549: DEBUG: In 'R1', 357 out of 383 loci will be removed due to having no minor allele or having more than 100.0% missing genotypes
2014-01-27 16:37:23,827: DEBUG: In 'R1', 367 out of 383 loci will be removed due to having no minor allele or having more than 100.0% missing genotypes
2014-01-27 16:37:24,055: DEBUG: In 'R1', 363 out of 383 loci will be removed due to having no minor allele or having more than 100.0% missing genotypes
2014-01-27 16:37:24,253: DEBUG: In 'R1', 366 out of 383 loci will be removed due to having no minor allele or having more than 100.0% missing genotypes
2014-01-27 16:37:27,070: DEBUG: In 'R1', 364 out of 383 loci will be removed due to having no minor allele or having more than 100.0% missing genotypes
2014-01-27 16:37:27,245: DEBUG: In 'R1', 362 out of 383 loci will be removed due to having no minor allele or having more than 100.0% missing genotypes
2014-01-27 16:37:27,528: DEBUG: In 'R1', 360 out of 383 loci will be removed due to having no minor allele or having more than 100.0% missing genotypes
2014-01-27 16:37:27,694: DEBUG: In 'R1', 370 out of 383 loci will be removed due to having no minor allele or having more than 100.0% missing genotypes
2014-01-27 16:37:30,450: DEBUG: In 'R1', 369 out of 383 loci will be removed due to having no minor allele or having more than 100.0% missing genotypes
2014-01-27 16:37:30,647: DEBUG: In 'R1', 366 out of 383 loci will be removed due to having no minor allele or having more than 100.0% missing genotypes
2014-01-27 16:37:30,922: DEBUG: In 'R1', 361 out of 383 loci will be removed due to having no minor allele or having more than 100.0% missing genotypes
2014-01-27 16:37:31,002: DEBUG: In 'R1', 364 out of 383 loci will be removed due to having no minor allele or having more than 100.0% missing genotypes
2014-01-27 16:37:33,771: DEBUG: In 'R1', 363 out of 383 loci will be removed due to having no minor allele or having more than 100.0% missing genotypes
2014-01-27 16:37:33,989: DEBUG: In 'R1', 360 out of 383 loci will be removed due to having no minor allele or having more than 100.0% missing genotypes
2014-01-27 16:37:34,333: DEBUG: In 'R1', 363 out of 383 loci will be removed due to having no minor allele or having more than 100.0% missing genotypes
2014-01-27 16:37:34,349: DEBUG: In 'R1', 361 out of 383 loci will be removed due to having no minor allele or having more than 100.0% missing genotypes
2014-01-27 16:37:37,146: DEBUG: In 'R1', 365 out of 383 loci will be removed due to having no minor allele or having more than 100.0% missing genotypes
2014-01-27 16:37:37,411: DEBUG: In 'R1', 363 out of 383 loci will be removed due to having no minor allele or having more than 100.0% missing genotypes
2014-01-27 16:37:37,734: DEBUG: In 'R1', 363 out of 383 loci will be removed due to having no minor allele or having more than 100.0% missing genotypes
2014-01-27 16:37:37,757: DEBUG: In 'R1', 358 out of 383 loci will be removed due to having no minor allele or having more than 100.0% missing genotypes
2014-01-27 16:37:40,535: DEBUG: In 'R1', 360 out of 383 loci will be removed due to having no minor allele or having more than 100.0% missing genotypes
2014-01-27 16:37:40,802: DEBUG: In 'R1', 365 out of 383 loci will be removed due to having no minor allele or having more than 100.0% missing genotypes
2014-01-27 16:37:41,119: DEBUG: In 'R1', 369 out of 383 loci will be removed due to having no minor allele or having more than 100.0% missing genotypes
2014-01-27 16:37:41,183: DEBUG: In 'R1', 361 out of 383 loci will be removed due to having no minor allele or having more than 100.0% missing genotypes
2014-01-27 16:37:43,943: DEBUG: In 'R1', 366 out of 383 loci will be removed due to having no minor allele or having more than 100.0% missing genotypes
2014-01-27 16:37:44,162: DEBUG: In 'R1', 367 out of 383 loci will be removed due to having no minor allele or having more than 100.0% missing genotypes
2014-01-27 16:37:44,444: DEBUG: In 'R1', 367 out of 383 loci will be removed due to having no minor allele or having more than 100.0% missing genotypes
2014-01-27 16:37:44,599: DEBUG: In 'R1', 361 out of 383 loci will be removed due to having no minor allele or having more than 100.0% missing genotypes
2014-01-27 16:37:47,269: DEBUG: In 'R1', 366 out of 383 loci will be removed due to having no minor allele or having more than 100.0% missing genotypes
2014-01-27 16:37:47,487: DEBUG: In 'R1', 358 out of 383 loci will be removed due to having no minor allele or having more than 100.0% missing genotypes
2014-01-27 16:37:47,781: DEBUG: In 'R1', 364 out of 383 loci will be removed due to having no minor allele or having more than 100.0% missing genotypes
2014-01-27 16:37:47,976: DEBUG: In 'R1', 364 out of 383 loci will be removed due to having no minor allele or having more than 100.0% missing genotypes
2014-01-27 16:37:50,634: DEBUG: In 'R1', 367 out of 383 loci will be removed due to having no minor allele or having more than 100.0% missing genotypes
2014-01-27 16:37:50,901: DEBUG: In 'R1', 361 out of 383 loci will be removed due to having no minor allele or having more than 100.0% missing genotypes
2014-01-27 16:37:51,153: DEBUG: In 'R1', 362 out of 383 loci will be removed due to having no minor allele or having more than 100.0% missing genotypes
2014-01-27 16:37:51,354: DEBUG: In 'R1', 362 out of 383 loci will be removed due to having no minor allele or having more than 100.0% missing genotypes
2014-01-27 16:37:54,001: DEBUG: In 'R1', 363 out of 383 loci will be removed due to having no minor allele or having more than 100.0% missing genotypes
2014-01-27 16:37:54,316: DEBUG: In 'R1', 364 out of 383 loci will be removed due to having no minor allele or having more than 100.0% missing genotypes
2014-01-27 16:37:54,578: DEBUG: In 'R1', 366 out of 383 loci will be removed due to having no minor allele or having more than 100.0% missing genotypes
2014-01-27 16:37:54,784: DEBUG: In 'R1', 364 out of 383 loci will be removed due to having no minor allele or having more than 100.0% missing genotypes
2014-01-27 16:37:57,420: DEBUG: In 'R1', 368 out of 383 loci will be removed due to having no minor allele or having more than 100.0% missing genotypes
2014-01-27 16:37:57,716: DEBUG: In 'R1', 361 out of 383 loci will be removed due to having no minor allele or having more than 100.0% missing genotypes
2014-01-27 16:37:57,961: DEBUG: In 'R1', 358 out of 383 loci will be removed due to having no minor allele or having more than 100.0% missing genotypes
2014-01-27 16:37:58,177: DEBUG: In 'R1', 359 out of 383 loci will be removed due to having no minor allele or having more than 100.0% missing genotypes
2014-01-27 16:38:00,862: DEBUG: In 'R1', 367 out of 383 loci will be removed due to having no minor allele or having more than 100.0% missing genotypes
2014-01-27 16:38:01,227: DEBUG: In 'R1', 365 out of 383 loci will be removed due to having no minor allele or having more than 100.0% missing genotypes
2014-01-27 16:38:01,587: DEBUG: In 'R1', 369 out of 383 loci will be removed due to having no minor allele or having more than 100.0% missing genotypes
2014-01-27 16:38:01,808: DEBUG: In 'R1', 361 out of 383 loci will be removed due to having no minor allele or having more than 100.0% missing genotypes
2014-01-27 16:38:04,765: DEBUG: In 'R1', 362 out of 383 loci will be removed due to having no minor allele or having more than 100.0% missing genotypes
2014-01-27 16:38:05,237: DEBUG: In 'R1', 365 out of 383 loci will be removed due to having no minor allele or having more than 100.0% missing genotypes
2014-01-27 16:38:05,520: DEBUG: In 'R1', 362 out of 383 loci will be removed due to having no minor allele or having more than 100.0% missing genotypes
2014-01-27 16:38:05,801: DEBUG: In 'R1', 361 out of 383 loci will be removed due to having no minor allele or having more than 100.0% missing genotypes
2014-01-27 16:38:08,683: DEBUG: In 'R1', 362 out of 383 loci will be removed due to having no minor allele or having more than 100.0% missing genotypes
2014-01-27 16:38:09,131: DEBUG: In 'R1', 368 out of 383 loci will be removed due to having no minor allele or having more than 100.0% missing genotypes
2014-01-27 16:38:09,458: DEBUG: In 'R1', 359 out of 383 loci will be removed due to having no minor allele or having more than 100.0% missing genotypes
2014-01-27 16:38:09,877: DEBUG: In 'R1', 365 out of 383 loci will be removed due to having no minor allele or having more than 100.0% missing genotypes
2014-01-27 16:38:12,421: DEBUG: In 'R1', 368 out of 383 loci will be removed due to having no minor allele or having more than 100.0% missing genotypes
2014-01-27 16:38:12,721: DEBUG: In 'R1', 371 out of 383 loci will be removed due to having no minor allele or having more than 100.0% missing genotypes
2014-01-27 16:38:13,141: DEBUG: In 'R1', 361 out of 383 loci will be removed due to having no minor allele or having more than 100.0% missing genotypes
2014-01-27 16:38:13,358: DEBUG: In 'R1', 363 out of 383 loci will be removed due to having no minor allele or having more than 100.0% missing genotypes
2014-01-27 16:38:15,973: DEBUG: In 'R1', 364 out of 383 loci will be removed due to having no minor allele or having more than 100.0% missing genotypes
2014-01-27 16:38:16,272: DEBUG: In 'R1', 362 out of 383 loci will be removed due to having no minor allele or having more than 100.0% missing genotypes
2014-01-27 16:38:16,784: DEBUG: In 'R1', 359 out of 383 loci will be removed due to having no minor allele or having more than 100.0% missing genotypes
2014-01-27 16:38:16,970: DEBUG: In 'R1', 367 out of 383 loci will be removed due to having no minor allele or having more than 100.0% missing genotypes
2014-01-27 16:38:19,570: DEBUG: In 'R1', 364 out of 383 loci will be removed due to having no minor allele or having more than 100.0% missing genotypes
2014-01-27 16:38:19,873: DEBUG: In 'R1', 362 out of 383 loci will be removed due to having no minor allele or having more than 100.0% missing genotypes
2014-01-27 16:38:20,496: DEBUG: In 'R1', 367 out of 383 loci will be removed due to having no minor allele or having more than 100.0% missing genotypes
2014-01-27 16:38:20,613: DEBUG: In 'R1', 367 out of 383 loci will be removed due to having no minor allele or having more than 100.0% missing genotypes
2014-01-27 16:38:23,163: DEBUG: In 'R1', 363 out of 383 loci will be removed due to having no minor allele or having more than 100.0% missing genotypes
2014-01-27 16:38:23,447: DEBUG: In 'R1', 369 out of 383 loci will be removed due to having no minor allele or having more than 100.0% missing genotypes
2014-01-27 16:38:23,959: DEBUG: In 'R1', 363 out of 383 loci will be removed due to having no minor allele or having more than 100.0% missing genotypes
2014-01-27 16:38:24,034: DEBUG: In 'R1', 371 out of 383 loci will be removed due to having no minor allele or having more than 100.0% missing genotypes
2014-01-27 16:38:26,579: DEBUG: In 'R1', 366 out of 383 loci will be removed due to having no minor allele or having more than 100.0% missing genotypes
2014-01-27 16:38:26,783: DEBUG: In 'R1', 365 out of 383 loci will be removed due to having no minor allele or having more than 100.0% missing genotypes
2014-01-27 16:38:27,339: DEBUG: In 'R1', 363 out of 383 loci will be removed due to having no minor allele or having more than 100.0% missing genotypes
2014-01-27 16:38:27,347: DEBUG: In 'R1', 362 out of 383 loci will be removed due to having no minor allele or having more than 100.0% missing genotypes
2014-01-27 16:38:29,962: DEBUG: In 'R1', 356 out of 383 loci will be removed due to having no minor allele or having more than 100.0% missing genotypes
2014-01-27 16:38:30,154: DEBUG: In 'R1', 365 out of 383 loci will be removed due to having no minor allele or having more than 100.0% missing genotypes
2014-01-27 16:38:30,739: DEBUG: In 'R1', 364 out of 383 loci will be removed due to having no minor allele or having more than 100.0% missing genotypes
2014-01-27 16:38:30,751: DEBUG: In 'R1', 362 out of 383 loci will be removed due to having no minor allele or having more than 100.0% missing genotypes
2014-01-27 16:38:33,412: DEBUG: In 'R1', 363 out of 383 loci will be removed due to having no minor allele or having more than 100.0% missing genotypes
2014-01-27 16:38:33,563: DEBUG: In 'R1', 358 out of 383 loci will be removed due to having no minor allele or having more than 100.0% missing genotypes
2014-01-27 16:38:34,126: DEBUG: In 'R1', 361 out of 383 loci will be removed due to having no minor allele or having more than 100.0% missing genotypes
2014-01-27 16:38:34,160: DEBUG: In 'R1', 359 out of 383 loci will be removed due to having no minor allele or having more than 100.0% missing genotypes
2014-01-27 16:38:36,812: DEBUG: In 'R1', 363 out of 383 loci will be removed due to having no minor allele or having more than 100.0% missing genotypes
2014-01-27 16:38:37,010: DEBUG: In 'R1', 366 out of 383 loci will be removed due to having no minor allele or having more than 100.0% missing genotypes
2014-01-27 16:38:37,536: DEBUG: In 'R1', 364 out of 383 loci will be removed due to having no minor allele or having more than 100.0% missing genotypes
2014-01-27 16:38:37,572: DEBUG: In 'R1', 358 out of 383 loci will be removed due to having no minor allele or having more than 100.0% missing genotypes
2014-01-27 16:38:40,183: DEBUG: In 'R1', 355 out of 383 loci will be removed due to having no minor allele or having more than 100.0% missing genotypes
2014-01-27 16:38:40,386: DEBUG: In 'R1', 368 out of 383 loci will be removed due to having no minor allele or having more than 100.0% missing genotypes
2014-01-27 16:38:40,917: DEBUG: In 'R1', 362 out of 383 loci will be removed due to having no minor allele or having more than 100.0% missing genotypes
2014-01-27 16:38:41,006: DEBUG: In 'R1', 358 out of 383 loci will be removed due to having no minor allele or having more than 100.0% missing genotypes
2014-01-27 16:38:43,657: DEBUG: In 'R1', 359 out of 383 loci will be removed due to having no minor allele or having more than 100.0% missing genotypes
2014-01-27 16:38:43,748: DEBUG: In 'R1', 363 out of 383 loci will be removed due to having no minor allele or having more than 100.0% missing genotypes
2014-01-27 16:38:44,315: DEBUG: In 'R1', 361 out of 383 loci will be removed due to having no minor allele or having more than 100.0% missing genotypes
2014-01-27 16:38:44,426: DEBUG: In 'R1', 366 out of 383 loci will be removed due to having no minor allele or having more than 100.0% missing genotypes
2014-01-27 16:38:47,138: DEBUG: In 'R1', 367 out of 383 loci will be removed due to having no minor allele or having more than 100.0% missing genotypes
2014-01-27 16:38:47,179: DEBUG: In 'R1', 365 out of 383 loci will be removed due to having no minor allele or having more than 100.0% missing genotypes
2014-01-27 16:38:47,752: DEBUG: In 'R1', 363 out of 383 loci will be removed due to having no minor allele or having more than 100.0% missing genotypes
2014-01-27 16:38:47,796: DEBUG: In 'R1', 361 out of 383 loci will be removed due to having no minor allele or having more than 100.0% missing genotypes
2014-01-27 16:38:50,496: DEBUG: In 'R1', 362 out of 383 loci will be removed due to having no minor allele or having more than 100.0% missing genotypes
2014-01-27 16:38:50,570: DEBUG: In 'R1', 361 out of 383 loci will be removed due to having no minor allele or having more than 100.0% missing genotypes
2014-01-27 16:38:51,124: DEBUG: In 'R1', 355 out of 383 loci will be removed due to having no minor allele or having more than 100.0% missing genotypes
2014-01-27 16:38:51,199: DEBUG: In 'R1', 364 out of 383 loci will be removed due to having no minor allele or having more than 100.0% missing genotypes
2014-01-27 16:38:53,881: DEBUG: In 'R1', 368 out of 383 loci will be removed due to having no minor allele or having more than 100.0% missing genotypes
2014-01-27 16:38:53,972: DEBUG: In 'R1', 358 out of 383 loci will be removed due to having no minor allele or having more than 100.0% missing genotypes
2014-01-27 16:38:54,589: DEBUG: In 'R1', 367 out of 383 loci will be removed due to having no minor allele or having more than 100.0% missing genotypes
2014-01-27 16:38:54,586: DEBUG: In 'R1', 365 out of 383 loci will be removed due to having no minor allele or having more than 100.0% missing genotypes
2014-01-27 16:38:57,400: DEBUG: In 'R1', 364 out of 383 loci will be removed due to having no minor allele or having more than 100.0% missing genotypes
2014-01-27 16:38:57,599: DEBUG: In 'R1', 367 out of 383 loci will be removed due to having no minor allele or having more than 100.0% missing genotypes
2014-01-27 16:38:58,142: DEBUG: In 'R1', 367 out of 383 loci will be removed due to having no minor allele or having more than 100.0% missing genotypes
2014-01-27 16:38:58,167: DEBUG: In 'R1', 364 out of 383 loci will be removed due to having no minor allele or having more than 100.0% missing genotypes
2014-01-27 16:39:00,895: DEBUG: In 'R1', 363 out of 383 loci will be removed due to having no minor allele or having more than 100.0% missing genotypes
2014-01-27 16:39:01,050: DEBUG: In 'R1', 360 out of 383 loci will be removed due to having no minor allele or having more than 100.0% missing genotypes
2014-01-27 16:39:01,572: DEBUG: In 'R1', 365 out of 383 loci will be removed due to having no minor allele or having more than 100.0% missing genotypes
2014-01-27 16:39:01,626: DEBUG: In 'R1', 364 out of 383 loci will be removed due to having no minor allele or having more than 100.0% missing genotypes
2014-01-27 16:39:04,290: DEBUG: In 'R1', 363 out of 383 loci will be removed due to having no minor allele or having more than 100.0% missing genotypes
2014-01-27 16:39:04,465: DEBUG: In 'R1', 356 out of 383 loci will be removed due to having no minor allele or having more than 100.0% missing genotypes
2014-01-27 16:39:04,940: DEBUG: In 'R1', 363 out of 383 loci will be removed due to having no minor allele or having more than 100.0% missing genotypes
2014-01-27 16:39:04,984: DEBUG: In 'R1', 363 out of 383 loci will be removed due to having no minor allele or having more than 100.0% missing genotypes
2014-01-27 16:39:07,845: DEBUG: In 'R1', 366 out of 383 loci will be removed due to having no minor allele or having more than 100.0% missing genotypes
2014-01-27 16:39:08,079: DEBUG: In 'R1', 361 out of 383 loci will be removed due to having no minor allele or having more than 100.0% missing genotypes
2014-01-27 16:39:08,498: DEBUG: In 'R1', 370 out of 383 loci will be removed due to having no minor allele or having more than 100.0% missing genotypes
2014-01-27 16:39:08,525: DEBUG: In 'R1', 363 out of 383 loci will be removed due to having no minor allele or having more than 100.0% missing genotypes
2014-01-27 16:39:11,212: DEBUG: In 'R1', 366 out of 383 loci will be removed due to having no minor allele or having more than 100.0% missing genotypes
2014-01-27 16:39:11,494: DEBUG: In 'R1', 361 out of 383 loci will be removed due to having no minor allele or having more than 100.0% missing genotypes
2014-01-27 16:39:11,817: DEBUG: In 'R1', 368 out of 383 loci will be removed due to having no minor allele or having more than 100.0% missing genotypes
2014-01-27 16:39:11,934: DEBUG: In 'R1', 366 out of 383 loci will be removed due to having no minor allele or having more than 100.0% missing genotypes
2014-01-27 16:39:14,650: DEBUG: In 'R1', 357 out of 383 loci will be removed due to having no minor allele or having more than 100.0% missing genotypes
2014-01-27 16:39:14,932: DEBUG: In 'R1', 363 out of 383 loci will be removed due to having no minor allele or having more than 100.0% missing genotypes
2014-01-27 16:39:15,194: DEBUG: In 'R1', 364 out of 383 loci will be removed due to having no minor allele or having more than 100.0% missing genotypes
2014-01-27 16:39:15,326: DEBUG: In 'R1', 367 out of 383 loci will be removed due to having no minor allele or having more than 100.0% missing genotypes
2014-01-27 16:39:18,095: DEBUG: In 'R1', 366 out of 383 loci will be removed due to having no minor allele or having more than 100.0% missing genotypes
2014-01-27 16:39:18,314: DEBUG: In 'R1', 364 out of 383 loci will be removed due to having no minor allele or having more than 100.0% missing genotypes
2014-01-27 16:39:18,569: DEBUG: In 'R1', 365 out of 383 loci will be removed due to having no minor allele or having more than 100.0% missing genotypes
2014-01-27 16:39:18,684: DEBUG: In 'R1', 362 out of 383 loci will be removed due to having no minor allele or having more than 100.0% missing genotypes
2014-01-27 16:39:21,492: DEBUG: In 'R1', 365 out of 383 loci will be removed due to having no minor allele or having more than 100.0% missing genotypes
2014-01-27 16:39:21,725: DEBUG: In 'R1', 366 out of 383 loci will be removed due to having no minor allele or having more than 100.0% missing genotypes
2014-01-27 16:39:21,975: DEBUG: In 'R1', 367 out of 383 loci will be removed due to having no minor allele or having more than 100.0% missing genotypes
2014-01-27 16:39:22,129: DEBUG: In 'R1', 365 out of 383 loci will be removed due to having no minor allele or having more than 100.0% missing genotypes
2014-01-27 16:39:24,840: DEBUG: In 'R1', 358 out of 383 loci will be removed due to having no minor allele or having more than 100.0% missing genotypes
2014-01-27 16:39:25,091: DEBUG: In 'R1', 365 out of 383 loci will be removed due to having no minor allele or having more than 100.0% missing genotypes
2014-01-27 16:39:25,323: DEBUG: In 'R1', 366 out of 383 loci will be removed due to having no minor allele or having more than 100.0% missing genotypes
2014-01-27 16:39:25,498: DEBUG: In 'R1', 362 out of 383 loci will be removed due to having no minor allele or having more than 100.0% missing genotypes
2014-01-27 16:39:28,315: DEBUG: In 'R1', 361 out of 383 loci will be removed due to having no minor allele or having more than 100.0% missing genotypes
2014-01-27 16:39:28,483: DEBUG: In 'R1', 364 out of 383 loci will be removed due to having no minor allele or having more than 100.0% missing genotypes
2014-01-27 16:39:28,714: DEBUG: In 'R1', 359 out of 383 loci will be removed due to having no minor allele or having more than 100.0% missing genotypes
2014-01-27 16:39:28,903: DEBUG: In 'R1', 362 out of 383 loci will be removed due to having no minor allele or having more than 100.0% missing genotypes
2014-01-27 16:39:31,790: DEBUG: In 'R1', 363 out of 383 loci will be removed due to having no minor allele or having more than 100.0% missing genotypes
2014-01-27 16:39:31,905: DEBUG: In 'R1', 362 out of 383 loci will be removed due to having no minor allele or having more than 100.0% missing genotypes
2014-01-27 16:39:32,199: DEBUG: In 'R1', 368 out of 383 loci will be removed due to having no minor allele or having more than 100.0% missing genotypes
2014-01-27 16:39:32,340: DEBUG: In 'R1', 360 out of 383 loci will be removed due to having no minor allele or having more than 100.0% missing genotypes
2014-01-27 16:39:35,196: DEBUG: In 'R1', 365 out of 383 loci will be removed due to having no minor allele or having more than 100.0% missing genotypes
2014-01-27 16:39:35,332: DEBUG: In 'R1', 367 out of 383 loci will be removed due to having no minor allele or having more than 100.0% missing genotypes
2014-01-27 16:39:35,561: DEBUG: In 'R1', 360 out of 383 loci will be removed due to having no minor allele or having more than 100.0% missing genotypes
2014-01-27 16:39:35,768: DEBUG: In 'R1', 361 out of 383 loci will be removed due to having no minor allele or having more than 100.0% missing genotypes
2014-01-27 16:39:38,606: DEBUG: In 'R1', 366 out of 383 loci will be removed due to having no minor allele or having more than 100.0% missing genotypes
2014-01-27 16:39:38,699: DEBUG: In 'R1', 360 out of 383 loci will be removed due to having no minor allele or having more than 100.0% missing genotypes
2014-01-27 16:39:39,059: DEBUG: In 'R1', 366 out of 383 loci will be removed due to having no minor allele or having more than 100.0% missing genotypes
2014-01-27 16:39:39,166: DEBUG: In 'R1', 363 out of 383 loci will be removed due to having no minor allele or having more than 100.0% missing genotypes
2014-01-27 16:39:41,972: DEBUG: In 'R1', 365 out of 383 loci will be removed due to having no minor allele or having more than 100.0% missing genotypes
2014-01-27 16:39:42,166: DEBUG: In 'R1', 365 out of 383 loci will be removed due to having no minor allele or having more than 100.0% missing genotypes
2014-01-27 16:39:42,417: DEBUG: In 'R1', 369 out of 383 loci will be removed due to having no minor allele or having more than 100.0% missing genotypes
2014-01-27 16:39:42,571: DEBUG: In 'R1', 367 out of 383 loci will be removed due to having no minor allele or having more than 100.0% missing genotypes
2014-01-27 16:39:45,363: DEBUG: In 'R1', 365 out of 383 loci will be removed due to having no minor allele or having more than 100.0% missing genotypes
2014-01-27 16:39:45,533: DEBUG: In 'R1', 361 out of 383 loci will be removed due to having no minor allele or having more than 100.0% missing genotypes
2014-01-27 16:39:45,801: DEBUG: In 'R1', 364 out of 383 loci will be removed due to having no minor allele or having more than 100.0% missing genotypes
2014-01-27 16:39:45,909: DEBUG: In 'R1', 368 out of 383 loci will be removed due to having no minor allele or having more than 100.0% missing genotypes
2014-01-27 16:39:48,722: DEBUG: In 'R1', 365 out of 383 loci will be removed due to having no minor allele or having more than 100.0% missing genotypes
2014-01-27 16:39:48,979: DEBUG: In 'R1', 364 out of 383 loci will be removed due to having no minor allele or having more than 100.0% missing genotypes
2014-01-27 16:39:49,194: DEBUG: In 'R1', 365 out of 383 loci will be removed due to having no minor allele or having more than 100.0% missing genotypes
2014-01-27 16:39:49,266: DEBUG: In 'R1', 363 out of 383 loci will be removed due to having no minor allele or having more than 100.0% missing genotypes
2014-01-27 16:39:52,143: DEBUG: In 'R1', 364 out of 383 loci will be removed due to having no minor allele or having more than 100.0% missing genotypes
2014-01-27 16:39:52,408: DEBUG: In 'R1', 359 out of 383 loci will be removed due to having no minor allele or having more than 100.0% missing genotypes
2014-01-27 16:39:52,635: DEBUG: In 'R1', 363 out of 383 loci will be removed due to having no minor allele or having more than 100.0% missing genotypes
2014-01-27 16:39:52,693: DEBUG: In 'R1', 362 out of 383 loci will be removed due to having no minor allele or having more than 100.0% missing genotypes
2014-01-27 16:39:55,564: DEBUG: In 'R1', 363 out of 383 loci will be removed due to having no minor allele or having more than 100.0% missing genotypes
2014-01-27 16:39:55,888: DEBUG: In 'R1', 357 out of 383 loci will be removed due to having no minor allele or having more than 100.0% missing genotypes
2014-01-27 16:39:56,067: DEBUG: In 'R1', 362 out of 383 loci will be removed due to having no minor allele or having more than 100.0% missing genotypes
2014-01-27 16:39:56,120: DEBUG: In 'R1', 364 out of 383 loci will be removed due to having no minor allele or having more than 100.0% missing genotypes
2014-01-27 16:39:56,510: DEBUG: alter table LOGIT add column cmaf_deleterious_median number
2014-01-27 16:39:56,511: DEBUG: alter table LOGIT add column cmaf_deleterious_std number
2014-01-27 16:39:56,512: DEBUG: alter table LOGIT add column cmaf_neutral_median number
2014-01-27 16:39:56,512: DEBUG: alter table LOGIT add column cmaf_neutral_std number
2014-01-27 16:39:56,512: DEBUG: alter table LOGIT add column cmaf_protective_median number
2014-01-27 16:39:56,513: DEBUG: alter table LOGIT add column cmaf_protective_std number
2014-01-27 16:39:56,513: DEBUG: alter table LOGIT add column _proportion_associated_deleterious number
2014-01-27 16:39:56,513: DEBUG: alter table LOGIT add column _proportion_associated_protective number
2014-01-27 16:39:56,515: DEBUG: Column names in table LOGIT:
title, name, method, power, power_median, power_std, case_cmaf, case_cmaf_median, case_cmaf_std, cmaf, cmaf_deleterious, cmaf_deleterious_median, cmaf_deleterious_std, cmaf_neutral, cmaf_neutral_median, cmaf_neutral_std, cmaf_protective, cmaf_protective_median, cmaf_protective_std, ctrl_cmaf, ctrl_cmaf_median, ctrl_cmaf_std, moi, ncases, nctrls, num_variants, num_variants_analyzed, num_variants_analyzed_median, num_variants_analyzed_std, sample_size, sample_size_analyzed, sample_size_analyzed_median, sample_size_analyzed_std, total_mac_analyzed, total_mac_analyzed_median, total_mac_analyzed_std, _or_common_deleterious, _or_common_protective, _or_rare_deleterious, _or_rare_protective, _alpha, _baseline_effect, _cmd, _p1, _proportion_associated_deleterious, _proportion_associated_protective, _replicates, _seed
2014-01-27 16:39:56,515: DEBUG: Column names in table LOGITloci:
title, name, case_maf, ctrl_maf, direction, effect_size, function_class, function_score, gf0, gf2, maf, population_attributable_risk, pos, sites_removal, variant_class
2014-01-27 16:39:56,523: INFO: Tuning [exercise.SEQPowerDB] ...
2014-01-27 16:39:56,524: DEBUG:  DELETE FROM LOGIT WHERE rowid NOT IN (SELECT MAX(rowid) FROM LOGIT GROUP BY title,name,method,power,power_median,power_std,case_cmaf,case_cmaf_median,case_cmaf_std,cmaf,cmaf_deleterious,cmaf_deleterious_median,cmaf_deleterious_std,cmaf_neutral,cmaf_neutral_median,cmaf_neutral_std,cmaf_protective,cmaf_protective_median,cmaf_protective_std,ctrl_cmaf,ctrl_cmaf_median,ctrl_cmaf_std,moi,ncases,nctrls,num_variants,num_variants_analyzed,num_variants_analyzed_median,num_variants_analyzed_std,sample_size,sample_size_analyzed,sample_size_analyzed_median,sample_size_analyzed_std,total_mac_analyzed,total_mac_analyzed_median,total_mac_analyzed_std,_or_common_deleterious,_or_common_protective,_or_rare_deleterious,_or_rare_protective,_alpha,_baseline_effect,_cmd,_p1,_proportion_associated_deleterious,_proportion_associated_protective,_replicates,_seed)
2014-01-27 16:39:56,525: INFO: Result saved to [exercise.csv/.loci.csv/.SEQPowerDB]
